image_path,x1,y1,x2,y2,idx,duration
package_aa/100017312-1_1_1/100017312-1_1_1.png,249,0,285,123,0,quarter
package_aa/100017312-1_1_1/100017312-1_1_1.png,331,0,367,123,1,quarter
package_aa/100017312-1_1_1/100017312-1_1_1.png,414,0,450,123,2,quarter
package_aa/100017312-1_1_1/100017312-1_1_1.png,533,0,567,123,3,half
package_aa/100017312-1_1_1/100017312-1_1_1.png,654,0,696,123,4,quarter
package_aa/100017312-1_1_1/100017312-1_1_1.png,737,0,779,123,5,quarter
package_aa/100017312-1_1_1/100017312-1_1_1.png,859,0,894,123,6,half
package_aa/100017312-1_1_1/100017312-1_1_1.png,984,0,1019,123,7,half
package_aa/100017312-1_1_1/100017312-1_1_1.png,1270,0,1306,123,8,quarter
package_aa/100017312-1_1_1/100017312-1_1_1.png,1352,0,1388,123,9,quarter
package_aa/100017312-1_1_1/100017312-1_1_1.png,1471,0,1507,123,10,quarter
package_aa/100017312-1_1_1/100017312-1_1_1.png,1553,0,1589,123,11,quarter
package_aa/100017312-1_1_1/100017312-1_1_1.png,1636,0,1672,123,12,quarter
package_aa/100017312-1_1_1/100017312-1_1_1.png,1715,0,1757,123,13,quarter
package_aa/100017312-1_1_1/100017312-1_1_1.png,1858,0,1893,123,14,half
package_aa/000112457-1_1_1/000112457-1_1_1.png,176,0,223,128,0,eighth
package_aa/000112457-1_1_1/000112457-1_1_1.png,295,0,332,128,1,quarter
package_aa/000112457-1_1_1/000112457-1_1_1.png,364,0,401,128,2,eighth
package_aa/000112457-1_1_1/000112457-1_1_1.png,439,0,476,128,3,eighth
package_aa/000112457-1_1_1/000112457-1_1_1.png,484,0,521,128,4,eighth
package_aa/000112457-1_1_1/000112457-1_1_1.png,529,0,566,128,5,eighth
package_aa/000112457-1_1_1/000112457-1_1_1.png,605,0,642,128,6,quarter
package_aa/000112457-1_1_1/000112457-1_1_1.png,674,0,711,128,7,eighth
package_aa/000112457-1_1_1/000112457-1_1_1.png,750,0,787,128,8,quarter
package_aa/000112457-1_1_1/000112457-1_1_1.png,820,0,856,128,9,eighth
package_aa/000112457-1_1_1/000112457-1_1_1.png,895,0,931,128,10,quarter
package_aa/000112457-1_1_1/000112457-1_1_1.png,965,0,1001,128,11,eighth
package_ab/200044569-1_16_1/200044569-1_16_1.png,201,0,237,163,0,quarter
package_ab/200044569-1_16_1/200044569-1_16_1.png,269,0,306,163,1,thirty_second
package_ab/200044569-1_16_1/200044569-1_16_1.png,302,0,338,163,2,thirty_second
package_ab/200044569-1_16_1/200044569-1_16_1.png,333,0,370,163,3,thirty_second
package_ab/200044569-1_16_1/200044569-1_16_1.png,365,0,401,163,4,thirty_second
package_ab/200044569-1_16_1/200044569-1_16_1.png,417,0,454,163,5,eighth
package_ab/200044569-1_16_1/200044569-1_16_1.png,463,0,499,163,6,eighth
package_ab/200044569-1_16_1/200044569-1_16_1.png,507,0,544,163,7,eighth
package_ab/200044569-1_16_1/200044569-1_16_1.png,583,0,620,163,8,sixteenth
package_ab/200044569-1_16_1/200044569-1_16_1.png,615,0,652,163,9,sixteenth
package_ab/200044569-1_16_1/200044569-1_16_1.png,647,0,683,163,10,sixteenth
package_ab/200044569-1_16_1/200044569-1_16_1.png,679,0,715,163,11,sixteenth
package_ab/200044569-1_16_1/200044569-1_16_1.png,710,0,747,163,12,sixteenth
package_ab/200044569-1_16_1/200044569-1_16_1.png,742,0,779,163,13,sixteenth
package_ab/220020061-1_1_1/220020061-1_1_1.png,244,0,280,147,0,eighth
package_ab/220020061-1_1_1/220020061-1_1_1.png,288,0,325,147,1,eighth
package_ab/220020061-1_1_1/220020061-1_1_1.png,334,0,370,147,2,quarter
package_ab/220020061-1_1_1/220020061-1_1_1.png,402,0,439,147,3,eighth
package_ab/220020061-1_1_1/220020061-1_1_1.png,448,0,484,147,4,eighth
package_ab/220020061-1_1_1/220020061-1_1_1.png,523,0,560,147,5,quarter
package_ab/220020061-1_1_1/220020061-1_1_1.png,592,0,629,147,6,quarter
package_ab/220020061-1_1_1/220020061-1_1_1.png,661,0,698,147,7,quarter
package_ab/212003422-1_9_1/212003422-1_9_1.png,160,0,202,105,0,quarter
package_ab/212003422-1_9_1/212003422-1_9_1.png,232,0,268,105,1,quarter
package_ab/212003422-1_9_1/212003422-1_9_1.png,298,0,340,105,2,quarter
package_ab/212003422-1_9_1/212003422-1_9_1.png,400,0,436,105,3,sixteenth
package_ab/212003422-1_9_1/212003422-1_9_1.png,427,0,469,105,4,sixteenth
package_ab/212003422-1_9_1/212003422-1_9_1.png,460,0,496,105,5,eighth
package_ab/212003422-1_9_1/212003422-1_9_1.png,506,0,541,105,6,half
package_ab/212003422-1_9_1/212003422-1_9_1.png,637,0,679,105,7,quarter
package_ab/212003422-1_9_1/212003422-1_9_1.png,706,0,748,105,8,quarter
package_ab/212003422-1_9_1/212003422-1_9_1.png,778,0,814,105,9,quarter
package_ab/212003422-1_9_1/212003422-1_9_1.png,874,0,916,105,10,sixteenth
package_ab/212003422-1_9_1/212003422-1_9_1.png,908,0,944,105,11,sixteenth
package_ab/212003422-1_9_1/212003422-1_9_1.png,935,0,977,105,12,eighth
package_ab/212003422-1_9_1/212003422-1_9_1.png,984,0,1019,105,13,half
package_ab/190026535-1_1_1/190026535-1_1_1.png,145,0,182,173,0,eighth
package_ab/190026535-1_1_1/190026535-1_1_1.png,259,0,296,173,1,quarter
package_ab/190026535-1_1_1/190026535-1_1_1.png,328,0,365,173,2,quarter
package_ab/190026535-1_1_1/190026535-1_1_1.png,397,0,434,173,3,quarter
package_ab/190026535-1_1_1/190026535-1_1_1.png,511,0,548,173,4,eighth
package_ab/190026535-1_1_1/190026535-1_1_1.png,587,0,624,173,5,eighth
package_ab/190026535-1_1_1/190026535-1_1_1.png,632,0,669,173,6,sixteenth
package_ab/190026535-1_1_1/190026535-1_1_1.png,664,0,701,173,7,sixteenth
package_ab/190026535-1_1_1/190026535-1_1_1.png,695,0,732,173,8,sixteenth
package_ab/190026535-1_1_1/190026535-1_1_1.png,727,0,764,173,9,sixteenth
package_ab/190026535-1_1_1/190026535-1_1_1.png,758,0,795,173,10,sixteenth
package_ab/190026535-1_1_1/190026535-1_1_1.png,790,0,827,173,11,sixteenth
package_ab/190026535-1_1_1/190026535-1_1_1.png,821,0,858,173,12,eighth
package_ab/190026535-1_1_1/190026535-1_1_1.png,867,0,904,173,13,sixteenth
package_ab/190026535-1_1_1/190026535-1_1_1.png,898,0,935,173,14,sixteenth
package_ab/190026535-1_1_1/190026535-1_1_1.png,930,0,967,173,15,eighth
package_ab/190026535-1_1_1/190026535-1_1_1.png,975,0,1012,173,16,eighth
package_ab/190026535-1_1_1/190026535-1_1_1.png,1051,0,1088,173,17,eighth
package_ab/190026535-1_1_1/190026535-1_1_1.png,1095,0,1132,173,18,eighth
package_ab/190026535-1_1_1/190026535-1_1_1.png,1141,0,1178,173,19,eighth
package_ab/190026535-1_1_1/190026535-1_1_1.png,1185,0,1222,173,20,eighth
package_ab/190026535-1_1_1/190026535-1_1_1.png,1231,0,1268,173,21,quarter
package_ab/225001873-1_4_2/225001873-1_4_2.png,339,0,376,145,0,quarter
package_ab/225001873-1_4_2/225001873-1_4_2.png,408,0,445,145,1,quarter
package_ab/225001873-1_4_2/225001873-1_4_2.png,477,0,514,145,2,quarter
package_ab/225001873-1_4_2/225001873-1_4_2.png,591,0,628,145,3,eighth
package_ab/225001873-1_4_2/225001873-1_4_2.png,668,0,704,145,4,eighth
package_ab/225001873-1_4_2/225001873-1_4_2.png,712,0,749,145,5,eighth
package_ab/225001873-1_4_2/225001873-1_4_2.png,757,0,794,145,6,eighth
package_ab/225001873-1_4_2/225001873-1_4_2.png,802,0,839,145,7,eighth
package_ab/225001873-1_4_2/225001873-1_4_2.png,847,0,884,145,8,eighth
package_ab/225001873-1_4_2/225001873-1_4_2.png,892,0,929,145,9,eighth
package_ab/201008572-1_1_2/201008572-1_1_2.png,750,0,786,154,0,quarter
package_ab/201008572-1_1_2/201008572-1_1_2.png,868,0,915,154,1,whole
package_ab/201008572-1_1_2/201008572-1_1_2.png,1105,0,1139,154,2,half
package_ab/201008572-1_1_2/201008572-1_1_2.png,1231,0,1267,154,3,eighth
package_ab/201008572-1_1_2/201008572-1_1_2.png,1285,0,1322,154,4,eighth
package_ab/201008572-1_1_2/201008572-1_1_2.png,1339,0,1376,154,5,eighth
package_ab/201008572-1_1_2/201008572-1_1_2.png,1394,0,1431,154,6,eighth
package_ab/201008572-1_1_2/201008572-1_1_2.png,1486,0,1521,154,7,half
package_ab/201008572-1_1_2/201008572-1_1_2.png,1612,0,1649,154,8,quarter
package_ab/201008572-1_1_2/201008572-1_1_2.png,1695,0,1732,154,9,quarter
package_ab/201008572-1_1_2/201008572-1_1_2.png,1816,0,1853,154,10,quarter
package_ab/201008572-1_1_2/201008572-1_1_2.png,1899,0,1936,154,11,quarter
package_ab/211010700-1_2_1/211010700-1_2_1.png,133,0,170,173,0,quarter
package_ab/211010700-1_2_1/211010700-1_2_1.png,261,0,296,173,1,half
package_ab/211010700-1_2_1/211010700-1_2_1.png,365,0,402,173,2,quarter
package_ab/211010700-1_2_1/211010700-1_2_1.png,465,0,501,173,3,quarter
package_ab/211010700-1_2_1/211010700-1_2_1.png,534,0,571,173,4,quarter
package_ab/211010700-1_2_1/211010700-1_2_1.png,603,0,640,173,5,quarter
package_ab/211010700-1_2_1/211010700-1_2_1.png,703,0,740,173,6,quarter
package_ab/211010700-1_2_1/211010700-1_2_1.png,771,0,808,173,7,quarter
package_ab/211010700-1_2_1/211010700-1_2_1.png,841,0,878,173,8,quarter
package_ab/211010700-1_2_1/211010700-1_2_1.png,940,0,977,173,9,quarter
package_ab/211010700-1_2_1/211010700-1_2_1.png,1009,0,1046,173,10,quarter
package_ab/211010700-1_2_1/211010700-1_2_1.png,1078,0,1115,173,11,quarter
package_ab/211010700-1_2_1/211010700-1_2_1.png,1189,0,1226,173,12,quarter
package_ab/190007841-1_1_1/190007841-1_1_1.png,175,0,210,128,0,half
package_ab/190007841-1_1_1/190007841-1_1_1.png,280,0,317,128,1,quarter
package_ab/190007841-1_1_1/190007841-1_1_1.png,349,0,385,128,2,eighth
package_ab/190007841-1_1_1/190007841-1_1_1.png,394,0,431,128,3,eighth
package_ab/190007841-1_1_1/190007841-1_1_1.png,470,0,504,128,4,half
package_ab/190007841-1_1_1/190007841-1_1_1.png,575,0,611,128,5,quarter
package_ab/201005484-1_3_1/201005484-1_3_1.png,218,0,265,169,0,sixteenth
package_ab/201005484-1_3_1/201005484-1_3_1.png,255,0,292,169,1,sixteenth
package_ab/201005484-1_3_1/201005484-1_3_1.png,287,0,323,169,2,sixteenth
package_ab/201005484-1_3_1/201005484-1_3_1.png,319,0,356,169,3,sixteenth
package_ab/201005484-1_3_1/201005484-1_3_1.png,351,0,387,169,4,sixteenth
package_ab/201005484-1_3_1/201005484-1_3_1.png,377,0,424,169,5,sixteenth
package_ab/201005484-1_3_1/201005484-1_3_1.png,414,0,450,169,6,eighth
package_ab/201005484-1_3_1/201005484-1_3_1.png,459,0,495,169,7,sixteenth
package_ab/201005484-1_3_1/201005484-1_3_1.png,491,0,528,169,8,sixteenth
package_ab/201005484-1_3_1/201005484-1_3_1.png,523,0,559,169,9,sixteenth
package_ab/201005484-1_3_1/201005484-1_3_1.png,554,0,591,169,10,sixteenth
package_ab/201005484-1_3_1/201005484-1_3_1.png,586,0,622,169,11,sixteenth
package_ab/201005484-1_3_1/201005484-1_3_1.png,618,0,654,169,12,sixteenth
package_ab/201005484-1_3_1/201005484-1_3_1.png,678,0,715,169,13,eighth
package_ab/201005484-1_3_1/201005484-1_3_1.png,723,0,760,169,14,sixteenth
package_ab/201005484-1_3_1/201005484-1_3_1.png,755,0,791,169,15,sixteenth
package_ab/201005484-1_3_1/201005484-1_3_1.png,787,0,824,169,16,sixteenth
package_ab/201005484-1_3_1/201005484-1_3_1.png,819,0,855,169,17,sixteenth
package_ab/201005484-1_3_1/201005484-1_3_1.png,850,0,887,169,18,sixteenth
package_ab/201005484-1_3_1/201005484-1_3_1.png,882,0,918,169,19,sixteenth
package_ab/201005484-1_3_1/201005484-1_3_1.png,913,0,950,169,20,eighth
package_ab/201005484-1_3_1/201005484-1_3_1.png,959,0,995,169,21,sixteenth
package_ab/201005484-1_3_1/201005484-1_3_1.png,990,0,1027,169,22,sixteenth
package_ab/201005484-1_3_1/201005484-1_3_1.png,1022,0,1058,169,23,eighth
package_ab/201005484-1_3_1/201005484-1_3_1.png,1064,0,1106,169,24,eighth
package_ab/201005484-1_3_1/201005484-1_3_1.png,1137,0,1184,169,25,quarter
package_aa/000118243-1_1_1/000118243-1_1_1.png,162,0,209,150,0,quarter
package_aa/000118243-1_1_1/000118243-1_1_1.png,295,0,332,150,1,quarter
package_aa/000118243-1_1_1/000118243-1_1_1.png,364,0,401,150,2,eighth
package_aa/000118243-1_1_1/000118243-1_1_1.png,409,0,446,150,3,eighth
package_aa/000118243-1_1_1/000118243-1_1_1.png,454,0,491,150,4,eighth
package_aa/000118243-1_1_1/000118243-1_1_1.png,499,0,536,150,5,eighth
package_aa/000118243-1_1_1/000118243-1_1_1.png,544,0,580,150,6,eighth
package_aa/000118243-1_1_1/000118243-1_1_1.png,589,0,625,150,7,eighth
package_aa/000118243-1_1_1/000118243-1_1_1.png,664,0,701,150,8,quarter
package_aa/000118243-1_1_1/000118243-1_1_1.png,733,0,770,150,9,eighth
package_aa/000118243-1_1_1/000118243-1_1_1.png,778,0,815,150,10,eighth
package_aa/000118243-1_1_1/000118243-1_1_1.png,823,0,860,150,11,eighth
package_aa/000118243-1_1_1/000118243-1_1_1.png,868,0,905,150,12,eighth
package_aa/000118243-1_1_1/000118243-1_1_1.png,914,0,950,150,13,eighth
package_aa/000118243-1_1_1/000118243-1_1_1.png,959,0,995,150,14,eighth
package_aa/000118243-1_1_1/000118243-1_1_1.png,1034,0,1071,150,15,eighth
package_aa/000118243-1_1_1/000118243-1_1_1.png,1079,0,1116,150,16,eighth
package_aa/000118243-1_1_1/000118243-1_1_1.png,1124,0,1161,150,17,eighth
package_aa/000118243-1_1_1/000118243-1_1_1.png,1169,0,1205,150,18,eighth
package_aa/000118243-1_1_1/000118243-1_1_1.png,1214,0,1251,150,19,eighth
package_aa/000118243-1_1_1/000118243-1_1_1.png,1259,0,1295,150,20,eighth
package_aa/000118243-1_1_1/000118243-1_1_1.png,1304,0,1341,150,21,eighth
package_aa/000118243-1_1_1/000118243-1_1_1.png,1349,0,1385,150,22,eighth
package_aa/110002741-1_5_2/110002741-1_5_2.png,235,0,271,124,0,eighth
package_aa/110002741-1_5_2/110002741-1_5_2.png,310,0,347,124,1,eighth
package_aa/110002741-1_5_2/110002741-1_5_2.png,355,0,392,124,2,sixteenth
package_aa/110002741-1_5_2/110002741-1_5_2.png,387,0,423,124,3,sixteenth
package_aa/110002741-1_5_2/110002741-1_5_2.png,418,0,455,124,4,eighth
package_aa/110002741-1_5_2/110002741-1_5_2.png,463,0,500,124,5,eighth
package_aa/110002741-1_5_2/110002741-1_5_2.png,539,0,576,124,6,sixteenth
package_aa/110002741-1_5_2/110002741-1_5_2.png,571,0,607,124,7,sixteenth
package_aa/110002741-1_5_2/110002741-1_5_2.png,602,0,639,124,8,eighth
package_aa/110002741-1_5_2/110002741-1_5_2.png,724,0,761,124,9,sixteenth
package_aa/000100196-1_2_1/000100196-1_2_1.png,211,0,247,118,0,quarter
package_aa/000100196-1_2_1/000100196-1_2_1.png,277,0,319,118,1,quarter
package_aa/000100196-1_2_1/000100196-1_2_1.png,411,0,447,118,2,sixteenth
package_aa/000100196-1_2_1/000100196-1_2_1.png,438,0,480,118,3,sixteenth
package_aa/000100196-1_2_1/000100196-1_2_1.png,471,0,507,118,4,sixteenth
package_aa/000100196-1_2_1/000100196-1_2_1.png,502,0,539,118,5,sixteenth
package_aa/000100196-1_2_1/000100196-1_2_1.png,532,0,568,118,6,sixteenth
package_aa/000100196-1_2_1/000100196-1_2_1.png,559,0,601,118,7,sixteenth
package_aa/000100196-1_2_1/000100196-1_2_1.png,592,0,628,118,8,sixteenth
package_aa/000100196-1_2_1/000100196-1_2_1.png,652,0,688,118,9,quarter
package_aa/000100196-1_2_1/000100196-1_2_1.png,721,0,757,118,10,quarter
package_aa/000100196-1_2_1/000100196-1_2_1.png,852,0,888,118,11,sixteenth
package_aa/000100196-1_2_1/000100196-1_2_1.png,883,0,920,118,12,sixteenth
package_aa/000100196-1_2_1/000100196-1_2_1.png,913,0,949,118,13,sixteenth
package_aa/000100196-1_2_1/000100196-1_2_1.png,940,0,982,118,14,sixteenth
package_aa/000100196-1_2_1/000100196-1_2_1.png,973,0,1009,118,15,sixteenth
package_aa/000100196-1_2_1/000100196-1_2_1.png,1000,0,1042,118,16,sixteenth
package_aa/000100196-1_2_1/000100196-1_2_1.png,1034,0,1070,118,17,sixteenth
package_ab/190015977-1_1_1/190015977-1_1_1.png,208,0,244,136,0,quarter
package_ab/190015977-1_1_1/190015977-1_1_1.png,277,0,313,136,1,eighth
package_ab/190015977-1_1_1/190015977-1_1_1.png,319,0,361,136,2,eighth
package_ab/190015977-1_1_1/190015977-1_1_1.png,367,0,403,136,3,eighth
package_ab/190015977-1_1_1/190015977-1_1_1.png,409,0,451,136,4,eighth
package_ab/190015977-1_1_1/190015977-1_1_1.png,459,0,493,136,5,eighth
package_ab/190015977-1_1_1/190015977-1_1_1.png,499,0,541,136,6,eighth
package_ab/190015977-1_1_1/190015977-1_1_1.png,574,0,616,136,7,quarter
package_ab/190015977-1_1_1/190015977-1_1_1.png,647,0,682,136,8,half
package_ab/190015977-1_1_1/190015977-1_1_1.png,751,0,787,136,9,quarter
package_ab/190015977-1_1_1/190015977-1_1_1.png,850,0,886,136,10,sixteenth
package_ab/190015977-1_1_1/190015977-1_1_1.png,877,0,919,136,11,sixteenth
package_ab/190015977-1_1_1/190015977-1_1_1.png,911,0,947,136,12,sixteenth
package_ab/190015977-1_1_1/190015977-1_1_1.png,938,0,980,136,13,sixteenth
package_ab/190015977-1_1_1/190015977-1_1_1.png,972,0,1007,136,14,half
package_ab/190015977-1_1_1/190015977-1_1_1.png,1073,0,1115,136,15,quarter
package_ab/190015977-1_1_1/190015977-1_1_1.png,1199,0,1235,136,16,eighth
package_aa/100500162-1_2_1/100500162-1_2_1.png,157,0,194,124,0,quarter
package_aa/100500162-1_2_1/100500162-1_2_1.png,227,0,263,124,1,quarter
package_aa/100500162-1_2_1/100500162-1_2_1.png,295,0,332,124,2,quarter
package_aa/100500162-1_2_1/100500162-1_2_1.png,464,0,501,124,3,quarter
package_aa/100500162-1_2_1/100500162-1_2_1.png,534,0,570,124,4,quarter
package_aa/100500162-1_2_1/100500162-1_2_1.png,602,0,639,124,5,eighth
package_aa/100500162-1_2_1/100500162-1_2_1.png,647,0,684,124,6,eighth
package_aa/100500162-1_2_1/100500162-1_2_1.png,693,0,729,124,7,eighth
package_aa/100500162-1_2_1/100500162-1_2_1.png,737,0,774,124,8,eighth
package_aa/100500162-1_2_1/100500162-1_2_1.png,813,0,849,124,9,quarter
package_aa/100500162-1_2_1/100500162-1_2_1.png,882,0,919,124,10,quarter
package_aa/100016621-1_1_1/100016621-1_1_1.png,402,0,438,154,0,eighth
package_aa/100016621-1_1_1/100016621-1_1_1.png,447,0,483,154,1,eighth
package_aa/100016621-1_1_1/100016621-1_1_1.png,492,0,528,154,2,eighth
package_aa/100016621-1_1_1/100016621-1_1_1.png,537,0,573,154,3,eighth
package_aa/100016621-1_1_1/100016621-1_1_1.png,579,0,621,154,4,eighth
package_aa/100016621-1_1_1/100016621-1_1_1.png,681,0,717,154,5,eighth
package_aa/100016621-1_1_1/100016621-1_1_1.png,726,0,762,154,6,eighth
package_aa/100016621-1_1_1/100016621-1_1_1.png,768,0,810,154,7,eighth
package_aa/100016621-1_1_1/100016621-1_1_1.png,818,0,852,154,8,eighth
package_aa/100016621-1_1_1/100016621-1_1_1.png,863,0,897,154,9,eighth
package_aa/100016621-1_1_1/100016621-1_1_1.png,906,0,942,154,10,eighth
package_aa/100016621-1_1_1/100016621-1_1_1.png,996,0,1032,154,11,eighth
package_aa/100016621-1_1_1/100016621-1_1_1.png,1075,0,1111,154,12,eighth
package_aa/100016621-1_1_1/100016621-1_1_1.png,1126,0,1162,154,13,eighth
package_ab/160000440-1_2_1/160000440-1_2_1.png,298,0,340,127,0,eighth
package_ab/160000440-1_2_1/160000440-1_2_1.png,343,0,385,127,1,eighth
package_ab/160000440-1_2_1/160000440-1_2_1.png,388,0,430,127,2,eighth
package_ab/160000440-1_2_1/160000440-1_2_1.png,433,0,475,127,3,eighth
package_ab/160000440-1_2_1/160000440-1_2_1.png,481,0,517,127,4,eighth
package_ab/160000440-1_2_1/160000440-1_2_1.png,526,0,562,127,5,eighth
package_ab/160000440-1_2_1/160000440-1_2_1.png,598,0,640,127,6,quarter
package_ab/160000440-1_2_1/160000440-1_2_1.png,670,0,706,127,7,quarter
package_ab/160000440-1_2_1/160000440-1_2_1.png,839,0,873,127,8,quarter
package_ab/160000440-1_2_1/160000440-1_2_1.png,908,0,942,127,9,eighth
package_ab/160000440-1_2_1/160000440-1_2_1.png,949,0,991,127,10,sixteenth
package_ab/160000440-1_2_1/160000440-1_2_1.png,984,0,1018,127,11,sixteenth
package_ab/160000440-1_2_1/160000440-1_2_1.png,1014,0,1048,127,12,sixteenth
package_ab/160000440-1_2_1/160000440-1_2_1.png,1043,0,1080,127,13,sixteenth
package_ab/160000440-1_2_1/160000440-1_2_1.png,1073,0,1109,127,14,sixteenth
package_ab/160000440-1_2_1/160000440-1_2_1.png,1100,0,1142,127,15,sixteenth
package_ab/160000440-1_2_1/160000440-1_2_1.png,1160,0,1202,127,16,quarter
package_ab/160000440-1_2_1/160000440-1_2_1.png,1232,0,1268,127,17,eighth
package_ab/160000440-1_2_1/160000440-1_2_1.png,1279,0,1313,127,18,eighth
package_ab/160000440-1_2_1/160000440-1_2_1.png,1324,0,1358,127,19,eighth
package_ab/160000440-1_2_1/160000440-1_2_1.png,1369,0,1403,127,20,eighth
package_ab/190023406-1_1_1/190023406-1_1_1.png,193,0,235,150,0,quarter
package_ab/190023406-1_1_1/190023406-1_1_1.png,325,0,359,150,1,eighth
package_ab/190023406-1_1_1/190023406-1_1_1.png,410,0,452,150,2,eighth
package_ab/190023406-1_1_1/190023406-1_1_1.png,503,0,539,150,3,quarter
package_ab/190023406-1_1_1/190023406-1_1_1.png,617,0,653,150,4,eighth
package_ab/190023406-1_1_1/190023406-1_1_1.png,689,0,731,150,5,sixteenth
package_ab/190023406-1_1_1/190023406-1_1_1.png,719,0,761,150,6,sixteenth
package_ab/190023406-1_1_1/190023406-1_1_1.png,754,0,788,150,7,sixteenth
package_ab/190023406-1_1_1/190023406-1_1_1.png,783,0,819,150,8,sixteenth
package_ab/190023406-1_1_1/190023406-1_1_1.png,810,0,852,150,9,sixteenth
package_ab/190023406-1_1_1/190023406-1_1_1.png,840,0,882,150,10,sixteenth
package_ab/190023406-1_1_1/190023406-1_1_1.png,873,0,909,150,11,sixteenth
package_ab/190023406-1_1_1/190023406-1_1_1.png,928,0,964,150,12,sixteenth
package_ab/190023406-1_1_1/190023406-1_1_1.png,955,0,997,150,13,sixteenth
package_ab/190023406-1_1_1/190023406-1_1_1.png,988,0,1024,150,14,sixteenth
package_ab/190023406-1_1_1/190023406-1_1_1.png,1033,0,1075,150,15,eighth
package_ab/190023406-1_1_1/190023406-1_1_1.png,1083,0,1117,150,16,quarter
package_aa/000110982-1_1_1/000110982-1_1_1.png,148,0,190,130,0,eighth
package_aa/000110982-1_1_1/000110982-1_1_1.png,265,0,301,130,1,eighth
package_aa/000110982-1_1_1/000110982-1_1_1.png,397,0,439,130,2,eighth
package_aa/000110982-1_1_1/000110982-1_1_1.png,472,0,514,130,3,eighth
package_aa/000110982-1_1_1/000110982-1_1_1.png,607,0,649,130,4,eighth
package_aa/000110982-1_1_1/000110982-1_1_1.png,685,0,721,130,5,eighth
package_aa/000110982-1_1_1/000110982-1_1_1.png,731,0,765,130,6,eighth
package_aa/000110982-1_1_1/000110982-1_1_1.png,772,0,814,130,7,sixteenth
package_aa/000110982-1_1_1/000110982-1_1_1.png,805,0,841,130,8,sixteenth
package_aa/000110982-1_1_1/000110982-1_1_1.png,832,0,874,130,9,sixteenth
package_aa/000110982-1_1_1/000110982-1_1_1.png,865,0,901,130,10,sixteenth
package_aa/000110982-1_1_1/000110982-1_1_1.png,922,0,964,130,11,sixteenth
package_aa/000110982-1_1_1/000110982-1_1_1.png,956,0,992,130,12,sixteenth
package_aa/000110982-1_1_1/000110982-1_1_1.png,983,0,1025,130,13,sixteenth
package_aa/000110982-1_1_1/000110982-1_1_1.png,1016,0,1052,130,14,sixteenth
package_aa/000110982-1_1_1/000110982-1_1_1.png,1043,0,1085,130,15,eighth
package_aa/110002394-5_1_1/110002394-5_1_1.png,149,0,191,127,0,quarter
package_aa/110002394-5_1_1/110002394-5_1_1.png,221,0,257,127,1,eighth
package_aa/110002394-5_1_1/110002394-5_1_1.png,266,0,302,127,2,eighth
package_aa/110002394-5_1_1/110002394-5_1_1.png,308,0,350,127,3,quarter
package_aa/110002394-5_1_1/110002394-5_1_1.png,380,0,416,127,4,quarter
package_aa/110002394-5_1_1/110002394-5_1_1.png,500,0,542,127,5,eighth
package_aa/110002394-5_1_1/110002394-5_1_1.png,545,0,587,127,6,eighth
package_aa/110002394-5_1_1/110002394-5_1_1.png,594,0,628,127,7,quarter
package_aa/110002394-5_1_1/110002394-5_1_1.png,704,0,746,127,8,eighth
package_aa/110002394-5_1_1/110002394-5_1_1.png,752,0,788,127,9,eighth
package_aa/110002394-5_1_1/110002394-5_1_1.png,794,0,836,127,10,eighth
package_aa/110002394-5_1_1/110002394-5_1_1.png,872,0,908,127,11,eighth
package_aa/110002394-5_1_1/110002394-5_1_1.png,917,0,953,127,12,eighth
package_aa/110002394-5_1_1/110002394-5_1_1.png,959,0,1001,127,13,quarter
package_aa/110002394-5_1_1/110002394-5_1_1.png,1076,0,1112,127,14,eighth
package_aa/000109871-1_1_1/000109871-1_1_1.png,157,0,194,128,0,quarter
package_aa/000109871-1_1_1/000109871-1_1_1.png,226,0,263,128,1,eighth
package_aa/000109871-1_1_1/000109871-1_1_1.png,271,0,308,128,2,eighth
package_aa/000109871-1_1_1/000109871-1_1_1.png,316,0,353,128,3,eighth
package_aa/000109871-1_1_1/000109871-1_1_1.png,361,0,398,128,4,eighth
package_aa/000109871-1_1_1/000109871-1_1_1.png,436,0,473,128,5,quarter
package_aa/000109871-1_1_1/000109871-1_1_1.png,507,0,542,128,6,half
package_aa/000109871-1_1_1/000109871-1_1_1.png,642,0,678,128,7,quarter
package_aa/000109871-1_1_1/000109871-1_1_1.png,711,0,747,128,8,eighth
package_aa/000109871-1_1_1/000109871-1_1_1.png,756,0,792,128,9,eighth
package_aa/000109871-1_1_1/000109871-1_1_1.png,800,0,837,128,10,eighth
package_aa/000109871-1_1_1/000109871-1_1_1.png,846,0,882,128,11,eighth
package_aa/000109871-1_1_1/000109871-1_1_1.png,922,0,958,128,12,quarter
package_aa/000109871-1_1_1/000109871-1_1_1.png,992,0,1026,128,13,half
package_ab/201008693-1_1_1/201008693-1_1_1.png,174,0,210,148,0,eighth
package_ab/201008693-1_1_1/201008693-1_1_1.png,219,0,255,148,1,sixteenth
package_ab/201008693-1_1_1/201008693-1_1_1.png,251,0,287,148,2,sixteenth
package_ab/201008693-1_1_1/201008693-1_1_1.png,283,0,319,148,3,eighth
package_ab/201008693-1_1_1/201008693-1_1_1.png,328,0,364,148,4,eighth
package_ab/201008693-1_1_1/201008693-1_1_1.png,403,0,439,148,5,eighth
package_ab/201008693-1_1_1/201008693-1_1_1.png,448,0,484,148,6,sixteenth
package_ab/201008693-1_1_1/201008693-1_1_1.png,480,0,516,148,7,sixteenth
package_ab/201008693-1_1_1/201008693-1_1_1.png,511,0,547,148,8,eighth
package_ab/201008693-1_1_1/201008693-1_1_1.png,556,0,592,148,9,eighth
package_ab/201008693-1_1_1/201008693-1_1_1.png,632,0,668,148,10,eighth
package_ab/201008693-1_1_1/201008693-1_1_1.png,677,0,713,148,11,sixteenth
package_ab/201008693-1_1_1/201008693-1_1_1.png,709,0,745,148,12,sixteenth
package_ab/201008693-1_1_1/201008693-1_1_1.png,740,0,777,148,13,eighth
package_ab/201008693-1_1_1/201008693-1_1_1.png,785,0,821,148,14,eighth
package_ab/201008693-1_1_1/201008693-1_1_1.png,872,0,906,148,15,half
package_ab/190024091-1_1_1/190024091-1_1_1.png,175,0,210,139,0,half
package_ab/190024091-1_1_1/190024091-1_1_1.png,280,0,315,139,1,half
package_ab/190024091-1_1_1/190024091-1_1_1.png,415,0,452,139,2,eighth
package_ab/190024091-1_1_1/190024091-1_1_1.png,460,0,497,139,3,eighth
package_ab/190024091-1_1_1/190024091-1_1_1.png,506,0,541,139,4,half
package_ab/190024091-1_1_1/190024091-1_1_1.png,611,0,647,139,5,quarter
package_ab/190024091-1_1_1/190024091-1_1_1.png,711,0,747,139,6,eighth
package_ab/190024091-1_1_1/190024091-1_1_1.png,755,0,792,139,7,eighth
package_ab/190024091-1_1_1/190024091-1_1_1.png,800,0,837,139,8,eighth
package_ab/190024091-1_1_1/190024091-1_1_1.png,845,0,882,139,9,eighth
package_ab/190024091-1_1_1/190024091-1_1_1.png,891,0,926,139,10,half
package_ab/190012168-1_1_1/190012168-1_1_1.png,179,0,215,182,0,eighth
package_ab/190012168-1_1_1/190012168-1_1_1.png,224,0,260,182,1,eighth
package_ab/190012168-1_1_1/190012168-1_1_1.png,269,0,305,182,2,sixteenth
package_ab/190012168-1_1_1/190012168-1_1_1.png,300,0,337,182,3,sixteenth
package_ab/190012168-1_1_1/190012168-1_1_1.png,332,0,369,182,4,sixteenth
package_ab/190012168-1_1_1/190012168-1_1_1.png,363,0,400,182,5,sixteenth
package_ab/190012168-1_1_1/190012168-1_1_1.png,395,0,431,182,6,sixteenth
package_ab/190012168-1_1_1/190012168-1_1_1.png,427,0,463,182,7,sixteenth
package_ab/190012168-1_1_1/190012168-1_1_1.png,459,0,495,182,8,sixteenth
package_ab/190012168-1_1_1/190012168-1_1_1.png,490,0,526,182,9,sixteenth
package_ab/190012168-1_1_1/190012168-1_1_1.png,522,0,558,182,10,quarter
package_ab/190012168-1_1_1/190012168-1_1_1.png,622,0,658,182,11,eighth
package_ab/190012168-1_1_1/190012168-1_1_1.png,667,0,703,182,12,eighth
package_ab/190012168-1_1_1/190012168-1_1_1.png,712,0,748,182,13,sixteenth
package_ab/190012168-1_1_1/190012168-1_1_1.png,744,0,780,182,14,sixteenth
package_ab/190012168-1_1_1/190012168-1_1_1.png,775,0,811,182,15,sixteenth
package_ab/190012168-1_1_1/190012168-1_1_1.png,807,0,843,182,16,sixteenth
package_ab/210017839-1_29_1/210017839-1_29_1.png,155,0,197,156,0,quarter
package_ab/210017839-1_29_1/210017839-1_29_1.png,229,0,263,156,1,eighth
package_ab/210017839-1_29_1/210017839-1_29_1.png,299,0,341,156,2,quarter
package_ab/210017839-1_29_1/210017839-1_29_1.png,373,0,407,156,3,eighth
package_ab/210017839-1_29_1/210017839-1_29_1.png,447,0,484,156,4,quarter
package_ab/210017839-1_29_1/210017839-1_29_1.png,517,0,551,156,5,eighth
package_ab/210017839-1_29_1/210017839-1_29_1.png,588,0,630,156,6,sixteenth
package_ab/210017839-1_29_1/210017839-1_29_1.png,622,0,656,156,7,sixteenth
package_ab/210017839-1_29_1/210017839-1_29_1.png,652,0,686,156,8,eighth
package_ab/190014860-1_1_1/190014860-1_1_1.png,133,0,169,125,0,eighth
package_ab/190014860-1_1_1/190014860-1_1_1.png,192,0,229,125,1,eighth
package_ab/190014860-1_1_1/190014860-1_1_1.png,287,0,323,125,2,quarter
package_ab/190014860-1_1_1/190014860-1_1_1.png,365,0,402,125,3,quarter
package_ab/190014860-1_1_1/190014860-1_1_1.png,445,0,481,125,4,quarter
package_ab/190014860-1_1_1/190014860-1_1_1.png,523,0,560,125,5,quarter
package_ab/190014860-1_1_1/190014860-1_1_1.png,639,0,674,125,6,half
package_ab/190014860-1_1_1/190014860-1_1_1.png,758,0,795,125,7,quarter
package_ab/190014860-1_1_1/190014860-1_1_1.png,838,0,875,125,8,quarter
package_ab/190014860-1_1_1/190014860-1_1_1.png,952,0,988,125,9,quarter
package_ab/190014860-1_1_1/190014860-1_1_1.png,1030,0,1067,125,10,quarter
package_ab/190014860-1_1_1/190014860-1_1_1.png,1110,0,1146,125,11,quarter
package_ab/190014860-1_1_1/190014860-1_1_1.png,1189,0,1225,125,12,eighth
package_ab/190014860-1_1_1/190014860-1_1_1.png,1240,0,1277,125,13,eighth
package_ab/190014860-1_1_1/190014860-1_1_1.png,1328,0,1364,125,14,quarter
package_ab/190014860-1_1_1/190014860-1_1_1.png,1407,0,1443,125,15,eighth
package_ab/190014860-1_1_1/190014860-1_1_1.png,1458,0,1495,125,16,eighth
package_ab/190014860-1_1_1/190014860-1_1_1.png,1510,0,1546,125,17,quarter
package_ab/190014860-1_1_1/190014860-1_1_1.png,1588,0,1625,125,18,quarter
package_ab/190014860-1_1_1/190014860-1_1_1.png,1703,0,1739,125,19,quarter
package_ab/190014860-1_1_1/190014860-1_1_1.png,1782,0,1819,125,20,quarter
package_ab/190014860-1_1_1/190014860-1_1_1.png,1863,0,1898,125,21,half
package_ab/210022069-1_10_1/210022069-1_10_1.png,186,0,223,157,0,quarter
package_ab/210022069-1_10_1/210022069-1_10_1.png,313,0,350,157,1,quarter
package_ab/210022069-1_10_1/210022069-1_10_1.png,383,0,418,157,2,half
package_ab/210022069-1_10_1/210022069-1_10_1.png,487,0,524,157,3,quarter
package_ab/210022069-1_10_1/210022069-1_10_1.png,607,0,644,157,4,quarter
package_ab/210022069-1_10_1/210022069-1_10_1.png,676,0,711,157,5,half
package_ab/210022069-1_10_1/210022069-1_10_1.png,781,0,818,157,6,quarter
package_ab/210022069-1_10_1/210022069-1_10_1.png,880,0,917,157,7,quarter
package_ab/210022069-1_10_1/210022069-1_10_1.png,951,0,986,157,8,half
package_aa/000117092-1_1_2/000117092-1_1_2.png,417,0,453,154,0,eighth
package_aa/000117092-1_1_2/000117092-1_1_2.png,459,0,501,154,1,eighth
package_aa/000117092-1_1_2/000117092-1_1_2.png,537,0,573,154,2,eighth
package_aa/000117092-1_1_2/000117092-1_1_2.png,582,0,618,154,3,eighth
package_aa/000117092-1_1_2/000117092-1_1_2.png,624,0,666,154,4,eighth
package_aa/000117092-1_1_2/000117092-1_1_2.png,682,0,718,154,5,eighth
package_aa/000117092-1_1_2/000117092-1_1_2.png,754,0,796,154,6,eighth
package_aa/000117092-1_1_2/000117092-1_1_2.png,799,0,841,154,7,eighth
package_aa/000117092-1_1_2/000117092-1_1_2.png,847,0,883,154,8,eighth
package_aa/000117092-1_1_2/000117092-1_1_2.png,893,0,927,154,9,eighth
package_aa/000117092-1_1_2/000117092-1_1_2.png,967,0,1003,154,10,eighth
package_aa/000117092-1_1_2/000117092-1_1_2.png,1012,0,1048,154,11,eighth
package_aa/000117092-1_1_2/000117092-1_1_2.png,1054,0,1096,154,12,eighth
package_aa/000117092-1_1_2/000117092-1_1_2.png,1101,0,1143,154,13,eighth
package_aa/000117092-1_1_2/000117092-1_1_2.png,1179,0,1215,154,14,quarter
package_aa/110002948-1_59_1/110002948-1_59_1.png,128,0,164,127,0,eighth
package_aa/110002948-1_59_1/110002948-1_59_1.png,173,0,209,127,1,eighth
package_aa/110002948-1_59_1/110002948-1_59_1.png,218,0,254,127,2,eighth
package_aa/110002948-1_59_1/110002948-1_59_1.png,260,0,302,127,3,sixteenth
package_aa/110002948-1_59_1/110002948-1_59_1.png,293,0,329,127,4,sixteenth
package_aa/110002948-1_59_1/110002948-1_59_1.png,338,0,380,127,5,eighth
package_aa/110002948-1_59_1/110002948-1_59_1.png,383,0,425,127,6,sixteenth
package_aa/110002948-1_59_1/110002948-1_59_1.png,413,0,455,127,7,sixteenth
package_aa/110002948-1_59_1/110002948-1_59_1.png,447,0,483,127,8,eighth
package_aa/110002948-1_59_1/110002948-1_59_1.png,497,0,539,127,9,eighth
package_aa/000111249-1_1_1/000111249-1_1_1.png,203,0,239,152,0,sixteenth
package_aa/000111249-1_1_1/000111249-1_1_1.png,312,0,349,152,1,sixteenth
package_aa/000111249-1_1_1/000111249-1_1_1.png,338,0,385,152,2,sixteenth
package_aa/000111249-1_1_1/000111249-1_1_1.png,376,0,412,152,3,sixteenth
package_aa/000111249-1_1_1/000111249-1_1_1.png,407,0,443,152,4,sixteenth
package_aa/000111249-1_1_1/000111249-1_1_1.png,438,0,475,152,5,sixteenth
package_aa/000111249-1_1_1/000111249-1_1_1.png,465,0,512,152,6,sixteenth
package_aa/000111249-1_1_1/000111249-1_1_1.png,502,0,538,152,7,sixteenth
package_aa/000111249-1_1_1/000111249-1_1_1.png,534,0,570,152,8,sixteenth
package_aa/000111249-1_1_1/000111249-1_1_1.png,594,0,631,152,9,sixteenth
package_aa/000111249-1_1_1/000111249-1_1_1.png,620,0,667,152,10,sixteenth
package_aa/000111249-1_1_1/000111249-1_1_1.png,658,0,694,152,11,sixteenth
package_aa/000111249-1_1_1/000111249-1_1_1.png,689,0,725,152,12,sixteenth
package_aa/000111249-1_1_1/000111249-1_1_1.png,720,0,757,152,13,sixteenth
package_aa/000111249-1_1_1/000111249-1_1_1.png,747,0,794,152,14,sixteenth
package_aa/000111249-1_1_1/000111249-1_1_1.png,784,0,820,152,15,sixteenth
package_aa/000111249-1_1_1/000111249-1_1_1.png,815,0,852,152,16,sixteenth
package_aa/000124098-1_1_2/000124098-1_1_2.png,321,0,358,147,0,quarter
package_aa/000124098-1_1_2/000124098-1_1_2.png,390,0,427,147,1,quarter
package_aa/000124098-1_1_2/000124098-1_1_2.png,490,0,526,147,2,quarter
package_aa/000124098-1_1_2/000124098-1_1_2.png,559,0,596,147,3,quarter
package_aa/000124098-1_1_2/000124098-1_1_2.png,659,0,695,147,4,quarter
package_aa/000124098-1_1_2/000124098-1_1_2.png,727,0,764,147,5,quarter
package_aa/000124098-1_1_2/000124098-1_1_2.png,828,0,864,147,6,quarter
package_aa/000124098-1_1_2/000124098-1_1_2.png,896,0,933,147,7,sixteenth
package_aa/000124098-1_1_2/000124098-1_1_2.png,928,0,964,147,8,sixteenth
package_aa/000124098-1_1_2/000124098-1_1_2.png,959,0,996,147,9,sixteenth
package_aa/000124098-1_1_2/000124098-1_1_2.png,991,0,1027,147,10,sixteenth
package_aa/000124098-1_1_2/000124098-1_1_2.png,1052,0,1089,147,11,quarter
package_aa/000124098-1_1_2/000124098-1_1_2.png,1121,0,1158,147,12,quarter
package_aa/000124098-1_1_2/000124098-1_1_2.png,1232,0,1268,147,13,quarter
package_ab/150207066-1_1_1/150207066-1_1_1.png,203,0,239,137,0,eighth
package_ab/150207066-1_1_1/150207066-1_1_1.png,316,0,353,137,1,quarter
package_ab/150207066-1_1_1/150207066-1_1_1.png,386,0,422,137,2,quarter
package_ab/150207066-1_1_1/150207066-1_1_1.png,486,0,522,137,3,eighth
package_ab/150207066-1_1_1/150207066-1_1_1.png,536,0,572,137,4,eighth
package_ab/150207066-1_1_1/150207066-1_1_1.png,585,0,622,137,5,eighth
package_ab/150207066-1_1_1/150207066-1_1_1.png,630,0,667,137,6,eighth
package_ab/150207066-1_1_1/150207066-1_1_1.png,706,0,743,137,7,eighth
package_ab/150207066-1_1_1/150207066-1_1_1.png,752,0,788,137,8,eighth
package_ab/150207066-1_1_1/150207066-1_1_1.png,841,0,878,137,9,eighth
package_ab/150207066-1_1_1/150207066-1_1_1.png,917,0,954,137,10,quarter
package_ab/150207066-1_1_1/150207066-1_1_1.png,986,0,1023,137,11,quarter
package_aa/000127515-1_2_1/000127515-1_2_1.png,232,0,268,115,0,eighth
package_aa/000127515-1_2_1/000127515-1_2_1.png,347,0,382,115,1,half
package_aa/000127515-1_2_1/000127515-1_2_1.png,451,0,487,115,2,quarter
package_aa/000127515-1_2_1/000127515-1_2_1.png,562,0,604,115,3,eighth
package_aa/000127515-1_2_1/000127515-1_2_1.png,641,0,676,115,4,half
package_aa/000127515-1_2_1/000127515-1_2_1.png,742,0,784,115,5,quarter
package_aa/000142424-1_1_1/000142424-1_1_1.png,183,0,225,129,0,eighth
package_aa/000142424-1_1_1/000142424-1_1_1.png,231,0,267,129,1,eighth
package_aa/000142424-1_1_1/000142424-1_1_1.png,273,0,315,129,2,eighth
package_aa/000142424-1_1_1/000142424-1_1_1.png,321,0,357,129,3,eighth
package_aa/000142424-1_1_1/000142424-1_1_1.png,393,0,435,129,4,eighth
package_aa/000142424-1_1_1/000142424-1_1_1.png,438,0,480,129,5,eighth
package_aa/000142424-1_1_1/000142424-1_1_1.png,486,0,522,129,6,quarter
package_aa/000142424-1_1_1/000142424-1_1_1.png,585,0,621,129,7,eighth
package_aa/000142424-1_1_1/000142424-1_1_1.png,627,0,669,129,8,eighth
package_aa/000142424-1_1_1/000142424-1_1_1.png,675,0,711,129,9,eighth
package_aa/000142424-1_1_1/000142424-1_1_1.png,717,0,759,129,10,eighth
package_aa/000142424-1_1_1/000142424-1_1_1.png,795,0,831,129,11,eighth
package_aa/000142424-1_1_1/000142424-1_1_1.png,837,0,879,129,12,eighth
package_aa/000142424-1_1_1/000142424-1_1_1.png,885,0,921,129,13,quarter
package_aa/100017119-1_3_1/100017119-1_3_1.png,125,0,159,139,0,half
package_aa/100017119-1_3_1/100017119-1_3_1.png,230,0,265,139,1,half
package_aa/100017119-1_3_1/100017119-1_3_1.png,520,0,556,139,2,eighth
package_aa/100017119-1_3_1/100017119-1_3_1.png,565,0,602,139,3,eighth
package_aa/100017119-1_3_1/100017119-1_3_1.png,610,0,646,139,4,eighth
package_aa/100017119-1_3_1/100017119-1_3_1.png,686,0,723,139,5,eighth
package_aa/100017119-1_3_1/100017119-1_3_1.png,731,0,767,139,6,eighth
package_aa/100017119-1_3_1/100017119-1_3_1.png,776,0,811,139,7,half
package_aa/100017119-1_3_1/100017119-1_3_1.png,881,0,917,139,8,quarter
package_aa/100017119-1_3_1/100017119-1_3_1.png,1024,0,1061,139,9,eighth
package_aa/100017119-1_3_1/100017119-1_3_1.png,1069,0,1106,139,10,eighth
package_aa/100017119-1_3_1/100017119-1_3_1.png,1114,0,1151,139,11,eighth
package_aa/100017119-1_3_1/100017119-1_3_1.png,1160,0,1195,139,12,half
package_aa/100017119-1_3_1/100017119-1_3_1.png,1295,0,1330,139,13,half
package_ab/150204263-1_1_1/150204263-1_1_1.png,188,0,224,123,0,quarter
package_ab/150204263-1_1_1/150204263-1_1_1.png,302,0,338,123,1,sixteenth
package_ab/150204263-1_1_1/150204263-1_1_1.png,329,0,371,123,2,sixteenth
package_ab/150204263-1_1_1/150204263-1_1_1.png,362,0,398,123,3,eighth
package_ab/150204263-1_1_1/150204263-1_1_1.png,404,0,446,123,4,eighth
package_ab/150204263-1_1_1/150204263-1_1_1.png,446,0,493,123,5,eighth
package_ab/150204263-1_1_1/150204263-1_1_1.png,494,0,536,123,6,eighth
package_ab/150204263-1_1_1/150204263-1_1_1.png,572,0,608,123,7,quarter
package_ab/150204263-1_1_1/150204263-1_1_1.png,686,0,722,123,8,sixteenth
package_ab/150204263-1_1_1/150204263-1_1_1.png,713,0,755,123,9,sixteenth
package_ab/150204263-1_1_1/150204263-1_1_1.png,747,0,783,123,10,eighth
package_ab/150204263-1_1_1/150204263-1_1_1.png,786,0,833,123,11,eighth
package_ab/150204263-1_1_1/150204263-1_1_1.png,834,0,876,123,12,eighth
package_ab/150204263-1_1_1/150204263-1_1_1.png,882,0,918,123,13,eighth
package_ab/150204263-1_1_1/150204263-1_1_1.png,954,0,996,123,14,quarter
package_ab/150204263-1_1_1/150204263-1_1_1.png,1068,0,1110,123,15,sixteenth
package_ab/150204263-1_1_1/150204263-1_1_1.png,1101,0,1137,123,16,sixteenth
package_ab/150204263-1_1_1/150204263-1_1_1.png,1128,0,1170,123,17,eighth
package_ab/150204263-1_1_1/150204263-1_1_1.png,1173,0,1215,123,18,eighth
package_ab/150204263-1_1_1/150204263-1_1_1.png,1221,0,1257,123,19,eighth
package_ab/150204263-1_1_1/150204263-1_1_1.png,1263,0,1305,123,20,eighth
package_ab/210000170-1_3_1/210000170-1_3_1.png,158,0,200,136,0,eighth
package_ab/210000170-1_3_1/210000170-1_3_1.png,206,0,242,136,1,sixteenth
package_ab/210000170-1_3_1/210000170-1_3_1.png,233,0,275,136,2,sixteenth
package_ab/210000170-1_3_1/210000170-1_3_1.png,266,0,302,136,3,eighth
package_ab/210000170-1_3_1/210000170-1_3_1.png,308,0,350,136,4,eighth
package_ab/210000170-1_3_1/210000170-1_3_1.png,365,0,401,136,5,eighth
package_ab/210000170-1_3_1/210000170-1_3_1.png,407,0,449,136,6,eighth
package_ab/210000170-1_3_1/210000170-1_3_1.png,485,0,521,136,7,eighth
package_ab/210000170-1_3_1/210000170-1_3_1.png,527,0,569,136,8,eighth
package_ab/210000170-1_3_1/210000170-1_3_1.png,572,0,614,136,9,quarter
package_ab/210000170-1_3_1/210000170-1_3_1.png,644,0,680,136,10,quarter
package_ab/210000170-1_3_1/210000170-1_3_1.png,740,0,782,136,11,eighth
package_ab/210000170-1_3_1/210000170-1_3_1.png,790,0,824,136,12,sixteenth
package_ab/210000170-1_3_1/210000170-1_3_1.png,816,0,858,136,13,sixteenth
package_ab/210000170-1_3_1/210000170-1_3_1.png,850,0,884,136,14,eighth
package_ab/210000170-1_3_1/210000170-1_3_1.png,891,0,933,136,15,eighth
package_ab/210000170-1_3_1/210000170-1_3_1.png,939,0,975,136,16,eighth
package_ab/210000170-1_3_1/210000170-1_3_1.png,981,0,1023,136,17,eighth
package_ab/210000170-1_3_1/210000170-1_3_1.png,1083,0,1119,136,18,eighth
package_ab/210000170-1_3_1/210000170-1_3_1.png,1125,0,1167,136,19,eighth
package_ab/210000170-1_3_1/210000170-1_3_1.png,1174,0,1209,136,20,half
package_aa/000126272-1_1_1/000126272-1_1_1.png,156,0,193,144,0,eighth
package_aa/000126272-1_1_1/000126272-1_1_1.png,201,0,238,144,1,eighth
package_aa/000126272-1_1_1/000126272-1_1_1.png,246,0,283,144,2,eighth
package_aa/000126272-1_1_1/000126272-1_1_1.png,291,0,328,144,3,eighth
package_aa/000126272-1_1_1/000126272-1_1_1.png,368,0,404,144,4,eighth
package_aa/000126272-1_1_1/000126272-1_1_1.png,412,0,449,144,5,eighth
package_aa/000126272-1_1_1/000126272-1_1_1.png,457,0,494,144,6,eighth
package_aa/000126272-1_1_1/000126272-1_1_1.png,502,0,539,144,7,eighth
package_aa/000126272-1_1_1/000126272-1_1_1.png,578,0,614,144,8,eighth
package_aa/000126272-1_1_1/000126272-1_1_1.png,623,0,659,144,9,eighth
package_aa/000126272-1_1_1/000126272-1_1_1.png,668,0,705,144,10,eighth
package_aa/000126272-1_1_1/000126272-1_1_1.png,713,0,750,144,11,eighth
package_aa/000126272-1_1_1/000126272-1_1_1.png,790,0,826,144,12,quarter
package_aa/000126272-1_1_1/000126272-1_1_1.png,859,0,895,144,13,quarter
package_ab/230002977-1_1_1/230002977-1_1_1.png,177,0,214,144,0,eighth
package_ab/230002977-1_1_1/230002977-1_1_1.png,223,0,259,144,1,sixteenth
package_ab/230002977-1_1_1/230002977-1_1_1.png,254,0,291,144,2,sixteenth
package_ab/230002977-1_1_1/230002977-1_1_1.png,286,0,322,144,3,sixteenth
package_ab/230002977-1_1_1/230002977-1_1_1.png,317,0,354,144,4,sixteenth
package_ab/230002977-1_1_1/230002977-1_1_1.png,350,0,386,144,5,sixteenth
package_ab/230002977-1_1_1/230002977-1_1_1.png,381,0,418,144,6,sixteenth
package_ab/230002977-1_1_1/230002977-1_1_1.png,413,0,449,144,7,sixteenth
package_ab/230002977-1_1_1/230002977-1_1_1.png,444,0,481,144,8,sixteenth
package_ab/230002977-1_1_1/230002977-1_1_1.png,477,0,513,144,9,sixteenth
package_ab/230002977-1_1_1/230002977-1_1_1.png,508,0,544,144,10,sixteenth
package_ab/230002977-1_1_1/230002977-1_1_1.png,568,0,605,144,11,eighth
package_ab/230002977-1_1_1/230002977-1_1_1.png,614,0,650,144,12,sixteenth
package_ab/230002977-1_1_1/230002977-1_1_1.png,645,0,682,144,13,sixteenth
package_ab/230002977-1_1_1/230002977-1_1_1.png,677,0,713,144,14,sixteenth
package_ab/230002977-1_1_1/230002977-1_1_1.png,709,0,746,144,15,sixteenth
package_ab/230002977-1_1_1/230002977-1_1_1.png,741,0,777,144,16,sixteenth
package_ab/230002977-1_1_1/230002977-1_1_1.png,772,0,809,144,17,sixteenth
package_ab/230002977-1_1_1/230002977-1_1_1.png,804,0,840,144,18,sixteenth
package_ab/230002977-1_1_1/230002977-1_1_1.png,835,0,872,144,19,sixteenth
package_ab/230002977-1_1_1/230002977-1_1_1.png,868,0,904,144,20,sixteenth
package_ab/230002977-1_1_1/230002977-1_1_1.png,899,0,936,144,21,sixteenth
package_ab/210097448-1_10_1/210097448-1_10_1.png,163,0,197,137,0,quarter
package_ab/210097448-1_10_1/210097448-1_10_1.png,228,0,270,137,1,eighth
package_ab/210097448-1_10_1/210097448-1_10_1.png,273,0,315,137,2,eighth
package_ab/210097448-1_10_1/210097448-1_10_1.png,318,0,360,137,3,eighth
package_ab/210097448-1_10_1/210097448-1_10_1.png,363,0,405,137,4,eighth
package_ab/210097448-1_10_1/210097448-1_10_1.png,411,0,447,137,5,eighth
package_ab/210097448-1_10_1/210097448-1_10_1.png,456,0,492,137,6,eighth
package_ab/210097448-1_10_1/210097448-1_10_1.png,528,0,570,137,7,eighth
package_ab/210097448-1_10_1/210097448-1_10_1.png,573,0,615,137,8,eighth
package_ab/210097448-1_10_1/210097448-1_10_1.png,618,0,660,137,9,eighth
package_ab/210097448-1_10_1/210097448-1_10_1.png,663,0,705,137,10,eighth
package_ab/210097448-1_10_1/210097448-1_10_1.png,708,0,750,137,11,eighth
package_ab/210097448-1_10_1/210097448-1_10_1.png,753,0,795,137,12,eighth
package_ab/210097448-1_10_1/210097448-1_10_1.png,801,0,837,137,13,eighth
package_ab/210097448-1_10_1/210097448-1_10_1.png,846,0,882,137,14,eighth
package_ab/210097448-1_10_1/210097448-1_10_1.png,918,0,960,137,15,eighth
package_ab/210097448-1_10_1/210097448-1_10_1.png,963,0,1005,137,16,eighth
package_ab/210097448-1_10_1/210097448-1_10_1.png,1008,0,1050,137,17,eighth
package_ab/210097448-1_10_1/210097448-1_10_1.png,1053,0,1095,137,18,eighth
package_ab/210097448-1_10_1/210097448-1_10_1.png,1101,0,1137,137,19,eighth
package_ab/210097448-1_10_1/210097448-1_10_1.png,1146,0,1182,137,20,eighth
package_ab/210097448-1_10_1/210097448-1_10_1.png,1191,0,1227,137,21,eighth
package_ab/210097448-1_10_1/210097448-1_10_1.png,1236,0,1272,137,22,eighth
package_aa/000120005-10_1_1/000120005-10_1_1.png,162,0,198,158,0,quarter
package_aa/000120005-10_1_1/000120005-10_1_1.png,228,0,270,158,1,quarter
package_aa/000120005-10_1_1/000120005-10_1_1.png,300,0,336,158,2,quarter
package_aa/000120005-10_1_1/000120005-10_1_1.png,369,0,405,158,3,quarter
package_aa/000120005-10_1_1/000120005-10_1_1.png,465,0,507,158,4,quarter
package_aa/000120005-10_1_1/000120005-10_1_1.png,534,0,576,158,5,quarter
package_aa/000120005-10_1_1/000120005-10_1_1.png,606,0,642,158,6,quarter
package_aa/000120005-10_1_1/000120005-10_1_1.png,675,0,711,158,7,quarter
package_aa/000120005-10_1_1/000120005-10_1_1.png,771,0,813,158,8,eighth
package_aa/000120005-10_1_1/000120005-10_1_1.png,821,0,857,158,9,sixteenth
package_aa/000120005-10_1_1/000120005-10_1_1.png,851,0,887,158,10,sixteenth
package_aa/000120005-10_1_1/000120005-10_1_1.png,879,0,921,158,11,sixteenth
package_aa/000120005-10_1_1/000120005-10_1_1.png,909,0,951,158,12,sixteenth
package_aa/000120005-10_1_1/000120005-10_1_1.png,942,0,978,158,13,sixteenth
package_aa/000120005-10_1_1/000120005-10_1_1.png,990,0,1037,158,14,sixteenth
package_aa/000120005-10_1_1/000120005-10_1_1.png,1023,0,1065,158,15,eighth
package_aa/000120005-10_1_1/000120005-10_1_1.png,1071,0,1107,158,16,sixteenth
package_aa/000120005-10_1_1/000120005-10_1_1.png,1101,0,1137,158,17,sixteenth
package_aa/000120005-10_1_1/000120005-10_1_1.png,1129,0,1171,158,18,sixteenth
package_aa/000120005-10_1_1/000120005-10_1_1.png,1159,0,1201,158,19,sixteenth
package_aa/000120005-10_1_1/000120005-10_1_1.png,1192,0,1228,158,20,sixteenth
package_aa/000120005-10_1_1/000120005-10_1_1.png,1216,0,1263,158,21,sixteenth
package_aa/000120005-10_1_1/000120005-10_1_1.png,1279,0,1321,158,22,quarter
package_ab/190014714-1_1_1/190014714-1_1_1.png,278,0,325,118,0,whole
package_ab/190014714-1_1_1/190014714-1_1_1.png,383,0,430,118,1,whole
package_ab/190014714-1_1_1/190014714-1_1_1.png,488,0,535,118,2,whole
package_ab/190014714-1_1_1/190014714-1_1_1.png,599,0,634,118,3,half
package_ab/190014714-1_1_1/190014714-1_1_1.png,668,0,702,118,4,half
package_ab/190014714-1_1_1/190014714-1_1_1.png,736,0,773,118,5,quarter
package_ab/190014714-1_1_1/190014714-1_1_1.png,781,0,817,118,6,quarter
package_ab/190014714-1_1_1/190014714-1_1_1.png,826,0,863,118,7,quarter
package_ab/190014714-1_1_1/190014714-1_1_1.png,871,0,907,118,8,quarter
package_ab/190014714-1_1_1/190014714-1_1_1.png,917,0,951,118,9,half
package_ab/190014714-1_1_1/190014714-1_1_1.png,985,0,1021,118,10,quarter
package_ab/190014714-1_1_1/190014714-1_1_1.png,1031,0,1066,118,11,half
package_ab/190014714-1_1_1/190014714-1_1_1.png,1094,0,1141,118,12,whole
package_ab/190014714-1_1_1/190014714-1_1_1.png,1205,0,1240,118,13,half
package_ab/190014714-1_1_1/190014714-1_1_1.png,1273,0,1310,118,14,quarter
package_ab/190014714-1_1_1/190014714-1_1_1.png,1319,0,1354,118,15,half
package_ab/190014714-1_1_1/190014714-1_1_1.png,1387,0,1423,118,16,quarter
package_ab/190014714-1_1_1/190014714-1_1_1.png,1432,0,1469,118,17,quarter
package_ab/190014714-1_1_1/190014714-1_1_1.png,1477,0,1513,118,18,quarter
package_ab/210045015-1_3_1/210045015-1_3_1.png,597,0,639,146,0,eighth
package_ab/210045015-1_3_1/210045015-1_3_1.png,672,0,714,146,1,quarter
package_ab/210045015-1_3_1/210045015-1_3_1.png,745,0,779,146,2,quarter
package_ab/210045015-1_3_1/210045015-1_3_1.png,843,0,879,146,3,eighth
package_ab/210045015-1_3_1/210045015-1_3_1.png,887,0,929,146,4,sixteenth
package_ab/210045015-1_3_1/210045015-1_3_1.png,921,0,957,146,5,sixteenth
package_ab/210045015-1_3_1/210045015-1_3_1.png,948,0,990,146,6,eighth
package_ab/210045015-1_3_1/210045015-1_3_1.png,996,0,1032,146,7,eighth
package_ab/210045015-1_3_1/210045015-1_3_1.png,1068,0,1110,146,8,eighth
package_ab/210045015-1_3_1/210045015-1_3_1.png,1116,0,1152,146,9,eighth
package_ab/210045015-1_3_1/210045015-1_3_1.png,1161,0,1197,146,10,eighth
package_ab/210045015-1_3_1/210045015-1_3_1.png,1203,0,1245,146,11,eighth
package_ab/210045015-1_3_1/210045015-1_3_1.png,1281,0,1317,146,12,eighth
package_ab/210045015-1_3_1/210045015-1_3_1.png,1323,0,1365,146,13,eighth
package_ab/210045015-1_3_1/210045015-1_3_1.png,1371,0,1407,146,14,eighth
package_ab/210045015-1_3_1/210045015-1_3_1.png,1415,0,1457,146,15,eighth
package_ab/210045015-1_3_1/210045015-1_3_1.png,1497,0,1533,146,16,eighth
package_ab/210045015-1_3_1/210045015-1_3_1.png,1548,0,1584,146,17,eighth
package_ab/190001848-1_1_1/190001848-1_1_1.png,206,0,248,159,0,eighth
package_ab/190001848-1_1_1/190001848-1_1_1.png,321,0,363,159,1,eighth
package_ab/190001848-1_1_1/190001848-1_1_1.png,366,0,408,159,2,sixteenth
package_ab/190001848-1_1_1/190001848-1_1_1.png,399,0,435,159,3,sixteenth
package_ab/190001848-1_1_1/190001848-1_1_1.png,426,0,468,159,4,eighth
package_ab/190001848-1_1_1/190001848-1_1_1.png,471,0,513,159,5,sixteenth
package_ab/190001848-1_1_1/190001848-1_1_1.png,504,0,540,159,6,sixteenth
package_ab/190001848-1_1_1/190001848-1_1_1.png,561,0,603,159,7,eighth
package_ab/190001848-1_1_1/190001848-1_1_1.png,609,0,645,159,8,sixteenth
package_ab/190001848-1_1_1/190001848-1_1_1.png,637,0,679,159,9,sixteenth
package_ab/190001848-1_1_1/190001848-1_1_1.png,670,0,706,159,10,eighth
package_ab/190001848-1_1_1/190001848-1_1_1.png,712,0,754,159,11,eighth
package_ab/190001848-1_1_1/190001848-1_1_1.png,790,0,826,159,12,sixteenth
package_ab/190001848-1_1_1/190001848-1_1_1.png,817,0,859,159,13,sixteenth
package_ab/190001848-1_1_1/190001848-1_1_1.png,850,0,886,159,14,sixteenth
package_ab/190001848-1_1_1/190001848-1_1_1.png,877,0,919,159,15,sixteenth
package_ab/190001848-1_1_1/190001848-1_1_1.png,911,0,947,159,16,eighth
package_ab/190001848-1_1_1/190001848-1_1_1.png,957,0,991,159,17,eighth
package_ab/190001848-1_1_1/190001848-1_1_1.png,1028,0,1070,159,18,sixteenth
package_ab/190001848-1_1_1/190001848-1_1_1.png,1061,0,1097,159,19,sixteenth
package_ab/190001848-1_1_1/190001848-1_1_1.png,1088,0,1130,159,20,sixteenth
package_ab/190001848-1_1_1/190001848-1_1_1.png,1121,0,1157,159,21,sixteenth
package_ab/190001848-1_1_1/190001848-1_1_1.png,1152,0,1189,159,22,eighth
package_ab/190001848-1_1_1/190001848-1_1_1.png,1197,0,1234,159,23,eighth
package_aa/000109817-1_1_1/000109817-1_1_1.png,154,0,190,126,0,quarter
package_aa/000109817-1_1_1/000109817-1_1_1.png,223,0,260,126,1,eighth
package_aa/000109817-1_1_1/000109817-1_1_1.png,273,0,310,126,2,eighth
package_aa/000109817-1_1_1/000109817-1_1_1.png,318,0,354,126,3,eighth
package_aa/000109817-1_1_1/000109817-1_1_1.png,362,0,399,126,4,eighth
package_aa/000109817-1_1_1/000109817-1_1_1.png,439,0,475,126,5,quarter
package_aa/000109817-1_1_1/000109817-1_1_1.png,507,0,544,126,6,eighth
package_aa/000109817-1_1_1/000109817-1_1_1.png,553,0,589,126,7,quarter
package_aa/000109817-1_1_1/000109817-1_1_1.png,622,0,658,126,8,eighth
package_aa/000109817-1_1_1/000109817-1_1_1.png,697,0,733,126,9,eighth
package_aa/000109817-1_1_1/000109817-1_1_1.png,742,0,779,126,10,eighth
package_aa/000109817-1_1_1/000109817-1_1_1.png,787,0,823,126,11,eighth
package_aa/000109817-1_1_1/000109817-1_1_1.png,832,0,868,126,12,quarter
package_aa/000109817-1_1_1/000109817-1_1_1.png,901,0,937,126,13,eighth
package_ab/201009308-1_1_1/201009308-1_1_1.png,127,0,161,147,0,eighth
package_ab/201009308-1_1_1/201009308-1_1_1.png,168,0,210,147,1,quarter
package_ab/201009308-1_1_1/201009308-1_1_1.png,241,0,275,147,2,eighth
package_ab/201009308-1_1_1/201009308-1_1_1.png,282,0,324,147,3,eighth
package_ab/201009308-1_1_1/201009308-1_1_1.png,331,0,365,147,4,eighth
package_ab/201009308-1_1_1/201009308-1_1_1.png,375,0,411,147,5,eighth
package_ab/201009308-1_1_1/201009308-1_1_1.png,420,0,456,147,6,eighth
package_ab/201009308-1_1_1/201009308-1_1_1.png,701,0,735,147,7,eighth
package_ab/201009308-1_1_1/201009308-1_1_1.png,746,0,780,147,8,eighth
package_ab/201009308-1_1_1/201009308-1_1_1.png,791,0,825,147,9,eighth
package_ab/201009308-1_1_1/201009308-1_1_1.png,831,0,873,147,10,eighth
package_ab/201009308-1_1_1/201009308-1_1_1.png,881,0,915,147,11,eighth
package_ab/201009308-1_1_1/201009308-1_1_1.png,925,0,961,147,12,eighth
package_ab/201009308-1_1_1/201009308-1_1_1.png,966,0,1008,147,13,eighth
package_ab/201009308-1_1_1/201009308-1_1_1.png,1046,0,1081,147,14,half
package_aa/000107602-1_1_1/000107602-1_1_1.png,131,0,167,125,0,quarter
package_aa/000107602-1_1_1/000107602-1_1_1.png,271,0,308,125,1,eighth
package_aa/000107602-1_1_1/000107602-1_1_1.png,332,0,368,125,2,quarter
package_aa/000107602-1_1_1/000107602-1_1_1.png,417,0,453,125,3,quarter
package_aa/000107602-1_1_1/000107602-1_1_1.png,539,0,575,125,4,quarter
package_aa/000107602-1_1_1/000107602-1_1_1.png,624,0,660,125,5,eighth
package_aa/000107602-1_1_1/000107602-1_1_1.png,678,0,715,125,6,eighth
package_aa/000107602-1_1_1/000107602-1_1_1.png,734,0,770,125,7,quarter
package_aa/000107602-1_1_1/000107602-1_1_1.png,819,0,855,125,8,eighth
package_aa/000107602-1_1_1/000107602-1_1_1.png,873,0,910,125,9,eighth
package_aa/000107602-1_1_1/000107602-1_1_1.png,967,0,1003,125,10,quarter
package_aa/000107602-1_1_1/000107602-1_1_1.png,1106,0,1143,125,11,eighth
package_aa/000107602-1_1_1/000107602-1_1_1.png,1168,0,1204,125,12,eighth
package_aa/000107602-1_1_1/000107602-1_1_1.png,1223,0,1259,125,13,eighth
package_aa/000107602-1_1_1/000107602-1_1_1.png,1278,0,1314,125,14,eighth
package_aa/000107602-1_1_1/000107602-1_1_1.png,1333,0,1369,125,15,eighth
package_aa/000107602-1_1_1/000107602-1_1_1.png,1426,0,1462,125,16,quarter
package_aa/000107602-1_1_1/000107602-1_1_1.png,1511,0,1547,125,17,eighth
package_aa/000107602-1_1_1/000107602-1_1_1.png,1565,0,1602,125,18,eighth
package_aa/000107602-1_1_1/000107602-1_1_1.png,1621,0,1657,125,19,quarter
package_aa/000107602-1_1_1/000107602-1_1_1.png,1706,0,1742,125,20,eighth
package_aa/000107602-1_1_1/000107602-1_1_1.png,1760,0,1797,125,21,eighth
package_aa/000107602-1_1_1/000107602-1_1_1.png,1867,0,1903,125,22,quarter
package_aa/000107031-1_1_2/000107031-1_1_2.png,325,0,362,155,0,eighth
package_aa/000107031-1_1_2/000107031-1_1_2.png,370,0,406,155,1,eighth
package_aa/000107031-1_1_2/000107031-1_1_2.png,415,0,452,155,2,eighth
package_aa/000107031-1_1_2/000107031-1_1_2.png,491,0,528,155,3,quarter
package_aa/000107031-1_1_2/000107031-1_1_2.png,560,0,597,155,4,eighth
package_aa/000107031-1_1_2/000107031-1_1_2.png,636,0,673,155,5,eighth
package_aa/000107031-1_1_2/000107031-1_1_2.png,681,0,718,155,6,eighth
package_aa/000107031-1_1_2/000107031-1_1_2.png,725,0,762,155,7,eighth
package_aa/000107031-1_1_2/000107031-1_1_2.png,802,0,838,155,8,eighth
package_aa/000107031-1_1_2/000107031-1_1_2.png,847,0,883,155,9,eighth
package_ab/230002497-1_5_1/230002497-1_5_1.png,170,0,205,127,0,half
package_ab/230002497-1_5_1/230002497-1_5_1.png,275,0,312,127,1,quarter
package_ab/230002497-1_5_1/230002497-1_5_1.png,375,0,411,127,2,quarter
package_ab/230002497-1_5_1/230002497-1_5_1.png,443,0,480,127,3,quarter
package_ab/230002497-1_5_1/230002497-1_5_1.png,513,0,549,127,4,quarter
package_ab/230002497-1_5_1/230002497-1_5_1.png,613,0,647,127,5,half
package_ab/230002497-1_5_1/230002497-1_5_1.png,717,0,754,127,6,quarter
package_ab/230002497-1_5_1/230002497-1_5_1.png,817,0,853,127,7,quarter
package_ab/230002497-1_5_1/230002497-1_5_1.png,886,0,923,127,8,quarter
package_ab/230002497-1_5_1/230002497-1_5_1.png,956,0,992,127,9,quarter
package_aa/000118605-1_1_1/000118605-1_1_1.png,174,0,211,182,0,sixteenth
package_aa/000118605-1_1_1/000118605-1_1_1.png,206,0,243,182,1,sixteenth
package_aa/000118605-1_1_1/000118605-1_1_1.png,238,0,275,182,2,sixteenth
package_aa/000118605-1_1_1/000118605-1_1_1.png,269,0,306,182,3,sixteenth
package_aa/000118605-1_1_1/000118605-1_1_1.png,296,0,343,182,4,sixteenth
package_aa/000118605-1_1_1/000118605-1_1_1.png,328,0,375,182,5,sixteenth
package_aa/000118605-1_1_1/000118605-1_1_1.png,419,0,455,182,6,eighth
package_aa/000118605-1_1_1/000118605-1_1_1.png,463,0,499,182,7,eighth
package_aa/000118605-1_1_1/000118605-1_1_1.png,515,0,552,182,8,eighth
package_aa/000118605-1_1_1/000118605-1_1_1.png,711,0,748,182,9,sixteenth
package_aa/000118605-1_1_1/000118605-1_1_1.png,762,0,799,182,10,sixteenth
package_aa/000118605-1_1_1/000118605-1_1_1.png,794,0,831,182,11,sixteenth
package_aa/000118605-1_1_1/000118605-1_1_1.png,826,0,862,182,12,sixteenth
package_aa/000118605-1_1_1/000118605-1_1_1.png,858,0,894,182,13,sixteenth
package_aa/000118605-1_1_1/000118605-1_1_1.png,889,0,925,182,14,sixteenth
package_aa/000118605-1_1_1/000118605-1_1_1.png,920,0,957,182,15,eighth
package_aa/000118605-1_1_1/000118605-1_1_1.png,965,0,1002,182,16,eighth
package_aa/000118605-1_1_1/000118605-1_1_1.png,1005,0,1052,182,17,eighth
package_ab/230003604-1_1_1/230003604-1_1_1.png,159,0,194,127,0,half
package_ab/230003604-1_1_1/230003604-1_1_1.png,263,0,299,127,1,quarter
package_ab/230003604-1_1_1/230003604-1_1_1.png,363,0,399,127,2,eighth
package_ab/230003604-1_1_1/230003604-1_1_1.png,407,0,444,127,3,eighth
package_ab/230003604-1_1_1/230003604-1_1_1.png,452,0,489,127,4,quarter
package_ab/230003604-1_1_1/230003604-1_1_1.png,590,0,627,127,5,quarter
package_ab/230003604-1_1_1/230003604-1_1_1.png,713,0,748,127,6,half
package_ab/230003604-1_1_1/230003604-1_1_1.png,818,0,854,127,7,quarter
package_ab/230003604-1_1_1/230003604-1_1_1.png,887,0,923,127,8,quarter
package_ab/230003604-1_1_1/230003604-1_1_1.png,986,0,1023,127,9,eighth
package_ab/230003604-1_1_1/230003604-1_1_1.png,1032,0,1068,127,10,eighth
package_ab/230003604-1_1_1/230003604-1_1_1.png,1077,0,1113,127,11,quarter
package_ab/150205154-1_1_1/150205154-1_1_1.png,173,0,210,157,0,quarter
package_ab/150205154-1_1_1/150205154-1_1_1.png,311,0,348,157,1,quarter
package_ab/150205154-1_1_1/150205154-1_1_1.png,380,0,417,157,2,quarter
package_ab/150205154-1_1_1/150205154-1_1_1.png,479,0,516,157,3,quarter
package_ab/150205154-1_1_1/150205154-1_1_1.png,617,0,654,157,4,quarter
package_ab/150205154-1_1_1/150205154-1_1_1.png,686,0,723,157,5,quarter
package_ab/150205154-1_1_1/150205154-1_1_1.png,786,0,823,157,6,quarter
package_ab/150205154-1_1_1/150205154-1_1_1.png,924,0,961,157,7,quarter
package_ab/150205154-1_1_1/150205154-1_1_1.png,993,0,1030,157,8,quarter
package_ab/210000183-1_2_1/210000183-1_2_1.png,221,0,257,152,0,sixteenth
package_ab/210000183-1_2_1/210000183-1_2_1.png,252,0,289,152,1,sixteenth
package_ab/210000183-1_2_1/210000183-1_2_1.png,285,0,321,152,2,eighth
package_ab/210000183-1_2_1/210000183-1_2_1.png,329,0,366,152,3,sixteenth
package_ab/210000183-1_2_1/210000183-1_2_1.png,361,0,397,152,4,sixteenth
package_ab/210000183-1_2_1/210000183-1_2_1.png,393,0,430,152,5,eighth
package_ab/210000183-1_2_1/210000183-1_2_1.png,438,0,475,152,6,sixteenth
package_ab/210000183-1_2_1/210000183-1_2_1.png,470,0,506,152,7,sixteenth
package_ab/210000183-1_2_1/210000183-1_2_1.png,501,0,538,152,8,eighth
package_ab/210000183-1_2_1/210000183-1_2_1.png,547,0,583,152,9,sixteenth
package_ab/210000183-1_2_1/210000183-1_2_1.png,578,0,615,152,10,sixteenth
package_ab/210000183-1_2_1/210000183-1_2_1.png,639,0,675,152,11,eighth
package_ab/210000183-1_2_1/210000183-1_2_1.png,684,0,720,152,12,sixteenth
package_ab/210000183-1_2_1/210000183-1_2_1.png,715,0,752,152,13,sixteenth
package_ab/210000183-1_2_1/210000183-1_2_1.png,747,0,784,152,14,eighth
package_ab/210000183-1_2_1/210000183-1_2_1.png,792,0,829,152,15,sixteenth
package_ab/210000183-1_2_1/210000183-1_2_1.png,824,0,860,152,16,sixteenth
package_ab/210000183-1_2_1/210000183-1_2_1.png,855,0,892,152,17,eighth
package_ab/210000183-1_2_1/210000183-1_2_1.png,900,0,937,152,18,sixteenth
package_ab/210000183-1_2_1/210000183-1_2_1.png,932,0,969,152,19,sixteenth
package_ab/210000183-1_2_1/210000183-1_2_1.png,984,0,1021,152,20,eighth
package_ab/210000183-1_2_1/210000183-1_2_1.png,1029,0,1066,152,21,sixteenth
package_ab/210000183-1_2_1/210000183-1_2_1.png,1061,0,1098,152,22,sixteenth
package_ab/210000183-1_2_1/210000183-1_2_1.png,1121,0,1158,152,23,eighth
package_ab/210000183-1_2_1/210000183-1_2_1.png,1174,0,1211,152,24,sixteenth
package_ab/210000183-1_2_1/210000183-1_2_1.png,1205,0,1242,152,25,sixteenth
package_ab/210000183-1_2_1/210000183-1_2_1.png,1237,0,1274,152,26,sixteenth
package_ab/210000183-1_2_1/210000183-1_2_1.png,1269,0,1305,152,27,sixteenth
package_ab/210000183-1_2_1/210000183-1_2_1.png,1300,0,1337,152,28,sixteenth
package_ab/210000183-1_2_1/210000183-1_2_1.png,1333,0,1369,152,29,sixteenth
package_ab/210000183-1_2_1/210000183-1_2_1.png,1383,0,1420,152,30,eighth
package_ab/210000183-1_2_1/210000183-1_2_1.png,1428,0,1464,152,31,sixteenth
package_ab/210000183-1_2_1/210000183-1_2_1.png,1460,0,1497,152,32,sixteenth
package_ab/211004404-1_1_1/211004404-1_1_1.png,173,0,220,128,0,whole
package_ab/211004404-1_1_1/211004404-1_1_1.png,384,0,421,128,1,quarter
package_ab/211004404-1_1_1/211004404-1_1_1.png,677,0,724,128,2,whole
package_ab/211004404-1_1_1/211004404-1_1_1.png,888,0,925,128,3,quarter
package_ab/211004404-1_1_1/211004404-1_1_1.png,964,0,999,128,4,half
package_ab/211004404-1_1_1/211004404-1_1_1.png,1076,0,1113,128,5,quarter
package_ab/211004404-1_1_1/211004404-1_1_1.png,1184,0,1220,128,6,quarter
package_ab/211004404-1_1_1/211004404-1_1_1.png,1259,0,1295,128,7,quarter
package_ab/211004404-1_1_1/211004404-1_1_1.png,1333,0,1370,128,8,quarter
package_ab/211004404-1_1_1/211004404-1_1_1.png,1407,0,1444,128,9,eighth
package_ab/211004404-1_1_1/211004404-1_1_1.png,1456,0,1493,128,10,eighth
package_ab/211004404-1_1_1/211004404-1_1_1.png,1538,0,1574,128,11,quarter
package_ab/211004404-1_1_1/211004404-1_1_1.png,1613,0,1649,128,12,quarter
package_ab/211004404-1_1_1/211004404-1_1_1.png,1687,0,1724,128,13,quarter
package_ab/211004404-1_1_1/211004404-1_1_1.png,1761,0,1798,128,14,quarter
package_ab/211004404-1_1_1/211004404-1_1_1.png,1881,0,1917,128,15,quarter
package_aa/000119259-1_1_1/000119259-1_1_1.png,160,0,207,147,0,whole
package_aa/000119259-1_1_1/000119259-1_1_1.png,367,0,404,147,1,quarter
package_aa/000119259-1_1_1/000119259-1_1_1.png,440,0,477,147,2,quarter
package_aa/000119259-1_1_1/000119259-1_1_1.png,514,0,548,147,3,half
package_aa/000119259-1_1_1/000119259-1_1_1.png,841,0,877,147,4,quarter
package_aa/000119259-1_1_1/000119259-1_1_1.png,947,0,982,147,5,half
package_aa/000119259-1_1_1/000119259-1_1_1.png,1129,0,1166,147,6,quarter
package_aa/000119259-1_1_1/000119259-1_1_1.png,1237,0,1272,147,7,half
package_aa/000119259-1_1_1/000119259-1_1_1.png,1419,0,1456,147,8,quarter
package_aa/000119259-1_1_1/000119259-1_1_1.png,1525,0,1562,147,9,quarter
package_aa/000119259-1_1_1/000119259-1_1_1.png,1598,0,1634,147,10,quarter
package_aa/000119259-1_1_1/000119259-1_1_1.png,1671,0,1708,147,11,eighth
package_aa/000119259-1_1_1/000119259-1_1_1.png,1718,0,1755,147,12,quarter
package_aa/000119259-1_1_1/000119259-1_1_1.png,1791,0,1828,147,13,eighth
package_aa/000119259-1_1_1/000119259-1_1_1.png,1901,0,1938,147,14,quarter
package_ab/230005051-1_19_1/230005051-1_19_1.png,181,0,223,141,0,quarter
package_ab/230005051-1_19_1/230005051-1_19_1.png,253,0,289,141,1,quarter
package_ab/230005051-1_19_1/230005051-1_19_1.png,349,0,391,141,2,eighth
package_ab/230005051-1_19_1/230005051-1_19_1.png,397,0,433,141,3,sixteenth
package_ab/230005051-1_19_1/230005051-1_19_1.png,424,0,466,141,4,sixteenth
package_ab/230005051-1_19_1/230005051-1_19_1.png,457,0,493,141,5,sixteenth
package_ab/230005051-1_19_1/230005051-1_19_1.png,485,0,527,141,6,sixteenth
package_ab/230005051-1_19_1/230005051-1_19_1.png,519,0,553,141,7,sixteenth
package_ab/230005051-1_19_1/230005051-1_19_1.png,545,0,587,141,8,sixteenth
package_ab/230005051-1_19_1/230005051-1_19_1.png,610,0,644,141,9,eighth
package_ab/230005051-1_19_1/230005051-1_19_1.png,655,0,689,141,10,eighth
package_ab/230005051-1_19_1/230005051-1_19_1.png,695,0,737,141,11,eighth
package_ab/230005051-1_19_1/230005051-1_19_1.png,743,0,779,141,12,eighth
package_ab/230005051-1_19_1/230005051-1_19_1.png,815,0,857,141,13,sixteenth
package_ab/230005051-1_19_1/230005051-1_19_1.png,848,0,884,141,14,sixteenth
package_ab/230005051-1_19_1/230005051-1_19_1.png,876,0,918,141,15,eighth
package_ab/211000433-1_1_1/211000433-1_1_1.png,211,0,247,137,0,quarter
package_ab/211000433-1_1_1/211000433-1_1_1.png,337,0,374,137,1,quarter
package_ab/211000433-1_1_1/211000433-1_1_1.png,407,0,443,137,2,quarter
package_ab/211000433-1_1_1/211000433-1_1_1.png,475,0,512,137,3,quarter
package_ab/211000433-1_1_1/211000433-1_1_1.png,576,0,612,137,4,quarter
package_ab/211000433-1_1_1/211000433-1_1_1.png,644,0,681,137,5,quarter
package_ab/211000433-1_1_1/211000433-1_1_1.png,714,0,750,137,6,quarter
package_ab/211000433-1_1_1/211000433-1_1_1.png,814,0,850,137,7,eighth
package_ab/211000433-1_1_1/211000433-1_1_1.png,858,0,895,137,8,eighth
package_ab/211000433-1_1_1/211000433-1_1_1.png,904,0,940,137,9,eighth
package_ab/211000433-1_1_1/211000433-1_1_1.png,948,0,985,137,10,eighth
package_ab/211000433-1_1_1/211000433-1_1_1.png,994,0,1030,137,11,quarter
package_ab/211000433-1_1_1/211000433-1_1_1.png,1093,0,1130,137,12,eighth
package_ab/211000433-1_1_1/211000433-1_1_1.png,1148,0,1184,137,13,eighth
package_ab/211000433-1_1_1/211000433-1_1_1.png,1193,0,1230,137,14,eighth
package_ab/211000433-1_1_1/211000433-1_1_1.png,1238,0,1274,137,15,eighth
package_ab/211000433-1_1_1/211000433-1_1_1.png,1282,0,1319,137,16,quarter
package_ab/211000433-1_1_1/211000433-1_1_1.png,1383,0,1419,137,17,quarter
package_ab/211000433-1_1_1/211000433-1_1_1.png,1452,0,1488,137,18,quarter
package_ab/211000433-1_1_1/211000433-1_1_1.png,1521,0,1557,137,19,quarter
package_ab/230001304-1_1_1/230001304-1_1_1.png,203,0,239,153,0,eighth
package_ab/230001304-1_1_1/230001304-1_1_1.png,247,0,284,153,1,eighth
package_ab/230001304-1_1_1/230001304-1_1_1.png,293,0,329,153,2,eighth
package_ab/230001304-1_1_1/230001304-1_1_1.png,337,0,374,153,3,sixteenth
package_ab/230001304-1_1_1/230001304-1_1_1.png,370,0,406,153,4,sixteenth
package_ab/230001304-1_1_1/230001304-1_1_1.png,401,0,438,153,5,eighth
package_ab/230001304-1_1_1/230001304-1_1_1.png,446,0,483,153,6,eighth
package_ab/230001304-1_1_1/230001304-1_1_1.png,536,0,572,153,7,eighth
package_ab/230001304-1_1_1/230001304-1_1_1.png,611,0,648,153,8,sixteenth
package_ab/230001304-1_1_1/230001304-1_1_1.png,644,0,680,153,9,sixteenth
package_ab/230001304-1_1_1/230001304-1_1_1.png,675,0,712,153,10,sixteenth
package_ab/230001304-1_1_1/230001304-1_1_1.png,707,0,743,153,11,sixteenth
package_ab/230001304-1_1_1/230001304-1_1_1.png,738,0,775,153,12,sixteenth
package_ab/230001304-1_1_1/230001304-1_1_1.png,771,0,807,153,13,sixteenth
package_ab/230001304-1_1_1/230001304-1_1_1.png,802,0,839,153,14,sixteenth
package_ab/230001304-1_1_1/230001304-1_1_1.png,834,0,870,153,15,sixteenth
package_ab/230003035-1_1_1/230003035-1_1_1.png,154,0,189,125,0,half
package_ab/230003035-1_1_1/230003035-1_1_1.png,259,0,294,125,1,half
package_ab/230003035-1_1_1/230003035-1_1_1.png,395,0,429,125,2,half
package_ab/230003035-1_1_1/230003035-1_1_1.png,499,0,536,125,3,quarter
package_ab/230003035-1_1_1/230003035-1_1_1.png,568,0,605,125,4,quarter
package_ab/230003035-1_1_1/230003035-1_1_1.png,669,0,704,125,5,half
package_ab/230003035-1_1_1/230003035-1_1_1.png,774,0,808,125,6,half
package_ab/230003035-1_1_1/230003035-1_1_1.png,909,0,945,125,7,quarter
package_ab/230003035-1_1_1/230003035-1_1_1.png,978,0,1015,125,8,quarter
package_aa/000137979-1_1_1/000137979-1_1_1.png,233,0,269,147,0,quarter
package_aa/000137979-1_1_1/000137979-1_1_1.png,361,0,395,147,1,half
package_aa/000137979-1_1_1/000137979-1_1_1.png,466,0,500,147,2,half
package_aa/000137979-1_1_1/000137979-1_1_1.png,600,0,637,147,3,eighth
package_aa/000137979-1_1_1/000137979-1_1_1.png,645,0,682,147,4,eighth
package_aa/000137979-1_1_1/000137979-1_1_1.png,690,0,727,147,5,quarter
package_aa/000137979-1_1_1/000137979-1_1_1.png,828,0,865,147,6,quarter
package_aa/000137979-1_1_1/000137979-1_1_1.png,929,0,965,147,7,quarter
package_aa/000137979-1_1_1/000137979-1_1_1.png,997,0,1034,147,8,quarter
package_aa/000137979-1_1_1/000137979-1_1_1.png,1067,0,1103,147,9,quarter
package_aa/000137979-1_1_1/000137979-1_1_1.png,1135,0,1172,147,10,quarter
package_aa/000137979-1_1_1/000137979-1_1_1.png,1235,0,1272,147,11,eighth
package_aa/000137979-1_1_1/000137979-1_1_1.png,1280,0,1317,147,12,eighth
package_aa/000137979-1_1_1/000137979-1_1_1.png,1325,0,1362,147,13,quarter
package_aa/000137979-1_1_1/000137979-1_1_1.png,1463,0,1500,147,14,quarter
package_ab/220010819-1_36_2/220010819-1_36_2.png,793,0,830,149,0,eighth
package_ab/220010819-1_36_2/220010819-1_36_2.png,885,0,922,149,1,sixteenth
package_ab/220010819-1_36_2/220010819-1_36_2.png,924,0,960,149,2,sixteenth
package_ab/220010819-1_36_2/220010819-1_36_2.png,963,0,1000,149,3,quarter
package_ab/220010819-1_36_2/220010819-1_36_2.png,1046,0,1083,149,4,eighth
package_ab/220010819-1_36_2/220010819-1_36_2.png,1101,0,1137,149,5,sixteenth
package_ab/220010819-1_36_2/220010819-1_36_2.png,1139,0,1176,149,6,sixteenth
package_ab/220010819-1_36_2/220010819-1_36_2.png,1179,0,1215,149,7,quarter
package_ab/220010819-1_36_2/220010819-1_36_2.png,1262,0,1298,149,8,eighth
package_ab/220010819-1_36_2/220010819-1_36_2.png,1354,0,1391,149,9,sixteenth
package_ab/220010819-1_36_2/220010819-1_36_2.png,1393,0,1429,149,10,sixteenth
package_ab/220010819-1_36_2/220010819-1_36_2.png,1431,0,1468,149,11,quarter
package_ab/220010819-1_36_2/220010819-1_36_2.png,1514,0,1551,149,12,eighth
package_ab/220010819-1_36_2/220010819-1_36_2.png,1569,0,1606,149,13,sixteenth
package_ab/220010819-1_36_2/220010819-1_36_2.png,1609,0,1645,149,14,sixteenth
package_ab/220010819-1_36_2/220010819-1_36_2.png,1647,0,1684,149,15,eighth
package_aa/000131714-1_1_1/000131714-1_1_1.png,157,0,194,128,0,eighth
package_aa/000131714-1_1_1/000131714-1_1_1.png,202,0,239,128,1,eighth
package_aa/000131714-1_1_1/000131714-1_1_1.png,247,0,284,128,2,eighth
package_aa/000131714-1_1_1/000131714-1_1_1.png,292,0,329,128,3,eighth
package_aa/000131714-1_1_1/000131714-1_1_1.png,337,0,374,128,4,quarter
package_aa/000131714-1_1_1/000131714-1_1_1.png,406,0,443,128,5,quarter
package_aa/000131714-1_1_1/000131714-1_1_1.png,506,0,541,128,6,half
package_aa/000131714-1_1_1/000131714-1_1_1.png,653,0,689,128,7,eighth
package_aa/000131714-1_1_1/000131714-1_1_1.png,698,0,734,128,8,eighth
package_aa/000131714-1_1_1/000131714-1_1_1.png,743,0,779,128,9,eighth
package_aa/000131714-1_1_1/000131714-1_1_1.png,788,0,824,128,10,eighth
package_aa/000131714-1_1_1/000131714-1_1_1.png,864,0,900,128,11,quarter
package_aa/000131714-1_1_1/000131714-1_1_1.png,932,0,969,128,12,quarter
package_aa/000131714-1_1_1/000131714-1_1_1.png,1002,0,1037,128,13,half
package_aa/000105486-1_1_1/000105486-1_1_1.png,123,0,165,165,0,quarter
package_aa/000105486-1_1_1/000105486-1_1_1.png,192,0,234,165,1,quarter
package_aa/000105486-1_1_1/000105486-1_1_1.png,309,0,345,165,2,eighth
package_aa/000105486-1_1_1/000105486-1_1_1.png,351,0,393,165,3,eighth
package_aa/000105486-1_1_1/000105486-1_1_1.png,393,0,440,165,4,eighth
package_aa/000105486-1_1_1/000105486-1_1_1.png,471,0,513,165,5,eighth
package_aa/000105486-1_1_1/000105486-1_1_1.png,519,0,555,165,6,eighth
package_aa/000105486-1_1_1/000105486-1_1_1.png,558,0,605,165,7,eighth
package_aa/000105486-1_1_1/000105486-1_1_1.png,615,0,657,165,8,eighth
package_aa/000105486-1_1_1/000105486-1_1_1.png,660,0,702,165,9,quarter
package_aa/000105486-1_1_1/000105486-1_1_1.png,732,0,768,165,10,quarter
package_aa/000105486-1_1_1/000105486-1_1_1.png,874,0,910,165,11,eighth
package_aa/000105486-1_1_1/000105486-1_1_1.png,916,0,958,165,12,eighth
package_aa/000105486-1_1_1/000105486-1_1_1.png,964,0,1000,165,13,eighth
package_aa/000105486-1_1_1/000105486-1_1_1.png,1006,0,1048,165,14,eighth
package_aa/000105486-1_1_1/000105486-1_1_1.png,1054,0,1090,165,15,eighth
package_aa/000105486-1_1_1/000105486-1_1_1.png,1108,0,1144,165,16,eighth
package_aa/000105486-1_1_1/000105486-1_1_1.png,1159,0,1201,165,17,eighth
package_aa/000105486-1_1_1/000105486-1_1_1.png,1258,0,1300,165,18,eighth
package_aa/000115629-1_1_1/000115629-1_1_1.png,115,0,162,152,0,sixteenth
package_aa/000115629-1_1_1/000115629-1_1_1.png,153,0,190,152,1,sixteenth
package_aa/000115629-1_1_1/000115629-1_1_1.png,184,0,221,152,2,sixteenth
package_aa/000115629-1_1_1/000115629-1_1_1.png,216,0,253,152,3,sixteenth
package_aa/000115629-1_1_1/000115629-1_1_1.png,271,0,318,152,4,sixteenth
package_aa/000115629-1_1_1/000115629-1_1_1.png,309,0,345,152,5,sixteenth
package_aa/000115629-1_1_1/000115629-1_1_1.png,335,0,382,152,6,sixteenth
package_aa/000115629-1_1_1/000115629-1_1_1.png,372,0,408,152,7,sixteenth
package_aa/000115629-1_1_1/000115629-1_1_1.png,398,0,445,152,8,sixteenth
package_aa/000115629-1_1_1/000115629-1_1_1.png,436,0,472,152,9,sixteenth
package_aa/000115629-1_1_1/000115629-1_1_1.png,462,0,509,152,10,sixteenth
package_aa/000115629-1_1_1/000115629-1_1_1.png,499,0,535,152,11,sixteenth
package_aa/000115629-1_1_1/000115629-1_1_1.png,554,0,601,152,12,sixteenth
package_aa/000115629-1_1_1/000115629-1_1_1.png,591,0,628,152,13,sixteenth
package_aa/000115629-1_1_1/000115629-1_1_1.png,623,0,660,152,14,sixteenth
package_aa/000115629-1_1_1/000115629-1_1_1.png,655,0,692,152,15,sixteenth
package_aa/000115629-1_1_1/000115629-1_1_1.png,681,0,728,152,16,sixteenth
package_aa/000115629-1_1_1/000115629-1_1_1.png,718,0,755,152,17,sixteenth
package_aa/000115629-1_1_1/000115629-1_1_1.png,750,0,787,152,18,sixteenth
package_aa/000115629-1_1_1/000115629-1_1_1.png,782,0,819,152,19,sixteenth
package_aa/000102361-1_1_1/000102361-1_1_1.png,124,0,161,130,0,quarter
package_aa/000102361-1_1_1/000102361-1_1_1.png,193,0,230,130,1,sixteenth
package_aa/000102361-1_1_1/000102361-1_1_1.png,225,0,262,130,2,sixteenth
package_aa/000102361-1_1_1/000102361-1_1_1.png,256,0,293,130,3,sixteenth
package_aa/000102361-1_1_1/000102361-1_1_1.png,288,0,325,130,4,sixteenth
package_aa/000102361-1_1_1/000102361-1_1_1.png,320,0,356,130,5,sixteenth
package_aa/000102361-1_1_1/000102361-1_1_1.png,352,0,388,130,6,sixteenth
package_aa/000102361-1_1_1/000102361-1_1_1.png,383,0,420,130,7,sixteenth
package_aa/000102361-1_1_1/000102361-1_1_1.png,414,0,451,130,8,sixteenth
package_aa/000102361-1_1_1/000102361-1_1_1.png,475,0,512,130,9,quarter
package_aa/000102361-1_1_1/000102361-1_1_1.png,544,0,581,130,10,sixteenth
package_aa/000102361-1_1_1/000102361-1_1_1.png,576,0,613,130,11,sixteenth
package_aa/000102361-1_1_1/000102361-1_1_1.png,608,0,645,130,12,sixteenth
package_aa/000102361-1_1_1/000102361-1_1_1.png,640,0,676,130,13,sixteenth
package_aa/000102361-1_1_1/000102361-1_1_1.png,671,0,708,130,14,eighth
package_aa/000102361-1_1_1/000102361-1_1_1.png,716,0,753,130,15,eighth
package_aa/000102361-1_1_1/000102361-1_1_1.png,761,0,797,130,16,eighth
package_aa/000102361-1_1_1/000102361-1_1_1.png,806,0,843,130,17,eighth
package_aa/000107032-6_1_1/000107032-6_1_1.png,196,0,232,142,0,quarter
package_aa/000107032-6_1_1/000107032-6_1_1.png,295,0,331,142,1,quarter
package_aa/000107032-6_1_1/000107032-6_1_1.png,364,0,400,142,2,quarter
package_aa/000107032-6_1_1/000107032-6_1_1.png,430,0,472,142,3,quarter
package_aa/000107032-6_1_1/000107032-6_1_1.png,502,0,538,142,4,quarter
package_aa/000107032-6_1_1/000107032-6_1_1.png,601,0,637,142,5,quarter
package_aa/000107032-6_1_1/000107032-6_1_1.png,667,0,709,142,6,quarter
package_aa/000107032-6_1_1/000107032-6_1_1.png,739,0,775,142,7,quarter
package_aa/000107032-6_1_1/000107032-6_1_1.png,808,0,844,142,8,quarter
package_aa/000107032-6_1_1/000107032-6_1_1.png,907,0,943,142,9,quarter
package_aa/000107032-6_1_1/000107032-6_1_1.png,973,0,1015,142,10,quarter
package_aa/000107032-6_1_1/000107032-6_1_1.png,1045,0,1081,142,11,quarter
package_aa/000107032-6_1_1/000107032-6_1_1.png,1111,0,1153,142,12,quarter
package_aa/000107032-6_1_1/000107032-6_1_1.png,1214,0,1249,142,13,half
package_ab/190000988-1_1_1/190000988-1_1_1.png,376,0,413,154,0,eighth
package_ab/190000988-1_1_1/190000988-1_1_1.png,422,0,459,154,1,eighth
package_ab/190000988-1_1_1/190000988-1_1_1.png,466,0,503,154,2,sixteenth
package_ab/190000988-1_1_1/190000988-1_1_1.png,498,0,535,154,3,sixteenth
package_ab/190000988-1_1_1/190000988-1_1_1.png,530,0,567,154,4,eighth
package_ab/190000988-1_1_1/190000988-1_1_1.png,575,0,611,154,5,eighth
package_ab/190000988-1_1_1/190000988-1_1_1.png,925,0,962,154,6,eighth
package_ab/190000988-1_1_1/190000988-1_1_1.png,970,0,1007,154,7,eighth
package_ab/190000988-1_1_1/190000988-1_1_1.png,1015,0,1052,154,8,sixteenth
package_ab/190000988-1_1_1/190000988-1_1_1.png,1046,0,1083,154,9,sixteenth
package_ab/190000988-1_1_1/190000988-1_1_1.png,1078,0,1115,154,10,eighth
package_ab/190000988-1_1_1/190000988-1_1_1.png,1123,0,1159,154,11,eighth
package_ab/190000988-1_1_1/190000988-1_1_1.png,1311,0,1348,154,12,eighth
package_ab/190000988-1_1_1/190000988-1_1_1.png,1356,0,1393,154,13,eighth
package_ab/190000988-1_1_1/190000988-1_1_1.png,1401,0,1438,154,14,sixteenth
package_ab/190000988-1_1_1/190000988-1_1_1.png,1433,0,1470,154,15,sixteenth
package_aa/000107128-1_1_2/000107128-1_1_2.png,555,0,591,159,0,eighth
package_aa/000107128-1_1_2/000107128-1_1_2.png,630,0,667,159,1,quarter
package_aa/000107128-1_1_2/000107128-1_1_2.png,699,0,736,159,2,sixteenth
package_aa/000107128-1_1_2/000107128-1_1_2.png,731,0,768,159,3,sixteenth
package_aa/000107128-1_1_2/000107128-1_1_2.png,763,0,799,159,4,sixteenth
package_aa/000107128-1_1_2/000107128-1_1_2.png,795,0,831,159,5,sixteenth
package_aa/000107128-1_1_2/000107128-1_1_2.png,826,0,863,159,6,eighth
package_aa/000107128-1_1_2/000107128-1_1_2.png,871,0,908,159,7,quarter
package_aa/000107128-1_1_2/000107128-1_1_2.png,940,0,976,159,8,eighth
package_aa/000107128-1_1_2/000107128-1_1_2.png,1016,0,1053,159,9,quarter
package_aa/000107128-1_1_2/000107128-1_1_2.png,1085,0,1122,159,10,sixteenth
package_aa/000107128-1_1_2/000107128-1_1_2.png,1116,0,1153,159,11,sixteenth
package_aa/000107128-1_1_2/000107128-1_1_2.png,1148,0,1184,159,12,sixteenth
package_aa/000107128-1_1_2/000107128-1_1_2.png,1180,0,1216,159,13,sixteenth
package_ab/230001127-1_3_2/230001127-1_3_2.png,437,0,473,100,0,quarter
package_ab/230001127-1_3_2/230001127-1_3_2.png,537,0,572,100,1,half
package_ab/230001127-1_3_2/230001127-1_3_2.png,638,0,680,100,2,quarter
package_ab/230001127-1_3_2/230001127-1_3_2.png,737,0,779,100,3,quarter
package_ab/230001127-1_3_2/230001127-1_3_2.png,809,0,845,100,4,quarter
package_ab/230001127-1_3_2/230001127-1_3_2.png,875,0,917,100,5,quarter
package_ab/230001127-1_3_2/230001127-1_3_2.png,977,0,1013,100,6,quarter
package_ab/230001127-1_3_2/230001127-1_3_2.png,1048,0,1082,100,7,eighth
package_ab/230001127-1_3_2/230001127-1_3_2.png,1088,0,1130,100,8,eighth
package_ab/230001127-1_3_2/230001127-1_3_2.png,1136,0,1172,100,9,eighth
package_ab/230001127-1_3_2/230001127-1_3_2.png,1178,0,1220,100,10,eighth
package_ab/201007966-1_1_1/201007966-1_1_1.png,136,0,178,127,0,quarter
package_ab/201007966-1_1_1/201007966-1_1_1.png,267,0,302,127,1,half
package_ab/201007966-1_1_1/201007966-1_1_1.png,371,0,407,127,2,quarter
package_ab/201007966-1_1_1/201007966-1_1_1.png,440,0,476,127,3,quarter
package_ab/201007966-1_1_1/201007966-1_1_1.png,540,0,574,127,4,half
package_ab/201007966-1_1_1/201007966-1_1_1.png,641,0,683,127,5,quarter
package_ab/201007966-1_1_1/201007966-1_1_1.png,710,0,752,127,6,quarter
package_ab/201007966-1_1_1/201007966-1_1_1.png,813,0,847,127,7,quarter
package_ab/201007966-1_1_1/201007966-1_1_1.png,881,0,917,127,8,quarter
package_ab/201007966-1_1_1/201007966-1_1_1.png,950,0,986,127,9,quarter
package_ab/201007966-1_1_1/201007966-1_1_1.png,1016,0,1058,127,10,quarter
package_ab/201007966-1_1_1/201007966-1_1_1.png,1119,0,1154,127,11,half
package_ab/201007966-1_1_1/201007966-1_1_1.png,1220,0,1262,127,12,quarter
package_aa/000130472-1_1_1/000130472-1_1_1.png,146,0,182,126,0,eighth
package_aa/000130472-1_1_1/000130472-1_1_1.png,260,0,296,126,1,quarter
package_aa/000130472-1_1_1/000130472-1_1_1.png,329,0,365,126,2,eighth
package_aa/000130472-1_1_1/000130472-1_1_1.png,374,0,410,126,3,eighth
package_aa/000130472-1_1_1/000130472-1_1_1.png,419,0,455,126,4,eighth
package_aa/000130472-1_1_1/000130472-1_1_1.png,464,0,500,126,5,eighth
package_aa/000130472-1_1_1/000130472-1_1_1.png,540,0,576,126,6,quarter
package_aa/000130472-1_1_1/000130472-1_1_1.png,609,0,645,126,7,eighth
package_aa/000130472-1_1_1/000130472-1_1_1.png,654,0,690,126,8,quarter
package_aa/000130472-1_1_1/000130472-1_1_1.png,723,0,760,126,9,eighth
package_aa/000130472-1_1_1/000130472-1_1_1.png,799,0,836,126,10,quarter
package_aa/000130472-1_1_1/000130472-1_1_1.png,868,0,905,126,11,eighth
package_aa/000130472-1_1_1/000130472-1_1_1.png,917,0,954,126,12,quarter
package_aa/000130472-1_1_1/000130472-1_1_1.png,986,0,1023,126,13,eighth
package_aa/000130472-1_1_1/000130472-1_1_1.png,1073,0,1109,126,14,quarter
package_aa/000135119-20_1_1/000135119-20_1_1.png,165,0,202,166,0,quarter
package_aa/000135119-20_1_1/000135119-20_1_1.png,292,0,329,166,1,quarter
package_aa/000135119-20_1_1/000135119-20_1_1.png,361,0,398,166,2,eighth
package_aa/000135119-20_1_1/000135119-20_1_1.png,406,0,443,166,3,eighth
package_aa/000135119-20_1_1/000135119-20_1_1.png,452,0,488,166,4,eighth
package_aa/000135119-20_1_1/000135119-20_1_1.png,497,0,533,166,5,eighth
package_aa/000135119-20_1_1/000135119-20_1_1.png,572,0,609,166,6,eighth
package_aa/000135119-20_1_1/000135119-20_1_1.png,617,0,653,166,7,eighth
package_aa/000135119-20_1_1/000135119-20_1_1.png,662,0,699,166,8,quarter
package_aa/000135119-20_1_1/000135119-20_1_1.png,731,0,768,166,9,quarter
package_aa/000135119-20_1_1/000135119-20_1_1.png,831,0,868,166,10,quarter
package_aa/000135119-20_1_1/000135119-20_1_1.png,900,0,937,166,11,eighth
package_aa/000135119-20_1_1/000135119-20_1_1.png,945,0,982,166,12,eighth
package_aa/000135119-20_1_1/000135119-20_1_1.png,991,0,1027,166,13,eighth
package_aa/000135119-20_1_1/000135119-20_1_1.png,1036,0,1072,166,14,eighth
package_aa/000135119-20_1_1/000135119-20_1_1.png,1111,0,1148,166,15,quarter
package_aa/000135119-20_1_1/000135119-20_1_1.png,1174,0,1221,166,16,quarter
package_aa/000135119-20_1_1/000135119-20_1_1.png,1248,0,1285,166,17,quarter
package_ab/110003121-1_1_1/110003121-1_1_1.png,199,0,235,136,0,quarter
package_ab/110003121-1_1_1/110003121-1_1_1.png,323,0,365,136,1,quarter
package_ab/110003121-1_1_1/110003121-1_1_1.png,392,0,434,136,2,quarter
package_ab/110003121-1_1_1/110003121-1_1_1.png,465,0,499,136,3,quarter
package_ab/110003121-1_1_1/110003121-1_1_1.png,560,0,602,136,4,quarter
package_ab/110003121-1_1_1/110003121-1_1_1.png,629,0,671,136,5,quarter
package_ab/110003121-1_1_1/110003121-1_1_1.png,746,0,782,136,6,eighth
package_ab/110003121-1_1_1/110003121-1_1_1.png,821,0,857,136,7,quarter
package_ab/110003121-1_1_1/110003121-1_1_1.png,890,0,926,136,8,quarter
package_ab/110003121-1_1_1/110003121-1_1_1.png,956,0,998,136,9,quarter
package_ab/210097448-1_2_1/210097448-1_2_1.png,191,0,228,174,0,quarter
package_ab/210097448-1_2_1/210097448-1_2_1.png,449,0,486,174,1,eighth
package_ab/210097448-1_2_1/210097448-1_2_1.png,494,0,531,174,2,eighth
package_ab/210097448-1_2_1/210097448-1_2_1.png,539,0,576,174,3,eighth
package_ab/210097448-1_2_1/210097448-1_2_1.png,584,0,621,174,4,sixteenth
package_ab/210097448-1_2_1/210097448-1_2_1.png,616,0,653,174,5,sixteenth
package_ab/210097448-1_2_1/210097448-1_2_1.png,648,0,685,174,6,sixteenth
package_ab/210097448-1_2_1/210097448-1_2_1.png,679,0,716,174,7,sixteenth
package_ab/210097448-1_2_1/210097448-1_2_1.png,711,0,748,174,8,sixteenth
package_ab/210097448-1_2_1/210097448-1_2_1.png,742,0,779,174,9,sixteenth
package_ab/210097448-1_2_1/210097448-1_2_1.png,803,0,840,174,10,quarter
package_ab/210097448-1_2_1/210097448-1_2_1.png,1062,0,1099,174,11,eighth
package_ab/210097448-1_2_1/210097448-1_2_1.png,1107,0,1144,174,12,eighth
package_ab/210097448-1_2_1/210097448-1_2_1.png,1152,0,1189,174,13,eighth
package_ab/210097448-1_2_1/210097448-1_2_1.png,1197,0,1234,174,14,sixteenth
package_ab/210097448-1_2_1/210097448-1_2_1.png,1229,0,1266,174,15,sixteenth
package_ab/210097448-1_2_1/210097448-1_2_1.png,1260,0,1297,174,16,sixteenth
package_ab/210097448-1_2_1/210097448-1_2_1.png,1292,0,1329,174,17,sixteenth
package_ab/210097448-1_2_1/210097448-1_2_1.png,1323,0,1360,174,18,sixteenth
package_ab/210097448-1_2_1/210097448-1_2_1.png,1355,0,1392,174,19,sixteenth
package_ab/210097448-1_2_1/210097448-1_2_1.png,1411,0,1458,174,20,eighth
package_ab/210097448-1_2_1/210097448-1_2_1.png,1461,0,1498,174,21,eighth
package_ab/210097448-1_2_1/210097448-1_2_1.png,1506,0,1543,174,22,eighth
package_ab/220010069-1_1_1/220010069-1_1_1.png,327,0,362,154,0,half
package_ab/220010069-1_1_1/220010069-1_1_1.png,431,0,468,154,1,eighth
package_ab/220010069-1_1_1/220010069-1_1_1.png,476,0,513,154,2,eighth
package_ab/220010069-1_1_1/220010069-1_1_1.png,551,0,588,154,3,quarter
package_ab/220010069-1_1_1/220010069-1_1_1.png,621,0,658,154,4,quarter
package_ab/220010069-1_1_1/220010069-1_1_1.png,690,0,726,154,5,quarter
package_ab/220010069-1_1_1/220010069-1_1_1.png,790,0,827,154,6,quarter
package_ab/220010069-1_1_1/220010069-1_1_1.png,859,0,895,154,7,quarter
package_ab/220010069-1_1_1/220010069-1_1_1.png,1028,0,1064,154,8,quarter
package_ab/220010069-1_1_1/220010069-1_1_1.png,1096,0,1133,154,9,quarter
package_ab/220010069-1_1_1/220010069-1_1_1.png,1165,0,1202,154,10,quarter
package_ab/220010069-1_1_1/220010069-1_1_1.png,1265,0,1302,154,11,quarter
package_ab/220010069-1_1_1/220010069-1_1_1.png,1335,0,1371,154,12,quarter
package_aa/000125340-1_1_1/000125340-1_1_1.png,193,0,230,141,0,sixteenth
package_aa/000125340-1_1_1/000125340-1_1_1.png,241,0,277,141,1,sixteenth
package_aa/000125340-1_1_1/000125340-1_1_1.png,316,0,353,141,2,eighth
package_aa/000125340-1_1_1/000125340-1_1_1.png,362,0,398,141,3,eighth
package_aa/000125340-1_1_1/000125340-1_1_1.png,407,0,443,141,4,eighth
package_aa/000125340-1_1_1/000125340-1_1_1.png,452,0,488,141,5,eighth
package_aa/000125340-1_1_1/000125340-1_1_1.png,497,0,533,141,6,eighth
package_aa/000125340-1_1_1/000125340-1_1_1.png,542,0,578,141,7,eighth
package_aa/000125340-1_1_1/000125340-1_1_1.png,618,0,655,141,8,eighth
package_aa/000125340-1_1_1/000125340-1_1_1.png,663,0,700,141,9,eighth
package_aa/000125340-1_1_1/000125340-1_1_1.png,708,0,745,141,10,eighth
package_aa/000125340-1_1_1/000125340-1_1_1.png,753,0,789,141,11,quarter
package_aa/000125340-1_1_1/000125340-1_1_1.png,821,0,858,141,12,sixteenth
package_aa/000125340-1_1_1/000125340-1_1_1.png,854,0,890,141,13,sixteenth
package_aa/000125340-1_1_1/000125340-1_1_1.png,914,0,951,141,14,eighth
package_aa/000125340-1_1_1/000125340-1_1_1.png,959,0,995,141,15,eighth
package_aa/000125340-1_1_1/000125340-1_1_1.png,1004,0,1040,141,16,eighth
package_aa/000125340-1_1_1/000125340-1_1_1.png,1050,0,1086,141,17,eighth
package_aa/000125340-1_1_1/000125340-1_1_1.png,1095,0,1131,141,18,eighth
package_aa/000125340-1_1_1/000125340-1_1_1.png,1140,0,1176,141,19,eighth
package_aa/000125340-1_1_1/000125340-1_1_1.png,1214,0,1251,141,20,quarter
package_aa/000125340-1_1_1/000125340-1_1_1.png,1284,0,1321,141,21,eighth
package_aa/000125340-1_1_1/000125340-1_1_1.png,1329,0,1365,141,22,quarter
package_ab/220011012-1_23_2/220011012-1_23_2.png,360,0,396,149,0,eighth
package_ab/220011012-1_23_2/220011012-1_23_2.png,409,0,446,149,1,eighth
package_ab/220011012-1_23_2/220011012-1_23_2.png,455,0,491,149,2,eighth
package_ab/220011012-1_23_2/220011012-1_23_2.png,530,0,567,149,3,quarter
package_ab/220011012-1_23_2/220011012-1_23_2.png,599,0,636,149,4,eighth
package_ab/220011012-1_23_2/220011012-1_23_2.png,676,0,712,149,5,sixteenth
package_ab/220011012-1_23_2/220011012-1_23_2.png,707,0,744,149,6,sixteenth
package_ab/220011012-1_23_2/220011012-1_23_2.png,738,0,775,149,7,quarter
package_ab/220011012-1_23_2/220011012-1_23_2.png,838,0,875,149,8,eighth
package_ab/220011012-1_23_2/220011012-1_23_2.png,883,0,920,149,9,eighth
package_ab/220011012-1_23_2/220011012-1_23_2.png,929,0,965,149,10,eighth
package_ab/220011012-1_23_2/220011012-1_23_2.png,1004,0,1041,149,11,quarter
package_ab/220011012-1_23_2/220011012-1_23_2.png,1073,0,1110,149,12,eighth
package_ab/220011012-1_23_2/220011012-1_23_2.png,1152,0,1189,149,13,eighth
package_ab/220011012-1_23_2/220011012-1_23_2.png,1203,0,1240,149,14,eighth
package_ab/220000554-1_3_1/220000554-1_3_1.png,247,0,294,152,0,quarter
package_ab/220000554-1_3_1/220000554-1_3_1.png,316,0,363,152,1,quarter
package_ab/220000554-1_3_1/220000554-1_3_1.png,388,0,430,152,2,quarter
package_ab/220000554-1_3_1/220000554-1_3_1.png,485,0,532,152,3,eighth
package_ab/220000554-1_3_1/220000554-1_3_1.png,582,0,616,152,4,quarter
package_ab/220000554-1_3_1/220000554-1_3_1.png,651,0,685,152,5,sixteenth
package_ab/220000554-1_3_1/220000554-1_3_1.png,700,0,742,152,6,sixteenth
package_ab/220000554-1_3_1/220000554-1_3_1.png,735,0,769,152,7,sixteenth
package_ab/220000554-1_3_1/220000554-1_3_1.png,761,0,803,152,8,sixteenth
package_ab/220000554-1_3_1/220000554-1_3_1.png,795,0,829,152,9,eighth
package_ab/220000554-1_3_1/220000554-1_3_1.png,836,0,878,152,10,eighth
package_ab/220000554-1_3_1/220000554-1_3_1.png,916,0,950,152,11,sixteenth
package_ab/220000554-1_3_1/220000554-1_3_1.png,941,0,983,152,12,sixteenth
package_ab/220000554-1_3_1/220000554-1_3_1.png,976,0,1010,152,13,sixteenth
package_ab/220000554-1_3_1/220000554-1_3_1.png,1002,0,1044,152,14,sixteenth
package_ab/220000554-1_3_1/220000554-1_3_1.png,1036,0,1071,152,15,half
package_ab/220000554-1_3_1/220000554-1_3_1.png,1141,0,1175,152,16,quarter
package_aa/100198421-1_1_1/100198421-1_1_1.png,123,0,170,125,0,whole
package_aa/100198421-1_1_1/100198421-1_1_1.png,344,0,379,125,1,half
package_aa/100198421-1_1_1/100198421-1_1_1.png,449,0,484,125,2,half
package_aa/100198421-1_1_1/100198421-1_1_1.png,583,0,620,125,3,quarter
package_aa/100198421-1_1_1/100198421-1_1_1.png,654,0,689,125,4,half
package_aa/100198421-1_1_1/100198421-1_1_1.png,757,0,794,125,5,quarter
package_aa/100198421-1_1_1/100198421-1_1_1.png,857,0,894,125,6,quarter
package_aa/100198421-1_1_1/100198421-1_1_1.png,928,0,963,125,7,half
package_aa/100198421-1_1_1/100198421-1_1_1.png,1031,0,1068,125,8,quarter
package_aa/100198421-1_1_1/100198421-1_1_1.png,1142,0,1178,125,9,quarter
package_ab/230000051-1_14_1/230000051-1_14_1.png,125,0,159,125,0,half
package_ab/230000051-1_14_1/230000051-1_14_1.png,230,0,265,125,1,half
package_ab/230000051-1_14_1/230000051-1_14_1.png,335,0,370,125,2,half
package_ab/230000051-1_14_1/230000051-1_14_1.png,440,0,474,125,3,half
package_ab/230000051-1_14_1/230000051-1_14_1.png,576,0,611,125,4,half
package_ab/230000051-1_14_1/230000051-1_14_1.png,681,0,716,125,5,half
package_ab/230000051-1_14_1/230000051-1_14_1.png,785,0,819,125,6,half
package_ab/230000051-1_14_1/230000051-1_14_1.png,891,0,926,125,7,half
package_ab/230000051-1_14_1/230000051-1_14_1.png,1025,0,1072,125,8,whole
package_ab/220010819-1_22_1/220010819-1_22_1.png,181,0,223,157,0,eighth
package_ab/220010819-1_22_1/220010819-1_22_1.png,295,0,337,157,1,sixteenth
package_ab/220010819-1_22_1/220010819-1_22_1.png,325,0,367,157,2,sixteenth
package_ab/220010819-1_22_1/220010819-1_22_1.png,355,0,397,157,3,sixteenth
package_ab/220010819-1_22_1/220010819-1_22_1.png,386,0,428,157,4,sixteenth
package_ab/220010819-1_22_1/220010819-1_22_1.png,416,0,458,157,5,sixteenth
package_ab/220010819-1_22_1/220010819-1_22_1.png,446,0,488,157,6,sixteenth
package_ab/220010819-1_22_1/220010819-1_22_1.png,506,0,548,157,7,eighth
package_ab/220010819-1_22_1/220010819-1_22_1.png,554,0,590,157,8,eighth
package_ab/220010819-1_22_1/220010819-1_22_1.png,706,0,742,157,9,sixteenth
package_ab/220010819-1_22_1/220010819-1_22_1.png,733,0,775,157,10,sixteenth
package_ab/220010819-1_22_1/220010819-1_22_1.png,767,0,803,157,11,sixteenth
package_ab/220010819-1_22_1/220010819-1_22_1.png,794,0,836,157,12,sixteenth
package_ab/220010819-1_22_1/220010819-1_22_1.png,827,0,863,157,13,sixteenth
package_ab/220010819-1_22_1/220010819-1_22_1.png,884,0,926,157,14,eighth
package_ab/220010819-1_22_1/220010819-1_22_1.png,932,0,968,157,15,eighth
package_ab/210022171-1_2_2/210022171-1_2_2.png,413,0,447,118,0,half
package_ab/210022171-1_2_2/210022171-1_2_2.png,568,0,603,118,1,half
package_ab/210022171-1_2_2/210022171-1_2_2.png,689,0,724,118,2,half
package_ab/210022171-1_2_2/210022171-1_2_2.png,845,0,880,118,3,half
package_ab/210022171-1_2_2/210022171-1_2_2.png,966,0,1000,118,4,half
package_ab/210022171-1_2_2/210022171-1_2_2.png,1121,0,1156,118,5,half
package_ab/210022171-1_2_2/210022171-1_2_2.png,1243,0,1277,118,6,half
package_ab/210022171-1_2_2/210022171-1_2_2.png,1426,0,1460,118,7,half
package_ab/210022171-1_2_2/210022171-1_2_2.png,1547,0,1582,118,8,half
package_ab/210022171-1_2_2/210022171-1_2_2.png,1702,0,1737,118,9,half
package_ab/210022171-1_2_2/210022171-1_2_2.png,1820,0,1862,118,10,quarter
package_aa/000109632-1_1_1/000109632-1_1_1.png,175,0,217,159,0,sixteenth
package_aa/000109632-1_1_1/000109632-1_1_1.png,224,0,260,159,1,sixteenth
package_aa/000109632-1_1_1/000109632-1_1_1.png,298,0,340,159,2,eighth
package_aa/000109632-1_1_1/000109632-1_1_1.png,343,0,385,159,3,eighth
package_aa/000109632-1_1_1/000109632-1_1_1.png,388,0,430,159,4,eighth
package_aa/000109632-1_1_1/000109632-1_1_1.png,433,0,475,159,5,eighth
package_aa/000109632-1_1_1/000109632-1_1_1.png,508,0,550,159,6,eighth
package_aa/000109632-1_1_1/000109632-1_1_1.png,556,0,592,159,7,eighth
package_aa/000109632-1_1_1/000109632-1_1_1.png,601,0,637,159,8,eighth
package_aa/000109632-1_1_1/000109632-1_1_1.png,646,0,683,159,9,sixteenth
package_aa/000109632-1_1_1/000109632-1_1_1.png,676,0,712,159,10,sixteenth
package_aa/000109632-1_1_1/000109632-1_1_1.png,733,0,775,159,11,eighth
package_aa/000109632-1_1_1/000109632-1_1_1.png,778,0,820,159,12,eighth
package_aa/000109632-1_1_1/000109632-1_1_1.png,823,0,865,159,13,eighth
package_aa/000109632-1_1_1/000109632-1_1_1.png,868,0,910,159,14,eighth
package_aa/000109632-1_1_1/000109632-1_1_1.png,943,0,985,159,15,eighth
package_aa/000109632-1_1_1/000109632-1_1_1.png,991,0,1027,159,16,eighth
package_aa/000109632-1_1_1/000109632-1_1_1.png,1036,0,1072,159,17,eighth
package_aa/000109632-1_1_1/000109632-1_1_1.png,1078,0,1120,159,18,sixteenth
package_aa/000109632-1_1_1/000109632-1_1_1.png,1111,0,1147,159,19,sixteenth
package_aa/000110278-1_1_1/000110278-1_1_1.png,186,0,222,127,0,quarter
package_aa/000110278-1_1_1/000110278-1_1_1.png,255,0,291,127,1,quarter
package_aa/000110278-1_1_1/000110278-1_1_1.png,351,0,393,127,2,eighth
package_aa/000110278-1_1_1/000110278-1_1_1.png,396,0,438,127,3,eighth
package_aa/000110278-1_1_1/000110278-1_1_1.png,543,0,579,127,4,eighth
package_aa/000110278-1_1_1/000110278-1_1_1.png,585,0,627,127,5,eighth
package_aa/000110278-1_1_1/000110278-1_1_1.png,634,0,668,127,6,quarter
package_aa/000110278-1_1_1/000110278-1_1_1.png,729,0,771,127,7,quarter
package_aa/000110278-1_1_1/000110278-1_1_1.png,846,0,882,127,8,eighth
package_aa/000110278-1_1_1/000110278-1_1_1.png,918,0,960,127,9,quarter
package_aa/000110278-1_1_1/000110278-1_1_1.png,990,0,1026,127,10,eighth
package_aa/000110278-1_1_1/000110278-1_1_1.png,1032,0,1074,127,11,sixteenth
package_aa/100016366-1_1_1/100016366-1_1_1.png,168,0,204,119,0,eighth
package_aa/100016366-1_1_1/100016366-1_1_1.png,213,0,249,119,1,eighth
package_aa/100016366-1_1_1/100016366-1_1_1.png,258,0,294,119,2,eighth
package_aa/100016366-1_1_1/100016366-1_1_1.png,303,0,340,119,3,quarter
package_aa/100016366-1_1_1/100016366-1_1_1.png,417,0,453,119,4,eighth
package_aa/100016366-1_1_1/100016366-1_1_1.png,493,0,529,119,5,eighth
package_aa/100016366-1_1_1/100016366-1_1_1.png,538,0,574,119,6,eighth
package_aa/100016366-1_1_1/100016366-1_1_1.png,583,0,619,119,7,eighth
package_aa/100016366-1_1_1/100016366-1_1_1.png,627,0,664,119,8,eighth
package_aa/100016366-1_1_1/100016366-1_1_1.png,672,0,709,119,9,eighth
package_aa/100016366-1_1_1/100016366-1_1_1.png,717,0,754,119,10,eighth
package_aa/100016366-1_1_1/100016366-1_1_1.png,905,0,942,119,11,eighth
package_aa/100016366-1_1_1/100016366-1_1_1.png,950,0,987,119,12,sixteenth
package_aa/100016366-1_1_1/100016366-1_1_1.png,982,0,1019,119,13,sixteenth
package_aa/100016366-1_1_1/100016366-1_1_1.png,1013,0,1050,119,14,sixteenth
package_ab/220010979-1_9_1/220010979-1_9_1.png,345,0,382,125,0,quarter
package_ab/220010979-1_9_1/220010979-1_9_1.png,445,0,481,125,1,quarter
package_ab/220010979-1_9_1/220010979-1_9_1.png,514,0,550,125,2,quarter
package_ab/220010979-1_9_1/220010979-1_9_1.png,583,0,619,125,3,quarter
package_ab/220010979-1_9_1/220010979-1_9_1.png,652,0,689,125,4,eighth
package_ab/220010979-1_9_1/220010979-1_9_1.png,697,0,733,125,5,eighth
package_ab/220010979-1_9_1/220010979-1_9_1.png,773,0,810,125,6,quarter
package_ab/220010979-1_9_1/220010979-1_9_1.png,842,0,879,125,7,quarter
package_ab/220010979-1_9_1/220010979-1_9_1.png,980,0,1017,125,8,quarter
package_ab/220010979-1_9_1/220010979-1_9_1.png,1080,0,1116,125,9,quarter
package_ab/220010979-1_9_1/220010979-1_9_1.png,1149,0,1185,125,10,quarter
package_ab/220010979-1_9_1/220010979-1_9_1.png,1218,0,1254,125,11,quarter
package_ab/220010979-1_9_1/220010979-1_9_1.png,1287,0,1324,125,12,eighth
package_ab/220010979-1_9_1/220010979-1_9_1.png,1332,0,1368,125,13,eighth
package_ab/220010979-1_9_1/220010979-1_9_1.png,1408,0,1445,125,14,quarter
package_ab/220010979-1_9_1/220010979-1_9_1.png,1476,0,1513,125,15,quarter
package_aa/000120090-1_1_1/000120090-1_1_1.png,171,0,208,164,0,eighth
package_aa/000120090-1_1_1/000120090-1_1_1.png,216,0,253,164,1,eighth
package_aa/000120090-1_1_1/000120090-1_1_1.png,262,0,298,164,2,eighth
package_aa/000120090-1_1_1/000120090-1_1_1.png,306,0,343,164,3,eighth
package_aa/000120090-1_1_1/000120090-1_1_1.png,352,0,388,164,4,eighth
package_aa/000120090-1_1_1/000120090-1_1_1.png,397,0,433,164,5,eighth
package_aa/000120090-1_1_1/000120090-1_1_1.png,441,0,478,164,6,eighth
package_aa/000120090-1_1_1/000120090-1_1_1.png,517,0,553,164,7,eighth
package_aa/000120090-1_1_1/000120090-1_1_1.png,562,0,599,164,8,eighth
package_aa/000120090-1_1_1/000120090-1_1_1.png,607,0,644,164,9,eighth
package_aa/000120090-1_1_1/000120090-1_1_1.png,652,0,688,164,10,eighth
package_aa/000120090-1_1_1/000120090-1_1_1.png,697,0,734,164,11,eighth
package_aa/000120090-1_1_1/000120090-1_1_1.png,742,0,778,164,12,eighth
package_aa/000120090-1_1_1/000120090-1_1_1.png,787,0,823,164,13,eighth
package_aa/000120090-1_1_1/000120090-1_1_1.png,832,0,869,164,14,eighth
package_aa/000120090-1_1_1/000120090-1_1_1.png,908,0,944,164,15,eighth
package_aa/000120090-1_1_1/000120090-1_1_1.png,953,0,990,164,16,eighth
package_aa/000120090-1_1_1/000120090-1_1_1.png,997,0,1034,164,17,eighth
package_aa/000120090-1_1_1/000120090-1_1_1.png,1043,0,1079,164,18,eighth
package_aa/000120090-1_1_1/000120090-1_1_1.png,1088,0,1125,164,19,eighth
package_aa/000120090-1_1_1/000120090-1_1_1.png,1133,0,1169,164,20,eighth
package_aa/000120090-1_1_1/000120090-1_1_1.png,1178,0,1214,164,21,eighth
package_aa/000120090-1_1_1/000120090-1_1_1.png,1223,0,1260,164,22,eighth
package_aa/000120090-1_1_1/000120090-1_1_1.png,1323,0,1359,164,23,eighth
package_ab/211010375-1_1_1/211010375-1_1_1.png,126,0,162,152,0,eighth
package_ab/211010375-1_1_1/211010375-1_1_1.png,171,0,207,152,1,eighth
package_ab/211010375-1_1_1/211010375-1_1_1.png,216,0,252,152,2,eighth
package_ab/211010375-1_1_1/211010375-1_1_1.png,258,0,300,152,3,eighth
package_ab/211010375-1_1_1/211010375-1_1_1.png,306,0,342,152,4,eighth
package_ab/211010375-1_1_1/211010375-1_1_1.png,351,0,387,152,5,eighth
package_ab/211010375-1_1_1/211010375-1_1_1.png,393,0,435,152,6,eighth
package_ab/211010375-1_1_1/211010375-1_1_1.png,441,0,477,152,7,eighth
package_ab/211010375-1_1_1/211010375-1_1_1.png,517,0,551,152,8,half
package_ab/211010375-1_1_1/211010375-1_1_1.png,666,0,702,152,9,eighth
package_ab/211010375-1_1_1/211010375-1_1_1.png,708,0,750,152,10,eighth
package_ab/211010375-1_1_1/211010375-1_1_1.png,756,0,792,152,11,eighth
package_ab/211010375-1_1_1/211010375-1_1_1.png,828,0,870,152,12,quarter
package_ab/211010375-1_1_1/211010375-1_1_1.png,900,0,936,152,13,eighth
package_ab/211010375-1_1_1/211010375-1_1_1.png,942,0,984,152,14,eighth
package_ab/211010375-1_1_1/211010375-1_1_1.png,998,0,1033,152,15,half
package_aa/000108364-1_1_1/000108364-1_1_1.png,216,0,253,130,0,eighth
package_aa/000108364-1_1_1/000108364-1_1_1.png,330,0,367,130,1,eighth
package_aa/000108364-1_1_1/000108364-1_1_1.png,380,0,417,130,2,quarter
package_aa/000108364-1_1_1/000108364-1_1_1.png,448,0,485,130,3,eighth
package_aa/000108364-1_1_1/000108364-1_1_1.png,524,0,561,130,4,eighth
package_aa/000108364-1_1_1/000108364-1_1_1.png,570,0,606,130,5,quarter
package_aa/000108364-1_1_1/000108364-1_1_1.png,638,0,675,130,6,quarter
package_aa/000108364-1_1_1/000108364-1_1_1.png,738,0,774,130,7,quarter
package_aa/000108364-1_1_1/000108364-1_1_1.png,807,0,844,130,8,quarter
package_aa/000108364-1_1_1/000108364-1_1_1.png,876,0,912,130,9,eighth
package_aa/000108364-1_1_1/000108364-1_1_1.png,952,0,989,130,10,eighth
package_aa/000108364-1_1_1/000108364-1_1_1.png,997,0,1034,130,11,quarter
package_aa/000108364-1_1_1/000108364-1_1_1.png,1066,0,1103,130,12,eighth
package_aa/000108364-1_1_1/000108364-1_1_1.png,1142,0,1178,130,13,eighth
package_aa/000108364-1_1_1/000108364-1_1_1.png,1191,0,1228,130,14,quarter
package_aa/000108364-1_1_1/000108364-1_1_1.png,1260,0,1297,130,15,eighth
package_ab/211003417-1_4_1/211003417-1_4_1.png,806,0,853,127,0,whole
package_ab/211003417-1_4_1/211003417-1_4_1.png,876,0,923,127,1,whole
package_ab/211003417-1_4_1/211003417-1_4_1.png,1160,0,1207,127,2,whole
package_ab/211003417-1_4_1/211003417-1_4_1.png,1230,0,1277,127,3,whole
package_ab/211003417-1_4_1/211003417-1_4_1.png,1407,0,1454,127,4,whole
package_ab/211003417-1_4_1/211003417-1_4_1.png,1483,0,1517,127,5,half
package_ab/211003417-1_4_1/211003417-1_4_1.png,1522,0,1569,127,6,whole
package_ab/211003417-1_4_1/211003417-1_4_1.png,1593,0,1640,127,7,whole
package_ab/211003417-1_4_1/211003417-1_4_1.png,1669,0,1704,127,8,half
package_ab/230000072-1_1_1/230000072-1_1_1.png,195,0,231,182,0,eighth
package_ab/230000072-1_1_1/230000072-1_1_1.png,250,0,287,182,1,eighth
package_ab/230000072-1_1_1/230000072-1_1_1.png,330,0,366,182,2,eighth
package_ab/230000072-1_1_1/230000072-1_1_1.png,375,0,412,182,3,eighth
package_ab/230000072-1_1_1/230000072-1_1_1.png,420,0,457,182,4,eighth
package_ab/230000072-1_1_1/230000072-1_1_1.png,472,0,509,182,5,eighth
package_ab/230000072-1_1_1/230000072-1_1_1.png,547,0,584,182,6,eighth
package_ab/230000072-1_1_1/230000072-1_1_1.png,592,0,629,182,7,eighth
package_ab/230000072-1_1_1/230000072-1_1_1.png,637,0,674,182,8,sixteenth
package_ab/230000072-1_1_1/230000072-1_1_1.png,689,0,726,182,9,sixteenth
package_ab/230000072-1_1_1/230000072-1_1_1.png,720,0,757,182,10,sixteenth
package_ab/230000072-1_1_1/230000072-1_1_1.png,752,0,789,182,11,sixteenth
package_ab/230000072-1_1_1/230000072-1_1_1.png,813,0,850,182,12,sixteenth
package_ab/230000072-1_1_1/230000072-1_1_1.png,844,0,881,182,13,sixteenth
package_ab/230000072-1_1_1/230000072-1_1_1.png,876,0,913,182,14,sixteenth
package_ab/230000072-1_1_1/230000072-1_1_1.png,908,0,945,182,15,sixteenth
package_ab/230000072-1_1_1/230000072-1_1_1.png,939,0,976,182,16,sixteenth
package_ab/230000072-1_1_1/230000072-1_1_1.png,971,0,1008,182,17,sixteenth
package_ab/230000072-1_1_1/230000072-1_1_1.png,1003,0,1040,182,18,sixteenth
package_ab/230000072-1_1_1/230000072-1_1_1.png,1034,0,1071,182,19,sixteenth
package_ab/230000072-1_1_1/230000072-1_1_1.png,1095,0,1132,182,20,eighth
package_ab/230000072-1_1_1/230000072-1_1_1.png,1140,0,1176,182,21,eighth
package_ab/225001118-1_1_1/225001118-1_1_1.png,121,0,158,141,0,quarter
package_ab/225001118-1_1_1/225001118-1_1_1.png,190,0,227,141,1,quarter
package_ab/225001118-1_1_1/225001118-1_1_1.png,260,0,296,141,2,quarter
package_ab/225001118-1_1_1/225001118-1_1_1.png,328,0,365,141,3,quarter
package_ab/225001118-1_1_1/225001118-1_1_1.png,428,0,465,141,4,quarter
package_ab/225001118-1_1_1/225001118-1_1_1.png,498,0,534,141,5,quarter
package_ab/225001118-1_1_1/225001118-1_1_1.png,566,0,603,141,6,quarter
package_ab/225001118-1_1_1/225001118-1_1_1.png,636,0,672,141,7,quarter
package_aa/000108108-1_1_2/000108108-1_1_2.png,268,0,302,154,0,eighth
package_aa/000108108-1_1_2/000108108-1_1_2.png,312,0,348,154,1,eighth
package_aa/000108108-1_1_2/000108108-1_1_2.png,353,0,395,154,2,eighth
package_aa/000108108-1_1_2/000108108-1_1_2.png,402,0,438,154,3,eighth
package_aa/000108108-1_1_2/000108108-1_1_2.png,474,0,516,154,4,eighth
package_aa/000108108-1_1_2/000108108-1_1_2.png,523,0,557,154,5,sixteenth
package_aa/000108108-1_1_2/000108108-1_1_2.png,549,0,591,154,6,sixteenth
package_aa/000108108-1_1_2/000108108-1_1_2.png,584,0,618,154,7,eighth
package_aa/000108108-1_1_2/000108108-1_1_2.png,624,0,666,154,8,eighth
package_aa/000108108-1_1_2/000108108-1_1_2.png,704,0,738,154,9,sixteenth
package_aa/000108108-1_1_2/000108108-1_1_2.png,730,0,772,154,10,sixteenth
package_aa/000108108-1_1_2/000108108-1_1_2.png,763,0,799,154,11,eighth
package_aa/000110305-1_1_2/000110305-1_1_2.png,292,0,329,153,0,quarter
package_aa/000110305-1_1_2/000110305-1_1_2.png,362,0,398,153,1,quarter
package_aa/000110305-1_1_2/000110305-1_1_2.png,430,0,467,153,2,quarter
package_aa/000110305-1_1_2/000110305-1_1_2.png,530,0,567,153,3,quarter
package_aa/000110305-1_1_2/000110305-1_1_2.png,600,0,636,153,4,quarter
package_aa/000110305-1_1_2/000110305-1_1_2.png,668,0,705,153,5,quarter
package_aa/000110305-1_1_2/000110305-1_1_2.png,768,0,804,153,6,quarter
package_aa/000110305-1_1_2/000110305-1_1_2.png,1071,0,1108,153,7,quarter
package_aa/000110305-1_1_2/000110305-1_1_2.png,1140,0,1177,153,8,eighth
package_aa/000110305-1_1_2/000110305-1_1_2.png,1185,0,1222,153,9,eighth
package_aa/000110305-1_1_2/000110305-1_1_2.png,1262,0,1298,153,10,quarter
package_aa/000110305-1_1_2/000110305-1_1_2.png,1330,0,1367,153,11,quarter
package_aa/000101763-1_1_1/000101763-1_1_1.png,230,0,265,126,0,half
package_aa/000101763-1_1_1/000101763-1_1_1.png,365,0,401,126,1,quarter
package_aa/000101763-1_1_1/000101763-1_1_1.png,434,0,470,126,2,eighth
package_aa/000101763-1_1_1/000101763-1_1_1.png,479,0,515,126,3,eighth
package_aa/000101763-1_1_1/000101763-1_1_1.png,524,0,560,126,4,quarter
package_aa/000101763-1_1_1/000101763-1_1_1.png,593,0,629,126,5,quarter
package_aa/000101763-1_1_1/000101763-1_1_1.png,693,0,729,126,6,quarter
package_aa/000101763-1_1_1/000101763-1_1_1.png,761,0,798,126,7,quarter
package_aa/000101763-1_1_1/000101763-1_1_1.png,831,0,867,126,8,quarter
package_aa/000101763-1_1_1/000101763-1_1_1.png,900,0,937,126,9,quarter
package_aa/000101763-1_1_1/000101763-1_1_1.png,1000,0,1035,126,10,half
package_aa/000101763-1_1_1/000101763-1_1_1.png,1099,0,1146,126,11,quarter
package_aa/000101763-1_1_1/000101763-1_1_1.png,1174,0,1210,126,12,quarter
package_aa/000101763-1_1_1/000101763-1_1_1.png,1274,0,1310,126,13,quarter
package_aa/000101763-1_1_1/000101763-1_1_1.png,1343,0,1378,126,14,half
package_ab/201002270-1_1_1/201002270-1_1_1.png,126,0,162,137,0,eighth
package_ab/201002270-1_1_1/201002270-1_1_1.png,171,0,207,137,1,eighth
package_ab/201002270-1_1_1/201002270-1_1_1.png,213,0,255,137,2,eighth
package_ab/201002270-1_1_1/201002270-1_1_1.png,261,0,297,137,3,eighth
package_ab/201002270-1_1_1/201002270-1_1_1.png,303,0,345,137,4,eighth
package_ab/201002270-1_1_1/201002270-1_1_1.png,348,0,390,137,5,eighth
package_ab/201002270-1_1_1/201002270-1_1_1.png,396,0,432,137,6,eighth
package_ab/201002270-1_1_1/201002270-1_1_1.png,438,0,480,137,7,eighth
package_ab/201002270-1_1_1/201002270-1_1_1.png,516,0,552,137,8,eighth
package_ab/201002270-1_1_1/201002270-1_1_1.png,567,0,609,137,9,eighth
package_ab/201002270-1_1_1/201002270-1_1_1.png,615,0,651,137,10,eighth
package_ab/201002270-1_1_1/201002270-1_1_1.png,657,0,699,137,11,eighth
package_ab/201002270-1_1_1/201002270-1_1_1.png,702,0,744,137,12,eighth
package_ab/201002270-1_1_1/201002270-1_1_1.png,750,0,786,137,13,eighth
package_ab/201002270-1_1_1/201002270-1_1_1.png,792,0,834,137,14,eighth
package_ab/201002270-1_1_1/201002270-1_1_1.png,840,0,876,137,15,eighth
package_ab/211010359-1_4_1/211010359-1_4_1.png,181,0,223,155,0,sixteenth
package_ab/211010359-1_4_1/211010359-1_4_1.png,214,0,250,155,1,sixteenth
package_ab/211010359-1_4_1/211010359-1_4_1.png,241,0,283,155,2,sixteenth
package_ab/211010359-1_4_1/211010359-1_4_1.png,275,0,311,155,3,sixteenth
package_ab/211010359-1_4_1/211010359-1_4_1.png,302,0,344,155,4,eighth
package_ab/211010359-1_4_1/211010359-1_4_1.png,351,0,385,155,5,eighth
package_ab/211010359-1_4_1/211010359-1_4_1.png,396,0,430,155,6,eighth
package_ab/211010359-1_4_1/211010359-1_4_1.png,437,0,479,155,7,eighth
package_ab/211010359-1_4_1/211010359-1_4_1.png,482,0,524,155,8,quarter
package_ab/211010359-1_4_1/211010359-1_4_1.png,581,0,623,155,9,sixteenth
package_ab/211010359-1_4_1/211010359-1_4_1.png,614,0,650,155,10,sixteenth
package_ab/211010359-1_4_1/211010359-1_4_1.png,641,0,683,155,11,sixteenth
package_ab/211010359-1_4_1/211010359-1_4_1.png,674,0,710,155,12,sixteenth
package_ab/211010359-1_4_1/211010359-1_4_1.png,702,0,744,155,13,eighth
package_ab/211010359-1_4_1/211010359-1_4_1.png,754,0,796,155,14,eighth
package_ab/211010359-1_4_1/211010359-1_4_1.png,799,0,841,155,15,eighth
package_ab/211010359-1_4_1/211010359-1_4_1.png,849,0,883,155,16,eighth
package_ab/211010359-1_4_1/211010359-1_4_1.png,894,0,928,155,17,quarter
package_ab/211010359-1_4_1/211010359-1_4_1.png,988,0,1030,155,18,sixteenth
package_ab/211010359-1_4_1/211010359-1_4_1.png,1021,0,1057,155,19,sixteenth
package_ab/211010359-1_4_1/211010359-1_4_1.png,1052,0,1089,155,20,sixteenth
package_ab/211010359-1_4_1/211010359-1_4_1.png,1082,0,1118,155,21,sixteenth
package_ab/211010359-1_4_1/211010359-1_4_1.png,1109,0,1151,155,22,eighth
package_ab/211010359-1_4_1/211010359-1_4_1.png,1158,0,1192,155,23,eighth
package_aa/000128387-1_1_1/000128387-1_1_1.png,179,0,215,129,0,eighth
package_aa/000128387-1_1_1/000128387-1_1_1.png,292,0,329,129,1,eighth
package_aa/000128387-1_1_1/000128387-1_1_1.png,338,0,374,129,2,eighth
package_aa/000128387-1_1_1/000128387-1_1_1.png,382,0,419,129,3,eighth
package_aa/000128387-1_1_1/000128387-1_1_1.png,427,0,464,129,4,quarter
package_aa/000128387-1_1_1/000128387-1_1_1.png,497,0,533,129,5,eighth
package_aa/000128387-1_1_1/000128387-1_1_1.png,572,0,609,129,6,quarter
package_aa/000128387-1_1_1/000128387-1_1_1.png,641,0,677,129,7,eighth
package_aa/000128387-1_1_1/000128387-1_1_1.png,690,0,727,129,8,quarter
package_aa/000128387-1_1_1/000128387-1_1_1.png,760,0,796,129,9,eighth
package_aa/000128387-1_1_1/000128387-1_1_1.png,835,0,872,129,10,eighth
package_aa/000128387-1_1_1/000128387-1_1_1.png,881,0,917,129,11,eighth
package_aa/000128387-1_1_1/000128387-1_1_1.png,925,0,962,129,12,eighth
package_aa/000128387-1_1_1/000128387-1_1_1.png,970,0,1007,129,13,quarter
package_aa/000128387-1_1_1/000128387-1_1_1.png,1039,0,1076,129,14,eighth
package_aa/000128387-1_1_1/000128387-1_1_1.png,1115,0,1151,129,15,eighth
package_aa/000128387-1_1_1/000128387-1_1_1.png,1160,0,1196,129,16,eighth
package_aa/000128387-1_1_1/000128387-1_1_1.png,1200,0,1247,129,17,eighth
package_aa/000128387-1_1_1/000128387-1_1_1.png,1245,0,1292,129,18,quarter
package_aa/000128387-1_1_1/000128387-1_1_1.png,1319,0,1355,129,19,eighth
package_aa/000128387-1_1_1/000128387-1_1_1.png,1395,0,1432,129,20,eighth
package_aa/000128387-1_1_1/000128387-1_1_1.png,1440,0,1476,129,21,eighth
package_aa/000128387-1_1_1/000128387-1_1_1.png,1485,0,1522,129,22,eighth
package_aa/000128387-1_1_1/000128387-1_1_1.png,1530,0,1567,129,23,quarter
package_aa/000109825-1_1_1/000109825-1_1_1.png,128,0,163,128,0,half
package_aa/000109825-1_1_1/000109825-1_1_1.png,276,0,313,128,1,eighth
package_aa/000109825-1_1_1/000109825-1_1_1.png,321,0,358,128,2,eighth
package_aa/000109825-1_1_1/000109825-1_1_1.png,366,0,403,128,3,eighth
package_aa/000109825-1_1_1/000109825-1_1_1.png,442,0,479,128,4,eighth
package_aa/000109825-1_1_1/000109825-1_1_1.png,487,0,524,128,5,eighth
package_aa/000109825-1_1_1/000109825-1_1_1.png,532,0,569,128,6,eighth
package_aa/000109825-1_1_1/000109825-1_1_1.png,577,0,614,128,7,eighth
package_aa/000109825-1_1_1/000109825-1_1_1.png,622,0,659,128,8,eighth
package_aa/000109825-1_1_1/000109825-1_1_1.png,667,0,704,128,9,eighth
package_aa/000109825-1_1_1/000109825-1_1_1.png,713,0,749,128,10,eighth
package_aa/000109825-1_1_1/000109825-1_1_1.png,757,0,794,128,11,eighth
package_aa/000109825-1_1_1/000109825-1_1_1.png,833,0,870,128,12,quarter
package_aa/000109825-1_1_1/000109825-1_1_1.png,902,0,939,128,13,quarter
package_aa/000109825-1_1_1/000109825-1_1_1.png,1016,0,1053,128,14,eighth
package_aa/000109825-1_1_1/000109825-1_1_1.png,1061,0,1098,128,15,eighth
package_aa/000109825-1_1_1/000109825-1_1_1.png,1106,0,1143,128,16,eighth
package_aa/000124395-1_1_1/000124395-1_1_1.png,187,0,221,198,0,eighth
package_aa/000124395-1_1_1/000124395-1_1_1.png,227,0,269,198,1,eighth
package_aa/000124395-1_1_1/000124395-1_1_1.png,272,0,314,198,2,eighth
package_aa/000124395-1_1_1/000124395-1_1_1.png,320,0,356,198,3,eighth
package_aa/000124395-1_1_1/000124395-1_1_1.png,395,0,431,198,4,eighth
package_aa/000124395-1_1_1/000124395-1_1_1.png,440,0,476,198,5,eighth
package_aa/000124395-1_1_1/000124395-1_1_1.png,482,0,524,198,6,eighth
package_aa/000124395-1_1_1/000124395-1_1_1.png,530,0,566,198,7,eighth
package_aa/000124395-1_1_1/000124395-1_1_1.png,606,0,642,198,8,eighth
package_aa/000124395-1_1_1/000124395-1_1_1.png,651,0,687,198,9,eighth
package_aa/000124395-1_1_1/000124395-1_1_1.png,693,0,735,198,10,eighth
package_aa/000124395-1_1_1/000124395-1_1_1.png,735,0,782,198,11,eighth
package_aa/000124395-1_1_1/000124395-1_1_1.png,816,0,853,198,12,sixteenth
package_aa/000124395-1_1_1/000124395-1_1_1.png,847,0,881,198,13,sixteenth
package_aa/000124395-1_1_1/000124395-1_1_1.png,873,0,915,198,14,sixteenth
package_aa/000124395-1_1_1/000124395-1_1_1.png,906,0,942,198,15,sixteenth
package_aa/000124395-1_1_1/000124395-1_1_1.png,933,0,975,198,16,sixteenth
package_aa/000124395-1_1_1/000124395-1_1_1.png,967,0,1003,198,17,sixteenth
package_aa/000124395-1_1_1/000124395-1_1_1.png,994,0,1036,198,18,sixteenth
package_aa/000124395-1_1_1/000124395-1_1_1.png,1027,0,1063,198,19,sixteenth
package_aa/000124395-1_1_1/000124395-1_1_1.png,1084,0,1126,198,20,eighth
package_aa/000124395-1_1_1/000124395-1_1_1.png,1134,0,1168,198,21,eighth
package_aa/000124395-1_1_1/000124395-1_1_1.png,1179,0,1213,198,22,eighth
package_aa/000124395-1_1_1/000124395-1_1_1.png,1219,0,1261,198,23,eighth
package_ab/211007217-1_22_1/211007217-1_22_1.png,179,0,213,150,0,sixteenth
package_ab/211007217-1_22_1/211007217-1_22_1.png,226,0,260,150,1,sixteenth
package_ab/211007217-1_22_1/211007217-1_22_1.png,297,0,339,150,2,sixteenth
package_ab/211007217-1_22_1/211007217-1_22_1.png,328,0,370,150,3,sixteenth
package_ab/211007217-1_22_1/211007217-1_22_1.png,358,0,400,150,4,sixteenth
package_ab/211007217-1_22_1/211007217-1_22_1.png,388,0,430,150,5,sixteenth
package_ab/211007217-1_22_1/211007217-1_22_1.png,418,0,460,150,6,eighth
package_ab/211007217-1_22_1/211007217-1_22_1.png,468,0,502,150,7,sixteenth
package_ab/211007217-1_22_1/211007217-1_22_1.png,493,0,535,150,8,sixteenth
package_ab/211007217-1_22_1/211007217-1_22_1.png,557,0,594,150,9,sixteenth
package_ab/211007217-1_22_1/211007217-1_22_1.png,584,0,626,150,10,sixteenth
package_ab/211007217-1_22_1/211007217-1_22_1.png,614,0,656,150,11,sixteenth
package_ab/211007217-1_22_1/211007217-1_22_1.png,644,0,686,150,12,sixteenth
package_ab/211007217-1_22_1/211007217-1_22_1.png,674,0,716,150,13,eighth
package_ab/211007217-1_22_1/211007217-1_22_1.png,719,0,761,150,14,sixteenth
package_ab/211007217-1_22_1/211007217-1_22_1.png,753,0,790,150,15,sixteenth
package_ab/211007217-1_22_1/211007217-1_22_1.png,810,0,852,150,16,sixteenth
package_ab/211007217-1_22_1/211007217-1_22_1.png,843,0,879,150,17,sixteenth
package_ab/211007217-1_22_1/211007217-1_22_1.png,870,0,912,150,18,sixteenth
package_ab/211007217-1_22_1/211007217-1_22_1.png,900,0,942,150,19,sixteenth
package_ab/211007217-1_22_1/211007217-1_22_1.png,933,0,969,150,20,sixteenth
package_ab/211007217-1_22_1/211007217-1_22_1.png,961,0,1003,150,21,sixteenth
package_ab/211007217-1_22_1/211007217-1_22_1.png,994,0,1030,150,22,sixteenth
package_ab/211007217-1_22_1/211007217-1_22_1.png,1021,0,1063,150,23,sixteenth
package_ab/211007217-1_22_1/211007217-1_22_1.png,1081,0,1123,150,24,eighth
package_ab/211007217-1_22_1/211007217-1_22_1.png,1126,0,1168,150,25,eighth
package_ab/211007217-1_22_1/211007217-1_22_1.png,1171,0,1213,150,26,eighth
package_ab/190007321-1_1_1/190007321-1_1_1.png,167,0,214,127,0,whole
package_ab/190007321-1_1_1/190007321-1_1_1.png,408,0,443,127,1,half
package_ab/190007321-1_1_1/190007321-1_1_1.png,538,0,573,127,2,half
package_ab/190007321-1_1_1/190007321-1_1_1.png,704,0,751,127,3,whole
package_ab/190007321-1_1_1/190007321-1_1_1.png,938,0,999,127,4,whole
package_ab/190007321-1_1_1/190007321-1_1_1.png,1185,0,1220,127,5,half
package_ab/190007321-1_1_1/190007321-1_1_1.png,1315,0,1350,127,6,half
package_ab/190007321-1_1_1/190007321-1_1_1.png,1482,0,1517,127,7,half
package_ab/190007321-1_1_1/190007321-1_1_1.png,1612,0,1647,127,8,half
package_ab/190007321-1_1_1/190007321-1_1_1.png,1772,0,1833,127,9,whole
package_ab/201002033-1_1_1/201002033-1_1_1.png,200,0,236,137,0,quarter
package_ab/201002033-1_1_1/201002033-1_1_1.png,269,0,305,137,1,eighth
package_ab/201002033-1_1_1/201002033-1_1_1.png,314,0,350,137,2,eighth
package_ab/201002033-1_1_1/201002033-1_1_1.png,389,0,426,137,3,eighth
package_ab/201002033-1_1_1/201002033-1_1_1.png,435,0,471,137,4,eighth
package_ab/201002033-1_1_1/201002033-1_1_1.png,480,0,516,137,5,quarter
package_ab/201002033-1_1_1/201002033-1_1_1.png,579,0,616,137,6,quarter
package_ab/201002033-1_1_1/201002033-1_1_1.png,649,0,685,137,7,eighth
package_ab/201002033-1_1_1/201002033-1_1_1.png,693,0,730,137,8,eighth
package_ab/201002033-1_1_1/201002033-1_1_1.png,769,0,805,137,9,eighth
package_ab/201002033-1_1_1/201002033-1_1_1.png,814,0,850,137,10,eighth
package_ab/201002033-1_1_1/201002033-1_1_1.png,859,0,896,137,11,quarter
package_ab/201002005-1_1_1/201002005-1_1_1.png,193,0,230,136,0,quarter
package_ab/201002005-1_1_1/201002005-1_1_1.png,263,0,299,136,1,quarter
package_ab/201002005-1_1_1/201002005-1_1_1.png,331,0,368,136,2,quarter
package_ab/201002005-1_1_1/201002005-1_1_1.png,401,0,437,136,3,quarter
package_ab/201002005-1_1_1/201002005-1_1_1.png,500,0,537,136,4,quarter
package_ab/201002005-1_1_1/201002005-1_1_1.png,564,0,611,136,5,quarter
package_ab/201002005-1_1_1/201002005-1_1_1.png,638,0,675,136,6,quarter
package_ab/201002005-1_1_1/201002005-1_1_1.png,804,0,846,136,7,quarter
package_ab/201002005-1_1_1/201002005-1_1_1.png,870,0,917,136,8,quarter
package_ab/201002005-1_1_1/201002005-1_1_1.png,945,0,982,136,9,quarter
package_ab/201002005-1_1_1/201002005-1_1_1.png,1014,0,1050,136,10,quarter
package_ab/201002005-1_1_1/201002005-1_1_1.png,1114,0,1151,136,11,quarter
package_ab/201002005-1_1_1/201002005-1_1_1.png,1216,0,1253,136,12,quarter
package_ab/201002005-1_1_1/201002005-1_1_1.png,1286,0,1323,136,13,quarter
package_aa/000109328-1_1_1/000109328-1_1_1.png,195,0,229,147,0,eighth
package_aa/000109328-1_1_1/000109328-1_1_1.png,240,0,274,147,1,eighth
package_aa/000109328-1_1_1/000109328-1_1_1.png,290,0,332,147,2,sixteenth
package_aa/000109328-1_1_1/000109328-1_1_1.png,325,0,359,147,3,sixteenth
package_aa/000109328-1_1_1/000109328-1_1_1.png,350,0,392,147,4,eighth
package_aa/000109328-1_1_1/000109328-1_1_1.png,400,0,434,147,5,sixteenth
package_aa/000109328-1_1_1/000109328-1_1_1.png,425,0,467,147,6,sixteenth
package_aa/000109328-1_1_1/000109328-1_1_1.png,460,0,494,147,7,eighth
package_aa/000109328-1_1_1/000109328-1_1_1.png,501,0,543,147,8,sixteenth
package_aa/000109328-1_1_1/000109328-1_1_1.png,535,0,569,147,9,sixteenth
package_aa/000109328-1_1_1/000109328-1_1_1.png,595,0,629,147,10,eighth
package_aa/000109328-1_1_1/000109328-1_1_1.png,640,0,674,147,11,eighth
package_aa/000109328-1_1_1/000109328-1_1_1.png,726,0,768,147,12,eighth
package_aa/000109328-1_1_1/000109328-1_1_1.png,774,0,810,147,13,sixteenth
package_aa/000109328-1_1_1/000109328-1_1_1.png,804,0,840,147,14,sixteenth
package_aa/000109328-1_1_1/000109328-1_1_1.png,831,0,873,147,15,sixteenth
package_aa/000109328-1_1_1/000109328-1_1_1.png,865,0,901,147,16,sixteenth
package_ab/220011380-1_1_2/220011380-1_1_2.png,349,0,384,154,0,half
package_ab/220011380-1_1_2/220011380-1_1_2.png,487,0,521,154,1,half
package_ab/220011380-1_1_2/220011380-1_1_2.png,625,0,660,154,2,half
package_ab/220011380-1_1_2/220011380-1_1_2.png,763,0,797,154,3,half
package_ab/220011380-1_1_2/220011380-1_1_2.png,901,0,935,154,4,half
package_ab/220011380-1_1_2/220011380-1_1_2.png,1039,0,1074,154,5,half
package_ab/220011380-1_1_2/220011380-1_1_2.png,1177,0,1211,154,6,half
package_ab/220011380-1_1_2/220011380-1_1_2.png,1315,0,1350,154,7,half
package_aa/000106476-6_1_1/000106476-6_1_1.png,224,0,261,146,0,eighth
package_aa/000106476-6_1_1/000106476-6_1_1.png,270,0,306,146,1,eighth
package_aa/000106476-6_1_1/000106476-6_1_1.png,314,0,351,146,2,eighth
package_aa/000106476-6_1_1/000106476-6_1_1.png,360,0,396,146,3,quarter
package_aa/000106476-6_1_1/000106476-6_1_1.png,428,0,465,146,4,quarter
package_aa/000106476-6_1_1/000106476-6_1_1.png,528,0,565,146,5,eighth
package_aa/000106476-6_1_1/000106476-6_1_1.png,574,0,610,146,6,sixteenth
package_aa/000106476-6_1_1/000106476-6_1_1.png,605,0,642,146,7,sixteenth
package_aa/000106476-6_1_1/000106476-6_1_1.png,636,0,673,146,8,eighth
package_aa/000106476-6_1_1/000106476-6_1_1.png,681,0,718,146,9,eighth
package_aa/000106476-6_1_1/000106476-6_1_1.png,727,0,764,146,10,eighth
package_aa/000106476-6_1_1/000106476-6_1_1.png,772,0,808,146,11,sixteenth
package_aa/000106476-6_1_1/000106476-6_1_1.png,803,0,840,146,12,sixteenth
package_aa/000106476-6_1_1/000106476-6_1_1.png,835,0,872,146,13,eighth
package_aa/000106476-6_1_1/000106476-6_1_1.png,880,0,917,146,14,eighth
package_aa/000106476-6_1_1/000106476-6_1_1.png,959,0,996,146,15,eighth
package_aa/000106476-6_1_1/000106476-6_1_1.png,1010,0,1047,146,16,eighth
package_aa/000109709-1_1_2/000109709-1_1_2.png,493,0,530,153,0,eighth
package_aa/000109709-1_1_2/000109709-1_1_2.png,539,0,575,153,1,eighth
package_aa/000109709-1_1_2/000109709-1_1_2.png,614,0,651,153,2,eighth
package_aa/000109709-1_1_2/000109709-1_1_2.png,659,0,696,153,3,eighth
package_aa/000109709-1_1_2/000109709-1_1_2.png,705,0,741,153,4,eighth
package_aa/000109709-1_1_2/000109709-1_1_2.png,750,0,787,153,5,eighth
package_aa/000109709-1_1_2/000109709-1_1_2.png,795,0,831,153,6,eighth
package_aa/000109709-1_1_2/000109709-1_1_2.png,840,0,876,153,7,eighth
package_aa/000109709-1_1_2/000109709-1_1_2.png,885,0,922,153,8,eighth
package_aa/000109709-1_1_2/000109709-1_1_2.png,930,0,966,153,9,eighth
package_aa/000109709-1_1_2/000109709-1_1_2.png,1005,0,1042,153,10,quarter
package_aa/000109709-1_1_2/000109709-1_1_2.png,1074,0,1111,153,11,quarter
package_aa/000109709-1_1_2/000109709-1_1_2.png,1144,0,1181,153,12,quarter
package_aa/000109709-1_1_2/000109709-1_1_2.png,1257,0,1294,153,13,eighth
package_aa/000109709-1_1_2/000109709-1_1_2.png,1328,0,1375,153,14,quarter
package_aa/000109709-1_1_2/000109709-1_1_2.png,1402,0,1439,153,15,quarter
package_aa/000109709-1_1_2/000109709-1_1_2.png,1471,0,1508,153,16,quarter
package_aa/000109709-1_1_2/000109709-1_1_2.png,1540,0,1577,153,17,quarter
package_ab/230001021-1_1_1/230001021-1_1_1.png,148,0,190,129,0,eighth
package_ab/230001021-1_1_1/230001021-1_1_1.png,265,0,301,129,1,eighth
package_ab/230001021-1_1_1/230001021-1_1_1.png,306,0,348,129,2,eighth
package_ab/230001021-1_1_1/230001021-1_1_1.png,355,0,391,129,3,eighth
package_ab/230001021-1_1_1/230001021-1_1_1.png,399,0,441,129,4,eighth
package_ab/230001021-1_1_1/230001021-1_1_1.png,477,0,513,129,5,quarter
package_ab/230001021-1_1_1/230001021-1_1_1.png,547,0,581,129,6,eighth
package_ab/230001021-1_1_1/230001021-1_1_1.png,591,0,627,129,7,eighth
package_ab/230001021-1_1_1/230001021-1_1_1.png,663,0,705,129,8,eighth
package_ab/230001021-1_1_1/230001021-1_1_1.png,708,0,750,129,9,eighth
package_ab/230001021-1_1_1/230001021-1_1_1.png,757,0,791,129,10,eighth
package_ab/230001021-1_1_1/230001021-1_1_1.png,798,0,840,129,11,eighth
package_ab/230001021-1_1_1/230001021-1_1_1.png,887,0,923,129,12,quarter
package_ab/150206480-1_1_1/150206480-1_1_1.png,172,0,219,129,0,eighth
package_ab/150206480-1_1_1/150206480-1_1_1.png,228,0,264,129,1,quarter
package_ab/150206480-1_1_1/150206480-1_1_1.png,297,0,333,129,2,eighth
package_ab/150206480-1_1_1/150206480-1_1_1.png,372,0,409,129,3,eighth
package_ab/150206480-1_1_1/150206480-1_1_1.png,418,0,454,129,4,quarter
package_ab/150206480-1_1_1/150206480-1_1_1.png,481,0,528,129,5,eighth
package_ab/150206480-1_1_1/150206480-1_1_1.png,563,0,599,129,6,eighth
package_ab/150206480-1_1_1/150206480-1_1_1.png,613,0,649,129,7,quarter
package_ab/150206480-1_1_1/150206480-1_1_1.png,681,0,718,129,8,eighth
package_ab/150206480-1_1_1/150206480-1_1_1.png,757,0,794,129,9,eighth
package_ab/150206480-1_1_1/150206480-1_1_1.png,802,0,839,129,10,quarter
package_ab/150206480-1_1_1/150206480-1_1_1.png,872,0,908,129,11,eighth
package_ab/150206480-1_1_1/150206480-1_1_1.png,947,0,983,129,12,eighth
package_ab/150206480-1_1_1/150206480-1_1_1.png,996,0,1033,129,13,quarter
package_ab/150206480-1_1_1/150206480-1_1_1.png,1065,0,1102,129,14,eighth
package_ab/150206480-1_1_1/150206480-1_1_1.png,1141,0,1178,129,15,eighth
package_ab/150206480-1_1_1/150206480-1_1_1.png,1186,0,1223,129,16,quarter
package_ab/150206480-1_1_1/150206480-1_1_1.png,1256,0,1292,129,17,eighth
package_aa/000117241-1_1_1/000117241-1_1_1.png,175,0,212,156,0,sixteenth
package_aa/000117241-1_1_1/000117241-1_1_1.png,206,0,243,156,1,sixteenth
package_aa/000117241-1_1_1/000117241-1_1_1.png,238,0,275,156,2,sixteenth
package_aa/000117241-1_1_1/000117241-1_1_1.png,270,0,307,156,3,sixteenth
package_aa/000117241-1_1_1/000117241-1_1_1.png,302,0,339,156,4,sixteenth
package_aa/000117241-1_1_1/000117241-1_1_1.png,371,0,408,156,5,eighth
package_aa/000117241-1_1_1/000117241-1_1_1.png,448,0,485,156,6,sixteenth
package_aa/000117241-1_1_1/000117241-1_1_1.png,480,0,517,156,7,sixteenth
package_aa/000117241-1_1_1/000117241-1_1_1.png,512,0,549,156,8,sixteenth
package_aa/000117241-1_1_1/000117241-1_1_1.png,544,0,581,156,9,sixteenth
package_aa/000117241-1_1_1/000117241-1_1_1.png,575,0,612,156,10,sixteenth
package_aa/000117241-1_1_1/000117241-1_1_1.png,636,0,673,156,11,eighth
package_aa/000117241-1_1_1/000117241-1_1_1.png,713,0,750,156,12,sixteenth
package_aa/000117241-1_1_1/000117241-1_1_1.png,745,0,782,156,13,sixteenth
package_aa/000117241-1_1_1/000117241-1_1_1.png,777,0,814,156,14,sixteenth
package_aa/000117241-1_1_1/000117241-1_1_1.png,808,0,845,156,15,sixteenth
package_aa/000117241-1_1_1/000117241-1_1_1.png,840,0,877,156,16,sixteenth
package_ab/210097190-1_4_1/210097190-1_4_1.png,127,0,161,147,0,quarter
package_ab/210097190-1_4_1/210097190-1_4_1.png,196,0,230,147,1,eighth
package_ab/210097190-1_4_1/210097190-1_4_1.png,240,0,276,147,2,eighth
package_ab/210097190-1_4_1/210097190-1_4_1.png,282,0,324,147,3,quarter
package_ab/210097190-1_4_1/210097190-1_4_1.png,351,0,393,147,4,eighth
package_ab/210097190-1_4_1/210097190-1_4_1.png,396,0,438,147,5,eighth
package_ab/210097190-1_4_1/210097190-1_4_1.png,475,0,510,147,6,half
package_ab/210097190-1_4_1/210097190-1_4_1.png,576,0,618,147,7,eighth
package_ab/210097190-1_4_1/210097190-1_4_1.png,769,0,803,147,8,eighth
package_ab/210097190-1_4_1/210097190-1_4_1.png,813,0,849,147,9,eighth
package_ab/210097190-1_4_1/210097190-1_4_1.png,859,0,893,147,10,eighth
package_ab/210097190-1_4_1/210097190-1_4_1.png,903,0,939,147,11,eighth
package_ab/210097190-1_4_1/210097190-1_4_1.png,945,0,987,147,12,eighth
package_ab/210097190-1_4_1/210097190-1_4_1.png,990,0,1032,147,13,eighth
package_ab/210097190-1_4_1/210097190-1_4_1.png,1035,0,1077,147,14,eighth
package_ab/210097190-1_4_1/210097190-1_4_1.png,1080,0,1122,147,15,eighth
package_ab/210097190-1_4_1/210097190-1_4_1.png,1158,0,1194,147,16,quarter
package_ab/210097190-1_4_1/210097190-1_4_1.png,1227,0,1263,147,17,eighth
package_ab/210097190-1_4_1/210097190-1_4_1.png,1272,0,1308,147,18,eighth
package_ab/210097190-1_4_1/210097190-1_4_1.png,1318,0,1353,147,19,half
package_aa/000136572-1_2_1/000136572-1_2_1.png,225,0,262,148,0,quarter
package_aa/000136572-1_2_1/000136572-1_2_1.png,294,0,331,148,1,quarter
package_aa/000136572-1_2_1/000136572-1_2_1.png,363,0,400,148,2,quarter
package_aa/000136572-1_2_1/000136572-1_2_1.png,532,0,569,148,3,quarter
package_aa/000136572-1_2_1/000136572-1_2_1.png,600,0,637,148,4,quarter
package_aa/000136572-1_2_1/000136572-1_2_1.png,670,0,707,148,5,quarter
package_aa/000136572-1_2_1/000136572-1_2_1.png,769,0,806,148,6,eighth
package_aa/000136572-1_2_1/000136572-1_2_1.png,814,0,851,148,7,quarter
package_aa/000136572-1_2_1/000136572-1_2_1.png,883,0,920,148,8,eighth
package_aa/000136572-1_2_1/000136572-1_2_1.png,928,0,965,148,9,eighth
package_aa/000138482-1_3_1/000138482-1_3_1.png,131,0,168,147,0,quarter
package_aa/000138482-1_3_1/000138482-1_3_1.png,258,0,295,147,1,quarter
package_aa/000138482-1_3_1/000138482-1_3_1.png,327,0,364,147,2,quarter
package_aa/000138482-1_3_1/000138482-1_3_1.png,396,0,433,147,3,quarter
package_aa/000138482-1_3_1/000138482-1_3_1.png,496,0,533,147,4,quarter
package_aa/000138482-1_3_1/000138482-1_3_1.png,566,0,602,147,5,quarter
package_aa/000138482-1_3_1/000138482-1_3_1.png,634,0,671,147,6,quarter
package_aa/000138482-1_3_1/000138482-1_3_1.png,734,0,771,147,7,eighth
package_aa/000138482-1_3_1/000138482-1_3_1.png,780,0,816,147,8,eighth
package_aa/000138482-1_3_1/000138482-1_3_1.png,824,0,861,147,9,eighth
package_aa/000138482-1_3_1/000138482-1_3_1.png,869,0,906,147,10,eighth
package_aa/000138482-1_3_1/000138482-1_3_1.png,915,0,951,147,11,eighth
package_aa/000138482-1_3_1/000138482-1_3_1.png,960,0,996,147,12,eighth
package_aa/000138482-1_3_1/000138482-1_3_1.png,1035,0,1072,147,13,quarter
package_aa/000138482-1_3_1/000138482-1_3_1.png,1105,0,1141,147,14,quarter
package_aa/000124644-6_1_1/000124644-6_1_1.png,157,0,193,169,0,thirty_second
package_aa/000124644-6_1_1/000124644-6_1_1.png,188,0,224,169,1,thirty_second
package_aa/000124644-6_1_1/000124644-6_1_1.png,220,0,256,169,2,thirty_second
package_aa/000124644-6_1_1/000124644-6_1_1.png,251,0,288,169,3,thirty_second
package_aa/000124644-6_1_1/000124644-6_1_1.png,283,0,320,169,4,thirty_second
package_aa/000124644-6_1_1/000124644-6_1_1.png,315,0,351,169,5,thirty_second
package_aa/000124644-6_1_1/000124644-6_1_1.png,347,0,383,169,6,thirty_second
package_aa/000124644-6_1_1/000124644-6_1_1.png,378,0,414,169,7,thirty_second
package_aa/000124644-6_1_1/000124644-6_1_1.png,410,0,446,169,8,thirty_second
package_aa/000124644-6_1_1/000124644-6_1_1.png,442,0,478,169,9,thirty_second
package_aa/000124644-6_1_1/000124644-6_1_1.png,474,0,510,169,10,thirty_second
package_aa/000124644-6_1_1/000124644-6_1_1.png,505,0,542,169,11,thirty_second
package_aa/000124644-6_1_1/000124644-6_1_1.png,537,0,573,169,12,thirty_second
package_aa/000124644-6_1_1/000124644-6_1_1.png,569,0,605,169,13,thirty_second
package_aa/000124644-6_1_1/000124644-6_1_1.png,600,0,636,169,14,thirty_second
package_aa/000124644-6_1_1/000124644-6_1_1.png,631,0,668,169,15,thirty_second
package_aa/000124644-6_1_1/000124644-6_1_1.png,664,0,700,169,16,thirty_second
package_aa/000124644-6_1_1/000124644-6_1_1.png,695,0,732,169,17,thirty_second
package_aa/000124644-6_1_1/000124644-6_1_1.png,727,0,764,169,18,thirty_second
package_aa/000124644-6_1_1/000124644-6_1_1.png,758,0,795,169,19,thirty_second
package_aa/000124644-6_1_1/000124644-6_1_1.png,790,0,827,169,20,thirty_second
package_aa/000124644-6_1_1/000124644-6_1_1.png,822,0,859,169,21,thirty_second
package_aa/000124644-6_1_1/000124644-6_1_1.png,853,0,890,169,22,thirty_second
package_aa/000124644-6_1_1/000124644-6_1_1.png,886,0,922,169,23,thirty_second
package_aa/000124644-6_1_1/000124644-6_1_1.png,917,0,953,169,24,thirty_second
package_aa/000124644-6_1_1/000124644-6_1_1.png,948,0,985,169,25,thirty_second
package_aa/000124644-6_1_1/000124644-6_1_1.png,980,0,1017,169,26,thirty_second
package_aa/000124644-6_1_1/000124644-6_1_1.png,1012,0,1049,169,27,thirty_second
package_aa/000124644-6_1_1/000124644-6_1_1.png,1044,0,1081,169,28,thirty_second
package_aa/000124644-6_1_1/000124644-6_1_1.png,1075,0,1112,169,29,thirty_second
package_aa/000124644-6_1_1/000124644-6_1_1.png,1107,0,1144,169,30,thirty_second
package_aa/000124644-6_1_1/000124644-6_1_1.png,1139,0,1175,169,31,thirty_second
package_ab/190021731-1_1_1/190021731-1_1_1.png,142,0,178,127,0,sixteenth
package_ab/190021731-1_1_1/190021731-1_1_1.png,185,0,227,127,1,sixteenth
package_ab/190021731-1_1_1/190021731-1_1_1.png,265,0,301,127,2,eighth
package_ab/190021731-1_1_1/190021731-1_1_1.png,310,0,346,127,3,eighth
package_ab/190021731-1_1_1/190021731-1_1_1.png,355,0,392,127,4,eighth
package_ab/190021731-1_1_1/190021731-1_1_1.png,400,0,437,127,5,eighth
package_ab/190021731-1_1_1/190021731-1_1_1.png,476,0,510,127,6,eighth
package_ab/190021731-1_1_1/190021731-1_1_1.png,520,0,556,127,7,eighth
package_ab/190021731-1_1_1/190021731-1_1_1.png,565,0,601,127,8,eighth
package_aa/000103286-1_1_1/000103286-1_1_1.png,193,0,229,156,0,sixteenth
package_aa/000103286-1_1_1/000103286-1_1_1.png,225,0,262,156,1,sixteenth
package_aa/000103286-1_1_1/000103286-1_1_1.png,256,0,293,156,2,quarter
package_aa/000103286-1_1_1/000103286-1_1_1.png,325,0,362,156,3,eighth
package_aa/000103286-1_1_1/000103286-1_1_1.png,370,0,407,156,4,eighth
package_aa/000103286-1_1_1/000103286-1_1_1.png,416,0,452,156,5,quarter
package_aa/000103286-1_1_1/000103286-1_1_1.png,484,0,521,156,6,eighth
package_aa/000103286-1_1_1/000103286-1_1_1.png,560,0,596,156,7,sixteenth
package_aa/000103286-1_1_1/000103286-1_1_1.png,591,0,628,156,8,sixteenth
package_aa/000103286-1_1_1/000103286-1_1_1.png,623,0,660,156,9,eighth
package_aa/000103286-1_1_1/000103286-1_1_1.png,668,0,705,156,10,sixteenth
package_aa/000103286-1_1_1/000103286-1_1_1.png,700,0,736,156,11,sixteenth
package_aa/000103286-1_1_1/000103286-1_1_1.png,731,0,768,156,12,sixteenth
package_aa/000103286-1_1_1/000103286-1_1_1.png,763,0,800,156,13,sixteenth
package_aa/000102742-1_1_1/000102742-1_1_1.png,166,0,203,126,0,quarter
package_aa/000102742-1_1_1/000102742-1_1_1.png,293,0,327,126,1,half
package_aa/000102742-1_1_1/000102742-1_1_1.png,398,0,434,126,2,quarter
package_aa/000102742-1_1_1/000102742-1_1_1.png,497,0,534,126,3,quarter
package_aa/000102742-1_1_1/000102742-1_1_1.png,567,0,603,126,4,quarter
package_aa/000102742-1_1_1/000102742-1_1_1.png,635,0,672,126,5,quarter
package_aa/000102742-1_1_1/000102742-1_1_1.png,735,0,771,126,6,quarter
package_aa/000102742-1_1_1/000102742-1_1_1.png,804,0,840,126,7,quarter
package_aa/000102742-1_1_1/000102742-1_1_1.png,874,0,910,126,8,quarter
package_aa/000102742-1_1_1/000102742-1_1_1.png,974,0,1009,126,9,half
package_aa/000102742-1_1_1/000102742-1_1_1.png,1078,0,1115,126,10,quarter
package_aa/100029730-1_1_1/100029730-1_1_1.png,534,0,570,154,0,sixteenth
package_aa/100029730-1_1_1/100029730-1_1_1.png,565,0,601,154,1,sixteenth
package_aa/100029730-1_1_1/100029730-1_1_1.png,626,0,663,154,2,quarter
package_aa/100029730-1_1_1/100029730-1_1_1.png,694,0,731,154,3,sixteenth
package_aa/100029730-1_1_1/100029730-1_1_1.png,727,0,763,154,4,sixteenth
package_aa/100029730-1_1_1/100029730-1_1_1.png,787,0,824,154,5,eighth
package_aa/100029730-1_1_1/100029730-1_1_1.png,833,0,869,154,6,eighth
package_aa/100029730-1_1_1/100029730-1_1_1.png,878,0,914,154,7,eighth
package_aa/100029730-1_1_1/100029730-1_1_1.png,953,0,990,154,8,eighth
package_aa/100029730-1_1_1/100029730-1_1_1.png,998,0,1034,154,9,eighth
package_aa/100029730-1_1_1/100029730-1_1_1.png,1043,0,1080,154,10,eighth
package_aa/100029730-1_1_1/100029730-1_1_1.png,1119,0,1155,154,11,eighth
package_aa/100029730-1_1_1/100029730-1_1_1.png,1164,0,1200,154,12,eighth
package_ab/220016347-1_2_1/220016347-1_2_1.png,181,0,218,150,0,eighth
package_ab/220016347-1_2_1/220016347-1_2_1.png,220,0,267,150,1,eighth
package_ab/220016347-1_2_1/220016347-1_2_1.png,271,0,307,150,2,eighth
package_ab/220016347-1_2_1/220016347-1_2_1.png,316,0,352,150,3,eighth
package_ab/220016347-1_2_1/220016347-1_2_1.png,360,0,397,150,4,quarter
package_ab/220016347-1_2_1/220016347-1_2_1.png,429,0,466,150,5,quarter
package_ab/220016347-1_2_1/220016347-1_2_1.png,530,0,566,150,6,eighth
package_ab/220016347-1_2_1/220016347-1_2_1.png,575,0,611,150,7,eighth
package_ab/220016347-1_2_1/220016347-1_2_1.png,620,0,656,150,8,eighth
package_ab/220016347-1_2_1/220016347-1_2_1.png,664,0,701,150,9,eighth
package_ab/220016347-1_2_1/220016347-1_2_1.png,710,0,746,150,10,quarter
package_ab/220016347-1_2_1/220016347-1_2_1.png,773,0,820,150,11,quarter
package_ab/220016347-1_2_1/220016347-1_2_1.png,878,0,915,150,12,quarter
package_ab/220016347-1_2_1/220016347-1_2_1.png,947,0,984,150,13,quarter
package_ab/220016347-1_2_1/220016347-1_2_1.png,1016,0,1053,150,14,quarter
package_ab/220016347-1_2_1/220016347-1_2_1.png,1085,0,1122,150,15,quarter
package_ab/230002394-1_5_1/230002394-1_5_1.png,292,0,327,127,0,half
package_ab/230002394-1_5_1/230002394-1_5_1.png,397,0,432,127,1,half
package_ab/230002394-1_5_1/230002394-1_5_1.png,502,0,537,127,2,half
package_ab/230002394-1_5_1/230002394-1_5_1.png,607,0,642,127,3,half
package_ab/230002394-1_5_1/230002394-1_5_1.png,712,0,747,127,4,half
package_ab/230002394-1_5_1/230002394-1_5_1.png,804,0,865,127,5,whole
package_ab/230002394-1_5_1/230002394-1_5_1.png,971,0,1018,127,6,whole
package_ab/230002394-1_5_1/230002394-1_5_1.png,1272,0,1307,127,7,half
package_ab/230002394-1_5_1/230002394-1_5_1.png,1377,0,1411,127,8,half
package_aa/000139302-1_1_1/000139302-1_1_1.png,180,0,216,137,0,quarter
package_aa/000139302-1_1_1/000139302-1_1_1.png,248,0,285,137,1,quarter
package_aa/000139302-1_1_1/000139302-1_1_1.png,317,0,354,137,2,quarter
package_aa/000139302-1_1_1/000139302-1_1_1.png,386,0,423,137,3,eighth
package_aa/000139302-1_1_1/000139302-1_1_1.png,432,0,468,137,4,eighth
package_aa/000139302-1_1_1/000139302-1_1_1.png,525,0,562,137,5,quarter
package_aa/000139302-1_1_1/000139302-1_1_1.png,639,0,676,137,6,eighth
package_aa/000139302-1_1_1/000139302-1_1_1.png,685,0,721,137,7,eighth
package_aa/000139302-1_1_1/000139302-1_1_1.png,730,0,766,137,8,eighth
package_aa/000139302-1_1_1/000139302-1_1_1.png,774,0,811,137,9,eighth
package_aa/000139302-1_1_1/000139302-1_1_1.png,819,0,856,137,10,eighth
package_aa/000139302-1_1_1/000139302-1_1_1.png,895,0,932,137,11,quarter
package_aa/000139302-1_1_1/000139302-1_1_1.png,964,0,1001,137,12,quarter
package_ab/230000553-1_1_1/230000553-1_1_1.png,201,0,237,125,0,eighth
package_ab/230000553-1_1_1/230000553-1_1_1.png,314,0,351,125,1,quarter
package_ab/230000553-1_1_1/230000553-1_1_1.png,383,0,420,125,2,eighth
package_ab/230000553-1_1_1/230000553-1_1_1.png,428,0,465,125,3,eighth
package_ab/230000553-1_1_1/230000553-1_1_1.png,474,0,510,125,4,eighth
package_ab/230000553-1_1_1/230000553-1_1_1.png,518,0,555,125,5,eighth
package_ab/230000553-1_1_1/230000553-1_1_1.png,594,0,631,125,6,quarter
package_ab/230000553-1_1_1/230000553-1_1_1.png,663,0,699,125,7,sixteenth
package_ab/230000553-1_1_1/230000553-1_1_1.png,694,0,731,125,8,sixteenth
package_ab/230000553-1_1_1/230000553-1_1_1.png,727,0,763,125,9,quarter
package_aa/000106237-1_1_1/000106237-1_1_1.png,126,0,163,146,0,quarter
package_aa/000106237-1_1_1/000106237-1_1_1.png,196,0,232,146,1,quarter
package_aa/000106237-1_1_1/000106237-1_1_1.png,264,0,301,146,2,quarter
package_aa/000106237-1_1_1/000106237-1_1_1.png,333,0,370,146,3,quarter
package_aa/000106237-1_1_1/000106237-1_1_1.png,433,0,470,146,4,quarter
package_aa/000106237-1_1_1/000106237-1_1_1.png,502,0,539,146,5,quarter
package_aa/000106237-1_1_1/000106237-1_1_1.png,572,0,606,146,6,half
package_aa/000106237-1_1_1/000106237-1_1_1.png,709,0,743,146,7,half
package_aa/000106237-1_1_1/000106237-1_1_1.png,814,0,848,146,8,half
package_aa/000106237-1_1_1/000106237-1_1_1.png,949,0,983,146,9,half
package_aa/000106237-1_1_1/000106237-1_1_1.png,1054,0,1088,146,10,half
package_ab/211003417-1_7_1/211003417-1_7_1.png,982,0,1029,115,0,whole
package_ab/211003417-1_7_1/211003417-1_7_1.png,1051,0,1098,115,1,whole
package_ab/211003417-1_7_1/211003417-1_7_1.png,1120,0,1167,115,2,whole
package_ab/211003417-1_7_1/211003417-1_7_1.png,1189,0,1236,115,3,whole
package_ab/211003417-1_7_1/211003417-1_7_1.png,1258,0,1305,115,4,whole
package_ab/200021504-1_61_1/200021504-1_61_1.png,202,0,239,137,0,eighth
package_ab/200021504-1_61_1/200021504-1_61_1.png,316,0,352,137,1,eighth
package_ab/200021504-1_61_1/200021504-1_61_1.png,361,0,398,137,2,eighth
package_ab/200021504-1_61_1/200021504-1_61_1.png,406,0,442,137,3,eighth
package_ab/200021504-1_61_1/200021504-1_61_1.png,451,0,488,137,4,sixteenth
package_ab/200021504-1_61_1/200021504-1_61_1.png,483,0,519,137,5,sixteenth
package_ab/200021504-1_61_1/200021504-1_61_1.png,514,0,551,137,6,eighth
package_ab/200021504-1_61_1/200021504-1_61_1.png,559,0,596,137,7,eighth
package_aa/100501310-1_2_1/100501310-1_2_1.png,126,0,161,127,0,half
package_aa/100501310-1_2_1/100501310-1_2_1.png,231,0,266,127,1,half
package_aa/100501310-1_2_1/100501310-1_2_1.png,336,0,370,127,2,half
package_aa/100501310-1_2_1/100501310-1_2_1.png,470,0,506,127,3,quarter
package_aa/100501310-1_2_1/100501310-1_2_1.png,536,0,578,127,4,quarter
package_aa/100501310-1_2_1/100501310-1_2_1.png,608,0,644,127,5,quarter
package_aa/100501310-1_2_1/100501310-1_2_1.png,674,0,716,127,6,quarter
package_aa/100501310-1_2_1/100501310-1_2_1.png,746,0,782,127,7,quarter
package_aa/100501310-1_2_1/100501310-1_2_1.png,812,0,854,127,8,quarter
package_aa/100501310-1_2_1/100501310-1_2_1.png,913,0,960,127,9,whole
package_aa/100501310-1_2_1/100501310-1_2_1.png,1080,0,1115,127,10,half
package_ab/220016887-1_3_1/220016887-1_3_1.png,185,0,221,170,0,eighth
package_ab/220016887-1_3_1/220016887-1_3_1.png,261,0,297,170,1,sixteenth
package_ab/220016887-1_3_1/220016887-1_3_1.png,291,0,327,170,2,eighth
package_ab/220016887-1_3_1/220016887-1_3_1.png,367,0,403,170,3,sixteenth
package_ab/220016887-1_3_1/220016887-1_3_1.png,397,0,433,170,4,eighth
package_ab/220016887-1_3_1/220016887-1_3_1.png,474,0,510,170,5,sixteenth
package_ab/220016887-1_3_1/220016887-1_3_1.png,501,0,543,170,6,eighth
package_ab/220016887-1_3_1/220016887-1_3_1.png,577,0,619,170,7,sixteenth
package_ab/220016887-1_3_1/220016887-1_3_1.png,664,0,700,170,8,eighth
package_ab/220016887-1_3_1/220016887-1_3_1.png,740,0,776,170,9,sixteenth
package_ab/220016887-1_3_1/220016887-1_3_1.png,770,0,806,170,10,eighth
package_ab/220016887-1_3_1/220016887-1_3_1.png,846,0,882,170,11,sixteenth
package_ab/220016887-1_3_1/220016887-1_3_1.png,873,0,915,170,12,eighth
package_ab/220016887-1_3_1/220016887-1_3_1.png,949,0,991,170,13,sixteenth
package_ab/220016887-1_3_1/220016887-1_3_1.png,980,0,1022,170,14,eighth
package_ab/220016887-1_3_1/220016887-1_3_1.png,1056,0,1098,170,15,sixteenth
package_ab/220016887-1_3_1/220016887-1_3_1.png,1119,0,1155,170,16,eighth
package_ab/220016887-1_3_1/220016887-1_3_1.png,1195,0,1231,170,17,sixteenth
package_ab/220016887-1_3_1/220016887-1_3_1.png,1225,0,1261,170,18,eighth
package_ab/220016887-1_3_1/220016887-1_3_1.png,1301,0,1337,170,19,sixteenth
package_ab/220016887-1_3_1/220016887-1_3_1.png,1326,0,1373,170,20,eighth
package_ab/220016887-1_3_1/220016887-1_3_1.png,1402,0,1449,170,21,sixteenth
package_ab/220016887-1_3_1/220016887-1_3_1.png,1432,0,1479,170,22,eighth
package_ab/220016887-1_3_1/220016887-1_3_1.png,1508,0,1555,170,23,sixteenth
package_aa/000051795-1_1_1/000051795-1_1_1.png,180,0,216,158,0,sixteenth
package_aa/000051795-1_1_1/000051795-1_1_1.png,207,0,249,158,1,sixteenth
package_aa/000051795-1_1_1/000051795-1_1_1.png,240,0,276,158,2,sixteenth
package_aa/000051795-1_1_1/000051795-1_1_1.png,271,0,308,158,3,sixteenth
package_aa/000051795-1_1_1/000051795-1_1_1.png,301,0,337,158,4,sixteenth
package_aa/000051795-1_1_1/000051795-1_1_1.png,328,0,370,158,5,sixteenth
package_aa/000051795-1_1_1/000051795-1_1_1.png,361,0,397,158,6,sixteenth
package_aa/000051795-1_1_1/000051795-1_1_1.png,388,0,430,158,7,sixteenth
package_aa/000051795-1_1_1/000051795-1_1_1.png,422,0,458,158,8,sixteenth
package_aa/000051795-1_1_1/000051795-1_1_1.png,449,0,491,158,9,sixteenth
package_aa/000051795-1_1_1/000051795-1_1_1.png,482,0,518,158,10,sixteenth
package_aa/000051795-1_1_1/000051795-1_1_1.png,509,0,551,158,11,eighth
package_aa/000051795-1_1_1/000051795-1_1_1.png,554,0,596,158,12,eighth
package_aa/000051795-1_1_1/000051795-1_1_1.png,599,0,641,158,13,eighth
package_aa/110002695-1_1_1/110002695-1_1_1.png,121,0,158,127,0,eighth
package_aa/110002695-1_1_1/110002695-1_1_1.png,166,0,203,127,1,eighth
package_aa/110002695-1_1_1/110002695-1_1_1.png,236,0,272,127,2,eighth
package_aa/110002695-1_1_1/110002695-1_1_1.png,281,0,317,127,3,eighth
package_aa/110002695-1_1_1/110002695-1_1_1.png,371,0,408,127,4,eighth
package_aa/110002695-1_1_1/110002695-1_1_1.png,416,0,453,127,5,eighth
package_aa/110002695-1_1_1/110002695-1_1_1.png,461,0,498,127,6,sixteenth
package_aa/110002695-1_1_1/110002695-1_1_1.png,492,0,529,127,7,sixteenth
package_aa/110002695-1_1_1/110002695-1_1_1.png,553,0,590,127,8,quarter
package_aa/110002695-1_1_1/110002695-1_1_1.png,623,0,659,127,9,eighth
package_aa/110002695-1_1_1/110002695-1_1_1.png,667,0,704,127,10,eighth
package_aa/110002695-1_1_1/110002695-1_1_1.png,737,0,773,127,11,eighth
package_aa/110002695-1_1_1/110002695-1_1_1.png,787,0,823,127,12,eighth
package_ab/190003350-1_1_1/190003350-1_1_1.png,159,0,201,172,0,quarter
package_ab/190003350-1_1_1/190003350-1_1_1.png,228,0,270,172,1,quarter
package_ab/190003350-1_1_1/190003350-1_1_1.png,294,0,341,172,2,quarter
package_ab/190003350-1_1_1/190003350-1_1_1.png,397,0,439,172,3,sixteenth
package_ab/190003350-1_1_1/190003350-1_1_1.png,430,0,466,172,4,sixteenth
package_ab/190003350-1_1_1/190003350-1_1_1.png,457,0,499,172,5,sixteenth
package_ab/190003350-1_1_1/190003350-1_1_1.png,522,0,556,172,6,eighth
package_ab/190003350-1_1_1/190003350-1_1_1.png,562,0,604,172,7,eighth
package_ab/190003350-1_1_1/190003350-1_1_1.png,607,0,649,172,8,eighth
package_ab/190003350-1_1_1/190003350-1_1_1.png,652,0,694,172,9,eighth
package_ab/190003350-1_1_1/190003350-1_1_1.png,697,0,739,172,10,eighth
package_ab/190003350-1_1_1/190003350-1_1_1.png,740,0,787,172,11,eighth
package_ab/190003350-1_1_1/190003350-1_1_1.png,816,0,863,172,12,sixteenth
package_ab/190003350-1_1_1/190003350-1_1_1.png,849,0,891,172,13,sixteenth
package_ab/190003350-1_1_1/190003350-1_1_1.png,882,0,918,172,14,sixteenth
package_ab/190003350-1_1_1/190003350-1_1_1.png,939,0,981,172,15,eighth
package_ab/190003350-1_1_1/190003350-1_1_1.png,984,0,1026,172,16,eighth
package_ab/190003350-1_1_1/190003350-1_1_1.png,1029,0,1071,172,17,eighth
package_ab/190003350-1_1_1/190003350-1_1_1.png,1078,0,1112,172,18,eighth
package_ab/190003350-1_1_1/190003350-1_1_1.png,1119,0,1161,172,19,eighth
package_ab/190003350-1_1_1/190003350-1_1_1.png,1164,0,1206,172,20,eighth
package_ab/190003350-1_1_1/190003350-1_1_1.png,1254,0,1296,172,21,eighth
package_aa/000139319-1_1_1/000139319-1_1_1.png,172,0,209,143,0,eighth
package_aa/000139319-1_1_1/000139319-1_1_1.png,217,0,254,143,1,eighth
package_aa/000139319-1_1_1/000139319-1_1_1.png,262,0,299,143,2,eighth
package_aa/000139319-1_1_1/000139319-1_1_1.png,307,0,344,143,3,eighth
package_aa/000139319-1_1_1/000139319-1_1_1.png,352,0,389,143,4,eighth
package_aa/000139319-1_1_1/000139319-1_1_1.png,397,0,434,143,5,eighth
package_aa/000139319-1_1_1/000139319-1_1_1.png,473,0,510,143,6,eighth
package_aa/000139319-1_1_1/000139319-1_1_1.png,519,0,555,143,7,eighth
package_aa/000139319-1_1_1/000139319-1_1_1.png,563,0,599,143,8,eighth
package_aa/000139319-1_1_1/000139319-1_1_1.png,608,0,645,143,9,eighth
package_aa/000139319-1_1_1/000139319-1_1_1.png,653,0,690,143,10,eighth
package_aa/000139319-1_1_1/000139319-1_1_1.png,698,0,735,143,11,eighth
package_aa/000139319-1_1_1/000139319-1_1_1.png,774,0,811,143,12,eighth
package_aa/000139319-1_1_1/000139319-1_1_1.png,819,0,856,143,13,eighth
package_aa/000139319-1_1_1/000139319-1_1_1.png,864,0,901,143,14,eighth
package_aa/000139319-1_1_1/000139319-1_1_1.png,909,0,946,143,15,eighth
package_aa/000139319-1_1_1/000139319-1_1_1.png,954,0,990,143,16,eighth
package_aa/000139319-1_1_1/000139319-1_1_1.png,999,0,1035,143,17,eighth
package_aa/000139319-1_1_1/000139319-1_1_1.png,1075,0,1112,143,18,eighth
package_aa/000139319-1_1_1/000139319-1_1_1.png,1120,0,1157,143,19,eighth
package_aa/000139319-1_1_1/000139319-1_1_1.png,1165,0,1202,143,20,eighth
package_aa/000139319-1_1_1/000139319-1_1_1.png,1210,0,1247,143,21,eighth
package_aa/000139319-1_1_1/000139319-1_1_1.png,1255,0,1291,143,22,eighth
package_aa/000139319-1_1_1/000139319-1_1_1.png,1300,0,1337,143,23,eighth
package_aa/000107191-1_1_1/000107191-1_1_1.png,154,0,191,145,0,eighth
package_aa/000107191-1_1_1/000107191-1_1_1.png,200,0,236,145,1,eighth
package_aa/000107191-1_1_1/000107191-1_1_1.png,244,0,281,145,2,eighth
package_aa/000107191-1_1_1/000107191-1_1_1.png,289,0,326,145,3,eighth
package_aa/000107191-1_1_1/000107191-1_1_1.png,335,0,371,145,4,eighth
package_aa/000107191-1_1_1/000107191-1_1_1.png,379,0,416,145,5,eighth
package_aa/000107191-1_1_1/000107191-1_1_1.png,455,0,492,145,6,eighth
package_aa/000107191-1_1_1/000107191-1_1_1.png,500,0,536,145,7,eighth
package_aa/000107191-1_1_1/000107191-1_1_1.png,545,0,582,145,8,eighth
package_aa/000107191-1_1_1/000107191-1_1_1.png,590,0,627,145,9,eighth
package_aa/000107191-1_1_1/000107191-1_1_1.png,635,0,672,145,10,eighth
package_aa/000107191-1_1_1/000107191-1_1_1.png,680,0,717,145,11,eighth
package_ab/190007397-1_1_1/190007397-1_1_1.png,298,0,333,125,0,half
package_ab/190007397-1_1_1/190007397-1_1_1.png,359,0,394,125,1,half
package_ab/190007397-1_1_1/190007397-1_1_1.png,420,0,455,125,2,half
package_ab/190007397-1_1_1/190007397-1_1_1.png,481,0,516,125,3,half
package_ab/190007397-1_1_1/190007397-1_1_1.png,541,0,576,125,4,half
package_ab/190007397-1_1_1/190007397-1_1_1.png,595,0,642,125,5,whole
package_ab/190007397-1_1_1/190007397-1_1_1.png,687,0,734,125,6,whole
package_ab/190007397-1_1_1/190007397-1_1_1.png,848,0,882,125,7,half
package_ab/190007397-1_1_1/190007397-1_1_1.png,908,0,942,125,8,half
package_ab/190007397-1_1_1/190007397-1_1_1.png,968,0,1002,125,9,half
package_ab/190007397-1_1_1/190007397-1_1_1.png,1030,0,1065,125,10,half
package_ab/190007397-1_1_1/190007397-1_1_1.png,1090,0,1125,125,11,half
package_ab/190007397-1_1_1/190007397-1_1_1.png,1144,0,1191,125,12,whole
package_ab/190007397-1_1_1/190007397-1_1_1.png,1304,0,1338,125,13,half
package_ab/190007397-1_1_1/190007397-1_1_1.png,1365,0,1399,125,14,half
package_ab/190007397-1_1_1/190007397-1_1_1.png,1425,0,1459,125,15,half
package_ab/190007397-1_1_1/190007397-1_1_1.png,1480,0,1527,125,16,whole
package_ab/190007397-1_1_1/190007397-1_1_1.png,1572,0,1619,125,17,whole
package_ab/190007397-1_1_1/190007397-1_1_1.png,1670,0,1707,125,18,quarter
package_ab/190007397-1_1_1/190007397-1_1_1.png,1710,0,1746,125,19,quarter
package_ab/190007397-1_1_1/190007397-1_1_1.png,1750,0,1787,125,20,quarter
package_ab/190007397-1_1_1/190007397-1_1_1.png,1790,0,1826,125,21,quarter
package_ab/190007397-1_1_1/190007397-1_1_1.png,1824,0,1871,125,22,whole
package_aa/000119603-1_1_1/000119603-1_1_1.png,191,0,227,144,0,quarter
package_aa/000119603-1_1_1/000119603-1_1_1.png,260,0,297,144,1,eighth
package_aa/000119603-1_1_1/000119603-1_1_1.png,305,0,341,144,2,eighth
package_aa/000119603-1_1_1/000119603-1_1_1.png,350,0,387,144,3,eighth
package_aa/000119603-1_1_1/000119603-1_1_1.png,395,0,431,144,4,eighth
package_aa/000119603-1_1_1/000119603-1_1_1.png,471,0,508,144,5,quarter
package_aa/000119603-1_1_1/000119603-1_1_1.png,540,0,577,144,6,quarter
package_aa/000119603-1_1_1/000119603-1_1_1.png,609,0,645,144,7,quarter
package_aa/000119603-1_1_1/000119603-1_1_1.png,708,0,745,144,8,quarter
package_aa/000119603-1_1_1/000119603-1_1_1.png,777,0,814,144,9,eighth
package_aa/000119603-1_1_1/000119603-1_1_1.png,823,0,859,144,10,eighth
package_aa/000119603-1_1_1/000119603-1_1_1.png,867,0,904,144,11,eighth
package_aa/000119603-1_1_1/000119603-1_1_1.png,913,0,949,144,12,eighth
package_aa/000119603-1_1_1/000119603-1_1_1.png,988,0,1025,144,13,quarter
package_aa/000119603-1_1_1/000119603-1_1_1.png,1057,0,1094,144,14,quarter
package_aa/000119603-1_1_1/000119603-1_1_1.png,1127,0,1163,144,15,quarter
package_ab/211007085-1_2_1/211007085-1_2_1.png,201,0,238,163,0,sixteenth
package_ab/211007085-1_2_1/211007085-1_2_1.png,232,0,269,163,1,sixteenth
package_ab/211007085-1_2_1/211007085-1_2_1.png,265,0,301,163,2,sixteenth
package_ab/211007085-1_2_1/211007085-1_2_1.png,297,0,333,163,3,sixteenth
package_ab/211007085-1_2_1/211007085-1_2_1.png,346,0,383,163,4,sixteenth
package_ab/211007085-1_2_1/211007085-1_2_1.png,378,0,415,163,5,sixteenth
package_ab/211007085-1_2_1/211007085-1_2_1.png,410,0,447,163,6,sixteenth
package_ab/211007085-1_2_1/211007085-1_2_1.png,441,0,478,163,7,sixteenth
package_ab/211007085-1_2_1/211007085-1_2_1.png,474,0,510,163,8,sixteenth
package_ab/211007085-1_2_1/211007085-1_2_1.png,505,0,541,163,9,sixteenth
package_ab/211007085-1_2_1/211007085-1_2_1.png,537,0,574,163,10,sixteenth
package_ab/211007085-1_2_1/211007085-1_2_1.png,568,0,605,163,11,sixteenth
package_ab/211007085-1_2_1/211007085-1_2_1.png,600,0,637,163,12,sixteenth
package_ab/211007085-1_2_1/211007085-1_2_1.png,632,0,669,163,13,sixteenth
package_ab/211007085-1_2_1/211007085-1_2_1.png,664,0,700,163,14,sixteenth
package_ab/211007085-1_2_1/211007085-1_2_1.png,696,0,732,163,15,sixteenth
package_ab/211007085-1_2_1/211007085-1_2_1.png,756,0,793,163,16,sixteenth
package_ab/211007085-1_2_1/211007085-1_2_1.png,788,0,825,163,17,sixteenth
package_ab/211007085-1_2_1/211007085-1_2_1.png,820,0,856,163,18,sixteenth
package_ab/211007085-1_2_1/211007085-1_2_1.png,852,0,888,163,19,sixteenth
package_ab/211007085-1_2_1/211007085-1_2_1.png,883,0,920,163,20,sixteenth
package_ab/211007085-1_2_1/211007085-1_2_1.png,914,0,951,163,21,sixteenth
package_ab/211007085-1_2_1/211007085-1_2_1.png,946,0,983,163,22,sixteenth
package_ab/211007085-1_2_1/211007085-1_2_1.png,978,0,1015,163,23,sixteenth
package_ab/211007085-1_2_1/211007085-1_2_1.png,1009,0,1046,163,24,sixteenth
package_ab/211007085-1_2_1/211007085-1_2_1.png,1041,0,1078,163,25,sixteenth
package_ab/211007085-1_2_1/211007085-1_2_1.png,1073,0,1110,163,26,sixteenth
package_ab/211007085-1_2_1/211007085-1_2_1.png,1105,0,1142,163,27,sixteenth
package_ab/211007085-1_2_1/211007085-1_2_1.png,1137,0,1173,163,28,sixteenth
package_ab/211007085-1_2_1/211007085-1_2_1.png,1169,0,1205,163,29,sixteenth
package_ab/211007085-1_2_1/211007085-1_2_1.png,1199,0,1236,163,30,sixteenth
package_ab/211007085-1_2_1/211007085-1_2_1.png,1231,0,1268,163,31,sixteenth
package_ab/220010159-1_1_2/220010159-1_1_2.png,286,0,323,153,0,eighth
package_ab/220010159-1_1_2/220010159-1_1_2.png,331,0,368,153,1,eighth
package_ab/220010159-1_1_2/220010159-1_1_2.png,377,0,413,153,2,eighth
package_ab/220010159-1_1_2/220010159-1_1_2.png,422,0,458,153,3,eighth
package_ab/220010159-1_1_2/220010159-1_1_2.png,466,0,503,153,4,eighth
package_ab/220010159-1_1_2/220010159-1_1_2.png,511,0,548,153,5,eighth
package_ab/220010159-1_1_2/220010159-1_1_2.png,557,0,593,153,6,eighth
package_ab/220010159-1_1_2/220010159-1_1_2.png,602,0,638,153,7,eighth
package_ab/220010159-1_1_2/220010159-1_1_2.png,677,0,714,153,8,eighth
package_ab/220010159-1_1_2/220010159-1_1_2.png,723,0,759,153,9,sixteenth
package_ab/220010159-1_1_2/220010159-1_1_2.png,754,0,791,153,10,sixteenth
package_ab/220010159-1_1_2/220010159-1_1_2.png,786,0,822,153,11,eighth
package_ab/220010159-1_1_2/220010159-1_1_2.png,836,0,872,153,12,eighth
package_ab/220010159-1_1_2/220010159-1_1_2.png,886,0,922,153,13,eighth
package_ab/220010159-1_1_2/220010159-1_1_2.png,936,0,973,153,14,eighth
package_ab/220010159-1_1_2/220010159-1_1_2.png,985,0,1022,153,15,eighth
package_ab/220010159-1_1_2/220010159-1_1_2.png,1030,0,1067,153,16,eighth
package_ab/220010159-1_1_2/220010159-1_1_2.png,1106,0,1143,153,17,sixteenth
package_ab/220010159-1_1_2/220010159-1_1_2.png,1138,0,1175,153,18,sixteenth
package_ab/220010159-1_1_2/220010159-1_1_2.png,1170,0,1207,153,19,eighth
package_ab/220010159-1_1_2/220010159-1_1_2.png,1215,0,1252,153,20,sixteenth
package_ab/220010159-1_1_2/220010159-1_1_2.png,1247,0,1283,153,21,sixteenth
package_ab/220010159-1_1_2/220010159-1_1_2.png,1279,0,1315,153,22,eighth
package_ab/220010159-1_1_2/220010159-1_1_2.png,1323,0,1360,153,23,quarter
package_aa/000116689-10_1_1/000116689-10_1_1.png,154,0,191,146,0,quarter
package_aa/000116689-10_1_1/000116689-10_1_1.png,224,0,260,146,1,sixteenth
package_aa/000116689-10_1_1/000116689-10_1_1.png,255,0,291,146,2,sixteenth
package_aa/000116689-10_1_1/000116689-10_1_1.png,287,0,324,146,3,sixteenth
package_aa/000116689-10_1_1/000116689-10_1_1.png,318,0,355,146,4,sixteenth
package_aa/000116689-10_1_1/000116689-10_1_1.png,349,0,386,146,5,sixteenth
package_aa/000116689-10_1_1/000116689-10_1_1.png,382,0,418,146,6,sixteenth
package_aa/000116689-10_1_1/000116689-10_1_1.png,413,0,449,146,7,sixteenth
package_aa/000116689-10_1_1/000116689-10_1_1.png,445,0,482,146,8,sixteenth
package_aa/000116689-10_1_1/000116689-10_1_1.png,506,0,542,146,9,eighth
package_aa/000116689-10_1_1/000116689-10_1_1.png,550,0,587,146,10,eighth
package_aa/000116689-10_1_1/000116689-10_1_1.png,595,0,632,146,11,eighth
package_aa/000116689-10_1_1/000116689-10_1_1.png,640,0,677,146,12,eighth
package_aa/000116689-10_1_1/000116689-10_1_1.png,686,0,722,146,13,eighth
package_aa/000116689-10_1_1/000116689-10_1_1.png,730,0,767,146,14,eighth
package_aa/000116689-10_1_1/000116689-10_1_1.png,806,0,843,146,15,eighth
package_aa/000116689-10_1_1/000116689-10_1_1.png,851,0,888,146,16,eighth
package_aa/000116689-10_1_1/000116689-10_1_1.png,897,0,933,146,17,eighth
package_aa/000116689-10_1_1/000116689-10_1_1.png,941,0,978,146,18,eighth
package_aa/000116689-10_1_1/000116689-10_1_1.png,986,0,1023,146,19,eighth
package_aa/000116689-10_1_1/000116689-10_1_1.png,1031,0,1068,146,20,eighth
package_aa/000116689-10_1_1/000116689-10_1_1.png,1118,0,1155,146,21,quarter
package_aa/000119849-1_1_1/000119849-1_1_1.png,125,0,161,129,0,sixteenth
package_aa/000119849-1_1_1/000119849-1_1_1.png,156,0,192,129,1,sixteenth
package_aa/000119849-1_1_1/000119849-1_1_1.png,188,0,224,129,2,sixteenth
package_aa/000119849-1_1_1/000119849-1_1_1.png,220,0,256,129,3,sixteenth
package_aa/000119849-1_1_1/000119849-1_1_1.png,251,0,287,129,4,sixteenth
package_aa/000119849-1_1_1/000119849-1_1_1.png,283,0,319,129,5,sixteenth
package_aa/000119849-1_1_1/000119849-1_1_1.png,314,0,350,129,6,sixteenth
package_aa/000119849-1_1_1/000119849-1_1_1.png,346,0,382,129,7,sixteenth
package_aa/000119849-1_1_1/000119849-1_1_1.png,378,0,414,129,8,sixteenth
package_aa/000119849-1_1_1/000119849-1_1_1.png,409,0,445,129,9,sixteenth
package_aa/000119849-1_1_1/000119849-1_1_1.png,441,0,477,129,10,sixteenth
package_aa/000119849-1_1_1/000119849-1_1_1.png,472,0,508,129,11,sixteenth
package_aa/000119849-1_1_1/000119849-1_1_1.png,504,0,540,129,12,sixteenth
package_aa/000119849-1_1_1/000119849-1_1_1.png,536,0,572,129,13,sixteenth
package_aa/000119849-1_1_1/000119849-1_1_1.png,567,0,603,129,14,sixteenth
package_aa/000119849-1_1_1/000119849-1_1_1.png,599,0,635,129,15,sixteenth
package_aa/000119849-1_1_1/000119849-1_1_1.png,679,0,716,129,16,sixteenth
package_aa/000119849-1_1_1/000119849-1_1_1.png,711,0,748,129,17,sixteenth
package_aa/000119849-1_1_1/000119849-1_1_1.png,742,0,779,129,18,sixteenth
package_aa/000119849-1_1_1/000119849-1_1_1.png,774,0,811,129,19,sixteenth
package_aa/000119849-1_1_1/000119849-1_1_1.png,806,0,843,129,20,sixteenth
package_aa/000119849-1_1_1/000119849-1_1_1.png,837,0,874,129,21,sixteenth
package_aa/000119849-1_1_1/000119849-1_1_1.png,869,0,906,129,22,sixteenth
package_aa/000119849-1_1_1/000119849-1_1_1.png,901,0,938,129,23,sixteenth
package_aa/000119849-1_1_1/000119849-1_1_1.png,933,0,969,129,24,sixteenth
package_aa/000119849-1_1_1/000119849-1_1_1.png,964,0,1000,129,25,sixteenth
package_aa/000119849-1_1_1/000119849-1_1_1.png,996,0,1032,129,26,sixteenth
package_aa/000119849-1_1_1/000119849-1_1_1.png,1027,0,1063,129,27,sixteenth
package_aa/000119849-1_1_1/000119849-1_1_1.png,1059,0,1095,129,28,sixteenth
package_aa/000119849-1_1_1/000119849-1_1_1.png,1091,0,1127,129,29,sixteenth
package_aa/000119849-1_1_1/000119849-1_1_1.png,1122,0,1158,129,30,sixteenth
package_aa/000119849-1_1_1/000119849-1_1_1.png,1154,0,1190,129,31,sixteenth
package_aa/000119849-1_1_1/000119849-1_1_1.png,1215,0,1251,129,32,sixteenth
package_aa/000119849-1_1_1/000119849-1_1_1.png,1246,0,1282,129,33,sixteenth
package_aa/000119849-1_1_1/000119849-1_1_1.png,1278,0,1314,129,34,sixteenth
package_aa/000119849-1_1_1/000119849-1_1_1.png,1309,0,1345,129,35,sixteenth
package_aa/000119849-1_1_1/000119849-1_1_1.png,1341,0,1377,129,36,sixteenth
package_aa/000119849-1_1_1/000119849-1_1_1.png,1372,0,1408,129,37,sixteenth
package_aa/000119849-1_1_1/000119849-1_1_1.png,1404,0,1440,129,38,sixteenth
package_aa/000119849-1_1_1/000119849-1_1_1.png,1436,0,1472,129,39,sixteenth
package_ab/190012427-1_1_1/190012427-1_1_1.png,159,0,193,127,0,half
package_ab/190012427-1_1_1/190012427-1_1_1.png,245,0,287,127,1,quarter
package_ab/190012427-1_1_1/190012427-1_1_1.png,309,0,344,127,2,half
package_ab/190012427-1_1_1/190012427-1_1_1.png,395,0,437,127,3,quarter
package_ab/190012427-1_1_1/190012427-1_1_1.png,458,0,493,127,4,half
package_ab/190012427-1_1_1/190012427-1_1_1.png,548,0,585,127,5,quarter
package_ab/190012427-1_1_1/190012427-1_1_1.png,608,0,643,127,6,half
package_ab/190012427-1_1_1/190012427-1_1_1.png,757,0,793,127,7,quarter
package_ab/190012427-1_1_1/190012427-1_1_1.png,813,0,855,127,8,quarter
package_ab/190012427-1_1_1/190012427-1_1_1.png,876,0,912,127,9,quarter
package_ab/190012427-1_1_1/190012427-1_1_1.png,936,0,970,127,10,half
package_ab/190012427-1_1_1/190012427-1_1_1.png,1025,0,1061,127,11,quarter
package_ab/190012427-1_1_1/190012427-1_1_1.png,1085,0,1120,127,12,half
package_ab/190012427-1_1_1/190012427-1_1_1.png,1175,0,1211,127,13,quarter
package_ab/190012427-1_1_1/190012427-1_1_1.png,1231,0,1273,127,14,quarter
package_ab/190012427-1_1_1/190012427-1_1_1.png,1294,0,1331,127,15,quarter
package_ab/190012427-1_1_1/190012427-1_1_1.png,1353,0,1389,127,16,quarter
package_ab/190012427-1_1_1/190012427-1_1_1.png,1409,0,1451,127,17,quarter
package_ab/190012427-1_1_1/190012427-1_1_1.png,1469,0,1511,127,18,quarter
package_ab/190012427-1_1_1/190012427-1_1_1.png,1531,0,1567,127,19,quarter
package_ab/190012427-1_1_1/190012427-1_1_1.png,1587,0,1629,127,20,eighth
package_ab/190012427-1_1_1/190012427-1_1_1.png,1629,0,1665,127,21,eighth
package_ab/190012427-1_1_1/190012427-1_1_1.png,1665,0,1707,127,22,eighth
package_ab/190012427-1_1_1/190012427-1_1_1.png,1707,0,1743,127,23,eighth
package_ab/190012427-1_1_1/190012427-1_1_1.png,1742,0,1784,127,24,quarter
package_ab/190012427-1_1_1/190012427-1_1_1.png,1805,0,1842,127,25,quarter
package_ab/190012427-1_1_1/190012427-1_1_1.png,1864,0,1900,127,26,quarter
package_ab/190012427-1_1_1/190012427-1_1_1.png,1920,0,1962,127,27,quarter
package_ab/212002667-1_4_1/212002667-1_4_1.png,158,0,194,146,0,sixteenth
package_ab/212002667-1_4_1/212002667-1_4_1.png,186,0,228,146,1,sixteenth
package_ab/212002667-1_4_1/212002667-1_4_1.png,219,0,255,146,2,sixteenth
package_ab/212002667-1_4_1/212002667-1_4_1.png,246,0,288,146,3,sixteenth
package_ab/212002667-1_4_1/212002667-1_4_1.png,279,0,315,146,4,eighth
package_ab/212002667-1_4_1/212002667-1_4_1.png,351,0,393,146,5,eighth
package_ab/212002667-1_4_1/212002667-1_4_1.png,399,0,435,146,6,eighth
package_ab/212002667-1_4_1/212002667-1_4_1.png,441,0,483,146,7,eighth
package_ab/212002667-1_4_1/212002667-1_4_1.png,516,0,558,146,8,eighth
package_ab/212002667-1_4_1/212002667-1_4_1.png,564,0,600,146,9,sixteenth
package_ab/212002667-1_4_1/212002667-1_4_1.png,595,0,632,146,10,sixteenth
package_ab/212002667-1_4_1/212002667-1_4_1.png,625,0,661,146,11,sixteenth
package_ab/212002667-1_4_1/212002667-1_4_1.png,652,0,694,146,12,sixteenth
package_ab/212002667-1_4_1/212002667-1_4_1.png,715,0,751,146,13,sixteenth
package_ab/212002667-1_4_1/212002667-1_4_1.png,742,0,784,146,14,sixteenth
package_ab/212002667-1_4_1/212002667-1_4_1.png,776,0,812,146,15,eighth
package_ab/190003370-1_1_1/190003370-1_1_1.png,163,0,200,156,0,sixteenth
package_ab/190003370-1_1_1/190003370-1_1_1.png,200,0,237,156,1,sixteenth
package_ab/190003370-1_1_1/190003370-1_1_1.png,239,0,276,156,2,sixteenth
package_ab/190003370-1_1_1/190003370-1_1_1.png,276,0,313,156,3,sixteenth
package_ab/190003370-1_1_1/190003370-1_1_1.png,314,0,351,156,4,eighth
package_ab/190003370-1_1_1/190003370-1_1_1.png,368,0,405,156,5,eighth
package_ab/190003370-1_1_1/190003370-1_1_1.png,423,0,460,156,6,eighth
package_ab/190003370-1_1_1/190003370-1_1_1.png,477,0,513,156,7,eighth
package_ab/190003370-1_1_1/190003370-1_1_1.png,531,0,568,156,8,eighth
package_ab/190003370-1_1_1/190003370-1_1_1.png,585,0,622,156,9,eighth
package_ab/190003370-1_1_1/190003370-1_1_1.png,676,0,712,156,10,eighth
package_ab/190003370-1_1_1/190003370-1_1_1.png,731,0,767,156,11,eighth
package_ab/190003370-1_1_1/190003370-1_1_1.png,784,0,821,156,12,eighth
package_ab/190003370-1_1_1/190003370-1_1_1.png,839,0,875,156,13,eighth
package_ab/190003370-1_1_1/190003370-1_1_1.png,893,0,929,156,14,sixteenth
package_ab/190003370-1_1_1/190003370-1_1_1.png,931,0,968,156,15,sixteenth
package_ab/190003370-1_1_1/190003370-1_1_1.png,969,0,1005,156,16,sixteenth
package_ab/190003370-1_1_1/190003370-1_1_1.png,1007,0,1044,156,17,sixteenth
package_ab/190003370-1_1_1/190003370-1_1_1.png,1045,0,1081,156,18,eighth
package_ab/190003370-1_1_1/190003370-1_1_1.png,1099,0,1136,156,19,eighth
package_ab/190003370-1_1_1/190003370-1_1_1.png,1190,0,1226,156,20,sixteenth
package_ab/190003370-1_1_1/190003370-1_1_1.png,1228,0,1265,156,21,sixteenth
package_ab/190003370-1_1_1/190003370-1_1_1.png,1266,0,1302,156,22,sixteenth
package_ab/190003370-1_1_1/190003370-1_1_1.png,1304,0,1341,156,23,sixteenth
package_ab/190003370-1_1_1/190003370-1_1_1.png,1342,0,1378,156,24,sixteenth
package_ab/190003370-1_1_1/190003370-1_1_1.png,1380,0,1417,156,25,sixteenth
package_ab/190003370-1_1_1/190003370-1_1_1.png,1418,0,1454,156,26,sixteenth
package_ab/190003370-1_1_1/190003370-1_1_1.png,1456,0,1493,156,27,sixteenth
package_ab/190003370-1_1_1/190003370-1_1_1.png,1494,0,1531,156,28,sixteenth
package_ab/190003370-1_1_1/190003370-1_1_1.png,1532,0,1569,156,29,sixteenth
package_ab/190003370-1_1_1/190003370-1_1_1.png,1570,0,1606,156,30,sixteenth
package_ab/190003370-1_1_1/190003370-1_1_1.png,1608,0,1645,156,31,sixteenth
package_ab/190003370-1_1_1/190003370-1_1_1.png,1646,0,1683,156,32,sixteenth
package_ab/190003370-1_1_1/190003370-1_1_1.png,1684,0,1721,156,33,sixteenth
package_ab/190003370-1_1_1/190003370-1_1_1.png,1722,0,1758,156,34,sixteenth
package_ab/190003370-1_1_1/190003370-1_1_1.png,1760,0,1797,156,35,sixteenth
package_ab/190003370-1_1_1/190003370-1_1_1.png,1833,0,1869,156,36,sixteenth
package_ab/190003370-1_1_1/190003370-1_1_1.png,1871,0,1908,156,37,sixteenth
package_ab/190003370-1_1_1/190003370-1_1_1.png,1909,0,1945,156,38,sixteenth
package_ab/190003370-1_1_1/190003370-1_1_1.png,1947,0,1984,156,39,sixteenth
package_ab/211003914-1_1_1/211003914-1_1_1.png,157,0,204,127,0,whole
package_ab/211003914-1_1_1/211003914-1_1_1.png,317,0,364,127,1,whole
package_ab/211003914-1_1_1/211003914-1_1_1.png,477,0,524,127,2,whole
package_ab/211003914-1_1_1/211003914-1_1_1.png,637,0,684,127,3,whole
package_ab/211003914-1_1_1/211003914-1_1_1.png,797,0,844,127,4,whole
package_ab/211003914-1_1_1/211003914-1_1_1.png,957,0,1004,127,5,whole
package_ab/211003914-1_1_1/211003914-1_1_1.png,1124,0,1159,127,6,half
package_ab/211003914-1_1_1/211003914-1_1_1.png,1229,0,1264,127,7,half
package_ab/211003914-1_1_1/211003914-1_1_1.png,1327,0,1374,127,8,whole
package_aa/000101218-1_2_1/000101218-1_2_1.png,290,0,327,128,0,eighth
package_aa/000101218-1_2_1/000101218-1_2_1.png,335,0,372,128,1,eighth
package_aa/000101218-1_2_1/000101218-1_2_1.png,380,0,417,128,2,eighth
package_aa/000101218-1_2_1/000101218-1_2_1.png,425,0,461,128,3,eighth
package_aa/000101218-1_2_1/000101218-1_2_1.png,470,0,507,128,4,eighth
package_aa/000101218-1_2_1/000101218-1_2_1.png,545,0,582,128,5,eighth
package_aa/000101218-1_2_1/000101218-1_2_1.png,590,0,627,128,6,eighth
package_aa/000101218-1_2_1/000101218-1_2_1.png,635,0,672,128,7,eighth
package_aa/000101218-1_2_1/000101218-1_2_1.png,681,0,717,128,8,eighth
package_aa/000101218-1_2_1/000101218-1_2_1.png,725,0,762,128,9,quarter
package_aa/000101218-1_2_1/000101218-1_2_1.png,794,0,831,128,10,eighth
package_aa/000101218-1_2_1/000101218-1_2_1.png,839,0,876,128,11,eighth
package_aa/110002082-1_1_1/110002082-1_1_1.png,236,0,272,117,0,eighth
package_aa/110002082-1_1_1/110002082-1_1_1.png,284,0,321,117,1,sixteenth
package_aa/110002082-1_1_1/110002082-1_1_1.png,316,0,352,117,2,sixteenth
package_aa/110002082-1_1_1/110002082-1_1_1.png,347,0,384,117,3,sixteenth
package_aa/110002082-1_1_1/110002082-1_1_1.png,379,0,415,117,4,sixteenth
package_aa/110002082-1_1_1/110002082-1_1_1.png,411,0,448,117,5,quarter
package_aa/110002082-1_1_1/110002082-1_1_1.png,624,0,661,117,6,eighth
package_aa/110002082-1_1_1/110002082-1_1_1.png,669,0,706,117,7,quarter
package_aa/110002082-1_1_1/110002082-1_1_1.png,738,0,774,117,8,sixteenth
package_aa/110002082-1_1_1/110002082-1_1_1.png,770,0,807,117,9,sixteenth
package_aa/110002082-1_1_1/110002082-1_1_1.png,802,0,838,117,10,sixteenth
package_aa/110002082-1_1_1/110002082-1_1_1.png,833,0,870,117,11,sixteenth
package_aa/110002082-1_1_1/110002082-1_1_1.png,894,0,931,117,12,quarter
package_aa/110002082-1_1_1/110002082-1_1_1.png,963,0,999,117,13,quarter
package_ab/220018689-1_1_1/220018689-1_1_1.png,186,0,221,127,0,half
package_ab/220018689-1_1_1/220018689-1_1_1.png,291,0,326,127,1,half
package_ab/220018689-1_1_1/220018689-1_1_1.png,426,0,461,127,2,half
package_ab/220018689-1_1_1/220018689-1_1_1.png,531,0,566,127,3,half
package_ab/220018689-1_1_1/220018689-1_1_1.png,666,0,701,127,4,half
package_ab/220018689-1_1_1/220018689-1_1_1.png,771,0,806,127,5,half
package_ab/220018689-1_1_1/220018689-1_1_1.png,902,0,944,127,6,quarter
package_ab/220018689-1_1_1/220018689-1_1_1.png,974,0,1010,127,7,quarter
package_ab/220018689-1_1_1/220018689-1_1_1.png,1044,0,1079,127,8,half
package_ab/220018689-1_1_1/220018689-1_1_1.png,1177,0,1224,127,9,whole
package_ab/201009317-1_52_2/201009317-1_52_2.png,322,0,359,154,0,sixteenth
package_ab/201009317-1_52_2/201009317-1_52_2.png,352,0,388,154,1,sixteenth
package_ab/201009317-1_52_2/201009317-1_52_2.png,379,0,421,154,2,sixteenth
package_ab/201009317-1_52_2/201009317-1_52_2.png,414,0,448,154,3,sixteenth
package_ab/201009317-1_52_2/201009317-1_52_2.png,439,0,481,154,4,eighth
package_ab/201009317-1_52_2/201009317-1_52_2.png,514,0,556,154,5,eighth
package_ab/201009317-1_52_2/201009317-1_52_2.png,562,0,598,154,6,sixteenth
package_ab/201009317-1_52_2/201009317-1_52_2.png,590,0,632,154,7,sixteenth
package_ab/201009317-1_52_2/201009317-1_52_2.png,624,0,658,154,8,sixteenth
package_ab/201009317-1_52_2/201009317-1_52_2.png,653,0,689,154,9,sixteenth
package_ab/201009317-1_52_2/201009317-1_52_2.png,710,0,752,154,10,eighth
package_ab/201009317-1_52_2/201009317-1_52_2.png,760,0,794,154,11,sixteenth
package_ab/201009317-1_52_2/201009317-1_52_2.png,785,0,827,154,12,sixteenth
package_ab/201009317-1_52_2/201009317-1_52_2.png,819,0,855,154,13,sixteenth
package_ab/201009317-1_52_2/201009317-1_52_2.png,846,0,888,154,14,sixteenth
package_ab/201009317-1_52_2/201009317-1_52_2.png,909,0,945,154,15,eighth
package_ab/201009317-1_52_2/201009317-1_52_2.png,954,0,990,154,16,quarter
package_aa/000122831-1_1_1/000122831-1_1_1.png,208,0,244,125,0,quarter
package_aa/000122831-1_1_1/000122831-1_1_1.png,277,0,313,125,1,quarter
package_aa/000122831-1_1_1/000122831-1_1_1.png,346,0,382,125,2,quarter
package_aa/000122831-1_1_1/000122831-1_1_1.png,446,0,482,125,3,quarter
package_aa/000122831-1_1_1/000122831-1_1_1.png,515,0,551,125,4,quarter
package_aa/000122831-1_1_1/000122831-1_1_1.png,584,0,620,125,5,quarter
package_aa/000122831-1_1_1/000122831-1_1_1.png,683,0,719,125,6,quarter
package_aa/000122831-1_1_1/000122831-1_1_1.png,752,0,788,125,7,quarter
package_aa/000122831-1_1_1/000122831-1_1_1.png,821,0,857,125,8,quarter
package_aa/000122831-1_1_1/000122831-1_1_1.png,920,0,956,125,9,eighth
package_aa/000122831-1_1_1/000122831-1_1_1.png,962,0,1004,125,10,eighth
package_aa/000122831-1_1_1/000122831-1_1_1.png,1011,0,1045,125,11,eighth
package_aa/000122831-1_1_1/000122831-1_1_1.png,1052,0,1094,125,12,eighth
package_aa/000122831-1_1_1/000122831-1_1_1.png,1100,0,1136,125,13,eighth
package_aa/000122831-1_1_1/000122831-1_1_1.png,1142,0,1184,125,14,eighth
package_ab/190023863-1_1_1/190023863-1_1_1.png,158,0,195,135,0,eighth
package_ab/190023863-1_1_1/190023863-1_1_1.png,203,0,240,135,1,quarter
package_ab/190023863-1_1_1/190023863-1_1_1.png,272,0,309,135,2,eighth
package_ab/190023863-1_1_1/190023863-1_1_1.png,317,0,354,135,3,eighth
package_ab/190023863-1_1_1/190023863-1_1_1.png,362,0,399,135,4,sixteenth
package_ab/190023863-1_1_1/190023863-1_1_1.png,395,0,431,135,5,sixteenth
package_ab/190023863-1_1_1/190023863-1_1_1.png,426,0,463,135,6,eighth
package_ab/190023863-1_1_1/190023863-1_1_1.png,471,0,507,135,7,sixteenth
package_ab/190023863-1_1_1/190023863-1_1_1.png,502,0,539,135,8,sixteenth
package_ab/190023863-1_1_1/190023863-1_1_1.png,563,0,600,135,9,eighth
package_ab/190023863-1_1_1/190023863-1_1_1.png,608,0,645,135,10,quarter
package_ab/190023863-1_1_1/190023863-1_1_1.png,677,0,714,135,11,eighth
package_ab/212003622-1_2_1/212003622-1_2_1.png,150,0,186,129,0,eighth
package_ab/212003622-1_2_1/212003622-1_2_1.png,264,0,300,129,1,eighth
package_ab/212003622-1_2_1/212003622-1_2_1.png,309,0,345,129,2,eighth
package_ab/212003622-1_2_1/212003622-1_2_1.png,354,0,390,129,3,eighth
package_ab/212003622-1_2_1/212003622-1_2_1.png,398,0,440,129,4,eighth
package_ab/212003622-1_2_1/212003622-1_2_1.png,443,0,485,129,5,eighth
package_ab/212003622-1_2_1/212003622-1_2_1.png,488,0,530,129,6,eighth
package_ab/212003622-1_2_1/212003622-1_2_1.png,533,0,575,129,7,eighth
package_ab/212003622-1_2_1/212003622-1_2_1.png,578,0,620,129,8,eighth
package_ab/212003622-1_2_1/212003622-1_2_1.png,653,0,695,129,9,eighth
package_ab/212003622-1_2_1/212003622-1_2_1.png,698,0,740,129,10,eighth
package_ab/212003622-1_2_1/212003622-1_2_1.png,743,0,785,129,11,eighth
package_ab/212003622-1_2_1/212003622-1_2_1.png,795,0,829,129,12,eighth
package_ab/212003622-1_2_1/212003622-1_2_1.png,838,0,874,129,13,eighth
package_ab/212003622-1_2_1/212003622-1_2_1.png,885,0,919,129,14,eighth
package_ab/190015063-1_1_1/190015063-1_1_1.png,537,0,574,164,5,sixteenth
package_ab/190015063-1_1_1/190015063-1_1_1.png,564,0,611,164,6,sixteenth
package_ab/190015063-1_1_1/190015063-1_1_1.png,601,0,638,164,7,sixteenth
package_ab/190015063-1_1_1/190015063-1_1_1.png,633,0,669,164,8,sixteenth
package_ab/190015063-1_1_1/190015063-1_1_1.png,1070,0,1106,164,16,sixteenth
package_ab/190015063-1_1_1/190015063-1_1_1.png,1102,0,1139,164,17,sixteenth
package_ab/190015063-1_1_1/190015063-1_1_1.png,1128,0,1175,164,18,sixteenth
package_ab/190015063-1_1_1/190015063-1_1_1.png,1165,0,1202,164,19,sixteenth
package_aa/100015745-1_1_1/100015745-1_1_1.png,344,0,386,154,0,quarter
package_aa/100015745-1_1_1/100015745-1_1_1.png,416,0,452,154,1,quarter
package_aa/100015745-1_1_1/100015745-1_1_1.png,482,0,524,154,2,quarter
package_aa/100015745-1_1_1/100015745-1_1_1.png,551,0,593,154,3,quarter
package_aa/100015745-1_1_1/100015745-1_1_1.png,830,0,872,154,8,quarter
package_aa/000110284-1_1_1/000110284-1_1_1.png,311,0,348,158,0,sixteenth
package_aa/000110284-1_1_1/000110284-1_1_1.png,343,0,379,158,1,sixteenth
package_aa/000110284-1_1_1/000110284-1_1_1.png,374,0,411,158,2,sixteenth
package_aa/000110284-1_1_1/000110284-1_1_1.png,406,0,443,158,3,sixteenth
package_aa/000110284-1_1_1/000110284-1_1_1.png,438,0,475,158,4,sixteenth
package_aa/000110284-1_1_1/000110284-1_1_1.png,469,0,505,158,5,sixteenth
package_aa/000110284-1_1_1/000110284-1_1_1.png,501,0,537,158,6,sixteenth
package_aa/000110284-1_1_1/000110284-1_1_1.png,562,0,598,158,7,sixteenth
package_aa/000110284-1_1_1/000110284-1_1_1.png,593,0,630,158,8,sixteenth
package_aa/000110284-1_1_1/000110284-1_1_1.png,625,0,661,158,9,sixteenth
package_aa/000110284-1_1_1/000110284-1_1_1.png,656,0,693,158,10,sixteenth
package_aa/000110284-1_1_1/000110284-1_1_1.png,689,0,725,158,11,sixteenth
package_aa/000110284-1_1_1/000110284-1_1_1.png,720,0,757,158,12,sixteenth
package_aa/000110284-1_1_1/000110284-1_1_1.png,752,0,788,158,13,sixteenth
package_aa/000110284-1_1_1/000110284-1_1_1.png,783,0,820,158,14,sixteenth
package_aa/000110284-1_1_1/000110284-1_1_1.png,847,0,883,158,15,sixteenth
package_aa/000110284-1_1_1/000110284-1_1_1.png,898,0,935,158,16,sixteenth
package_aa/000110284-1_1_1/000110284-1_1_1.png,930,0,966,158,17,sixteenth
package_aa/000110284-1_1_1/000110284-1_1_1.png,961,0,998,158,18,sixteenth
package_aa/000110284-1_1_1/000110284-1_1_1.png,993,0,1029,158,19,sixteenth
package_aa/000110284-1_1_1/000110284-1_1_1.png,1025,0,1061,158,20,sixteenth
package_aa/000110284-1_1_1/000110284-1_1_1.png,1056,0,1093,158,21,sixteenth
package_ab/212001494-1_3_1/212001494-1_3_1.png,183,0,225,156,0,quarter
package_ab/212001494-1_3_1/212001494-1_3_1.png,256,0,291,156,1,half
package_ab/212001494-1_3_1/212001494-1_3_1.png,387,0,429,156,2,quarter
package_ab/212001494-1_3_1/212001494-1_3_1.png,460,0,494,156,3,half
package_ab/212001494-1_3_1/212001494-1_3_1.png,895,0,929,156,10,quarter
package_ab/212001494-1_3_1/212001494-1_3_1.png,964,0,998,156,11,half
package_ab/201002397-1_3_1/201002397-1_3_1.png,186,0,221,145,0,half
package_ab/201002397-1_3_1/201002397-1_3_1.png,290,0,326,145,1,quarter
package_ab/201002397-1_3_1/201002397-1_3_1.png,356,0,398,145,2,quarter
package_ab/201002397-1_3_1/201002397-1_3_1.png,638,0,673,145,6,half
package_ab/201002397-1_3_1/201002397-1_3_1.png,773,0,807,145,7,quarter
package_ab/201002397-1_3_1/201002397-1_3_1.png,841,0,878,145,8,quarter
package_ab/201002397-1_3_1/201002397-1_3_1.png,911,0,945,145,9,quarter
package_ab/201002397-1_3_1/201002397-1_3_1.png,979,0,1016,145,10,quarter
package_ab/201002397-1_3_1/201002397-1_3_1.png,1097,0,1131,145,11,quarter
package_ab/201002397-1_3_1/201002397-1_3_1.png,1166,0,1200,145,12,half
package_ab/201002397-1_3_1/201002397-1_3_1.png,1271,0,1305,145,13,quarter
package_ab/201002397-1_3_1/201002397-1_3_1.png,1380,0,1417,145,14,quarter
package_aa/000136724-1_7_1/000136724-1_7_1.png,127,0,163,141,0,quarter
package_aa/000136724-1_7_1/000136724-1_7_1.png,196,0,232,141,1,quarter
package_aa/000136724-1_7_1/000136724-1_7_1.png,266,0,300,141,2,quarter
package_aa/000136724-1_7_1/000136724-1_7_1.png,451,0,493,141,5,sixteenth
package_aa/000136724-1_7_1/000136724-1_7_1.png,484,0,520,141,6,sixteenth
package_aa/000136724-1_7_1/000136724-1_7_1.png,511,0,553,141,7,sixteenth
package_aa/000136724-1_7_1/000136724-1_7_1.png,544,0,580,141,8,sixteenth
package_aa/000136724-1_7_1/000136724-1_7_1.png,785,0,822,141,13,sixteenth
package_aa/000136724-1_7_1/000136724-1_7_1.png,815,0,851,141,14,sixteenth
package_aa/000136724-1_7_1/000136724-1_7_1.png,842,0,884,141,15,sixteenth
package_aa/000136724-1_7_1/000136724-1_7_1.png,875,0,911,141,16,sixteenth
package_aa/000119061-1_1_1/000119061-1_1_1.png,125,0,161,126,0,quarter
package_aa/000119061-1_1_1/000119061-1_1_1.png,194,0,230,126,1,quarter
package_aa/000119061-1_1_1/000119061-1_1_1.png,1075,0,1111,126,18,quarter
package_aa/110002076-1_1_1/110002076-1_1_1.png,387,0,422,119,0,half
package_aa/110002076-1_1_1/110002076-1_1_1.png,492,0,527,119,1,half
package_aa/110002076-1_1_1/110002076-1_1_1.png,597,0,631,119,2,half
package_aa/110002076-1_1_1/110002076-1_1_1.png,702,0,736,119,3,half
package_aa/110002076-1_1_1/110002076-1_1_1.png,807,0,841,119,4,half
package_aa/110002076-1_1_1/110002076-1_1_1.png,912,0,947,119,5,half
package_aa/110002076-1_1_1/110002076-1_1_1.png,1017,0,1051,119,6,half
package_aa/110002076-1_1_1/110002076-1_1_1.png,1122,0,1157,119,7,half
package_ab/210000288-1_2_1/210000288-1_2_1.png,300,0,336,168,1,sixteenth
package_ab/210000288-1_2_1/210000288-1_2_1.png,327,0,369,168,2,sixteenth
package_ab/210000288-1_2_1/210000288-1_2_1.png,360,0,396,168,3,sixteenth
package_ab/210000288-1_2_1/210000288-1_2_1.png,387,0,429,168,4,sixteenth
package_ab/210000288-1_2_1/210000288-1_2_1.png,507,0,549,168,7,sixteenth
package_ab/210000288-1_2_1/210000288-1_2_1.png,541,0,577,168,8,sixteenth
package_ab/210000288-1_2_1/210000288-1_2_1.png,571,0,607,168,9,sixteenth
package_ab/210000288-1_2_1/210000288-1_2_1.png,598,0,640,168,10,sixteenth
package_ab/210000288-1_2_1/210000288-1_2_1.png,678,0,712,168,12,sixteenth
package_ab/210000288-1_2_1/210000288-1_2_1.png,703,0,745,168,13,sixteenth
package_ab/210000288-1_2_1/210000288-1_2_1.png,767,0,803,168,14,sixteenth
package_ab/210000288-1_2_1/210000288-1_2_1.png,794,0,836,168,15,sixteenth
package_ab/210000288-1_2_1/210000288-1_2_1.png,827,0,863,168,16,sixteenth
package_ab/210000288-1_2_1/210000288-1_2_1.png,854,0,896,168,17,sixteenth
package_ab/210000288-1_2_1/210000288-1_2_1.png,929,0,971,168,19,sixteenth
package_ab/210000288-1_2_1/210000288-1_2_1.png,963,0,999,168,20,thirty_second
package_ab/210000288-1_2_1/210000288-1_2_1.png,990,0,1032,168,21,thirty_second
package_ab/210000288-1_2_1/210000288-1_2_1.png,1023,0,1059,168,22,sixteenth
package_ab/210000288-1_2_1/210000288-1_2_1.png,1050,0,1092,168,23,sixteenth
package_ab/210000288-1_2_1/210000288-1_2_1.png,1083,0,1119,168,24,sixteenth
package_ab/210000288-1_2_1/210000288-1_2_1.png,1114,0,1151,168,25,sixteenth
package_ab/211004860-1_7_1/211004860-1_7_1.png,306,0,348,163,2,sixteenth
package_ab/211004860-1_7_1/211004860-1_7_1.png,336,0,378,163,3,sixteenth
package_ab/211004860-1_7_1/211004860-1_7_1.png,411,0,453,163,5,sixteenth
package_ab/211004860-1_7_1/211004860-1_7_1.png,441,0,483,163,6,sixteenth
package_ab/211004860-1_7_1/211004860-1_7_1.png,564,0,600,163,9,quarter
package_ab/211004860-1_7_1/211004860-1_7_1.png,709,0,746,163,11,sixteenth
package_ab/211004860-1_7_1/211004860-1_7_1.png,739,0,775,163,12,sixteenth
package_ab/200020908-1_1_2/200020908-1_1_2.png,429,0,463,147,0,half
package_ab/200020908-1_1_2/200020908-1_1_2.png,564,0,598,147,1,half
package_ab/200020908-1_1_2/200020908-1_1_2.png,669,0,703,147,2,half
package_ab/200020908-1_1_2/200020908-1_1_2.png,804,0,839,147,3,half
package_ab/200020908-1_1_2/200020908-1_1_2.png,909,0,944,147,4,half
package_ab/200020908-1_1_2/200020908-1_1_2.png,1044,0,1079,147,5,half
package_aa/000105156-1_1_1/000105156-1_1_1.png,195,0,229,127,0,half
package_aa/000105156-1_1_1/000105156-1_1_1.png,299,0,335,127,1,quarter
package_aa/000105156-1_1_1/000105156-1_1_1.png,399,0,433,127,2,half
package_aa/000105156-1_1_1/000105156-1_1_1.png,504,0,538,127,3,half
package_aa/000105156-1_1_1/000105156-1_1_1.png,707,0,742,127,4,half
package_aa/000105156-1_1_1/000105156-1_1_1.png,811,0,847,127,5,quarter
package_aa/000105156-1_1_1/000105156-1_1_1.png,911,0,945,127,6,half
package_aa/000105156-1_1_1/000105156-1_1_1.png,1016,0,1051,127,7,half
package_ab/190018724-1_1_1/190018724-1_1_1.png,320,0,357,135,3,quarter
package_ab/190018724-1_1_1/190018724-1_1_1.png,434,0,471,135,5,quarter
package_ab/190018724-1_1_1/190018724-1_1_1.png,579,0,616,135,7,quarter
package_ab/190018724-1_1_1/190018724-1_1_1.png,1164,0,1201,135,18,quarter
package_ab/190014634-1_6_1/190014634-1_6_1.png,294,0,331,138,2,sixteenth
package_ab/190014634-1_6_1/190014634-1_6_1.png,326,0,363,138,3,sixteenth
package_ab/190014634-1_6_1/190014634-1_6_1.png,402,0,439,138,5,sixteenth
package_ab/190014634-1_6_1/190014634-1_6_1.png,434,0,471,138,6,sixteenth
package_ab/190014634-1_6_1/190014634-1_6_1.png,511,0,548,138,8,sixteenth
package_ab/190014634-1_6_1/190014634-1_6_1.png,543,0,579,138,9,sixteenth
package_aa/100015407-1_2_1/100015407-1_2_1.png,409,0,445,153,0,quarter
package_aa/100015407-1_2_1/100015407-1_2_1.png,478,0,514,153,1,quarter
package_aa/100015407-1_2_1/100015407-1_2_1.png,547,0,583,153,2,quarter
package_aa/100015407-1_2_1/100015407-1_2_1.png,646,0,683,153,3,quarter
package_aa/100015407-1_2_1/100015407-1_2_1.png,784,0,821,153,4,quarter
package_aa/100015407-1_2_1/100015407-1_2_1.png,953,0,990,153,5,quarter
package_aa/100015407-1_2_1/100015407-1_2_1.png,1228,0,1264,153,6,quarter
package_aa/100015407-1_2_1/100015407-1_2_1.png,1502,0,1536,153,7,half
package_aa/000118473-1_1_1/000118473-1_1_1.png,160,0,195,137,0,half
package_aa/000118473-1_1_1/000118473-1_1_1.png,288,0,323,137,1,half
package_aa/000118473-1_1_1/000118473-1_1_1.png,452,0,486,137,2,half
package_aa/000118473-1_1_1/000118473-1_1_1.png,579,0,614,137,3,half
package_aa/000118473-1_1_1/000118473-1_1_1.png,743,0,779,137,4,quarter
package_aa/000118473-1_1_1/000118473-1_1_1.png,826,0,862,137,5,quarter
package_aa/000118473-1_1_1/000118473-1_1_1.png,909,0,946,137,6,quarter
package_aa/000118473-1_1_1/000118473-1_1_1.png,993,0,1030,137,7,quarter
package_aa/000118473-1_1_1/000118473-1_1_1.png,1113,0,1150,137,8,quarter
package_aa/000118473-1_1_1/000118473-1_1_1.png,1198,0,1234,137,9,quarter
package_aa/000118473-1_1_1/000118473-1_1_1.png,1281,0,1318,137,10,quarter
package_aa/000118473-1_1_1/000118473-1_1_1.png,1364,0,1400,137,11,quarter
package_aa/000118473-1_1_1/000118473-1_1_1.png,1485,0,1522,137,12,quarter
package_aa/000118473-1_1_1/000118473-1_1_1.png,1569,0,1605,137,13,quarter
package_aa/000118473-1_1_1/000118473-1_1_1.png,1653,0,1687,137,14,half
package_aa/000118473-1_1_1/000118473-1_1_1.png,1817,0,1853,137,15,quarter
package_ab/230005168-1_1_2/230005168-1_1_2.png,456,0,493,154,0,quarter
package_ab/230005168-1_1_2/230005168-1_1_2.png,557,0,592,154,1,half
package_ab/230005168-1_1_2/230005168-1_1_2.png,661,0,698,154,2,quarter
package_ab/230005168-1_1_2/230005168-1_1_2.png,730,0,766,154,3,quarter
package_ab/230005168-1_1_2/230005168-1_1_2.png,1010,0,1047,154,8,quarter
package_ab/230005168-1_1_2/230005168-1_1_2.png,1079,0,1116,154,9,quarter
package_aa/000116879-1_1_2/000116879-1_1_2.png,731,0,767,154,5,sixteenth
package_aa/000116879-1_1_2/000116879-1_1_2.png,758,0,800,154,6,sixteenth
package_aa/000116879-1_1_2/000116879-1_1_2.png,791,0,827,154,7,sixteenth
package_aa/000116879-1_1_2/000116879-1_1_2.png,818,0,860,154,8,sixteenth
package_aa/000116879-1_1_2/000116879-1_1_2.png,1258,0,1292,154,15,sixteenth
package_aa/000116879-1_1_2/000116879-1_1_2.png,1284,0,1326,154,16,sixteenth
package_aa/000116879-1_1_2/000116879-1_1_2.png,1318,0,1352,154,17,sixteenth
package_aa/000116879-1_1_2/000116879-1_1_2.png,1344,0,1386,154,18,sixteenth
package_ab/225003881-1_2_1/225003881-1_2_1.png,172,0,214,127,0,quarter
package_ab/225003881-1_2_1/225003881-1_2_1.png,302,0,338,127,1,quarter
package_ab/225003881-1_2_1/225003881-1_2_1.png,368,0,410,127,2,quarter
package_ab/225003881-1_2_1/225003881-1_2_1.png,440,0,476,127,3,quarter
package_ab/225003881-1_2_1/225003881-1_2_1.png,510,0,544,127,4,quarter
package_ab/225003881-1_2_1/225003881-1_2_1.png,698,0,734,127,7,quarter
package_ab/225003881-1_2_1/225003881-1_2_1.png,764,0,806,127,8,quarter
package_ab/190007087-1_1_1/190007087-1_1_1.png,193,0,230,155,0,sixteenth
package_ab/190007087-1_1_1/190007087-1_1_1.png,241,0,277,155,1,sixteenth
package_ab/190007087-1_1_1/190007087-1_1_1.png,362,0,398,155,3,quarter
package_ab/190007087-1_1_1/190007087-1_1_1.png,430,0,467,155,4,sixteenth
package_ab/190007087-1_1_1/190007087-1_1_1.png,462,0,498,155,5,sixteenth
package_ab/190007087-1_1_1/190007087-1_1_1.png,539,0,575,155,7,quarter
package_ab/190007087-1_1_1/190007087-1_1_1.png,608,0,645,155,8,sixteenth
package_ab/190007087-1_1_1/190007087-1_1_1.png,640,0,676,155,9,sixteenth
package_ab/190007087-1_1_1/190007087-1_1_1.png,746,0,782,155,11,quarter
package_ab/190007087-1_1_1/190007087-1_1_1.png,814,0,851,155,12,sixteenth
package_ab/190007087-1_1_1/190007087-1_1_1.png,846,0,882,155,13,sixteenth
package_ab/190007087-1_1_1/190007087-1_1_1.png,922,0,959,155,15,sixteenth
package_ab/190007087-1_1_1/190007087-1_1_1.png,954,0,990,155,16,sixteenth
package_ab/190007087-1_1_1/190007087-1_1_1.png,1149,0,1186,155,19,sixteenth
package_ab/190007087-1_1_1/190007087-1_1_1.png,1182,0,1218,155,20,sixteenth
package_ab/190007087-1_1_1/190007087-1_1_1.png,1258,0,1294,155,22,quarter
package_ab/201009190-1_4_1/201009190-1_4_1.png,1497,0,1533,179,22,quarter
package_aa/000107787-1_2_2/000107787-1_2_2.png,700,0,734,128,4,quarter
package_aa/000107787-1_2_2/000107787-1_2_2.png,774,0,808,128,5,quarter
package_aa/000107787-1_2_2/000107787-1_2_2.png,844,0,886,128,6,quarter
package_aa/000107787-1_2_2/000107787-1_2_2.png,918,0,960,128,7,quarter
package_aa/000107787-1_2_2/000107787-1_2_2.png,1029,0,1063,128,8,quarter
package_aa/000107787-1_2_2/000107787-1_2_2.png,1103,0,1137,128,9,quarter
package_aa/000107787-1_2_2/000107787-1_2_2.png,1177,0,1211,128,10,quarter
package_aa/000107787-1_2_2/000107787-1_2_2.png,1251,0,1285,128,11,quarter
package_aa/000107787-1_2_2/000107787-1_2_2.png,1353,0,1395,128,12,quarter
package_aa/000107787-1_2_2/000107787-1_2_2.png,1427,0,1469,128,13,quarter
package_aa/000107787-1_2_2/000107787-1_2_2.png,1501,0,1543,128,14,quarter
package_aa/000107787-1_2_2/000107787-1_2_2.png,1576,0,1618,128,15,quarter
package_aa/000107787-1_2_2/000107787-1_2_2.png,1685,0,1721,128,16,quarter
package_aa/000107787-1_2_2/000107787-1_2_2.png,1835,0,1869,128,17,quarter
package_aa/000107787-1_2_2/000107787-1_2_2.png,1909,0,1943,128,18,quarter
package_ab/230001294-1_10_1/230001294-1_10_1.png,331,0,368,125,2,quarter
package_ab/230001294-1_10_1/230001294-1_10_1.png,400,0,436,125,3,quarter
package_ab/230001294-1_10_1/230001294-1_10_1.png,500,0,534,125,4,half
package_ab/230001294-1_10_1/230001294-1_10_1.png,605,0,641,125,5,quarter
package_ab/230001294-1_10_1/230001294-1_10_1.png,795,0,831,125,8,quarter
package_ab/230001294-1_10_1/230001294-1_10_1.png,864,0,900,125,9,quarter
package_aa/000122176-1_1_2/000122176-1_1_2.png,523,0,559,154,1,sixteenth
package_aa/000122176-1_1_2/000122176-1_1_2.png,560,0,597,154,2,sixteenth
package_aa/000122176-1_1_2/000122176-1_1_2.png,978,0,1014,154,8,sixteenth
package_aa/000122176-1_1_2/000122176-1_1_2.png,1015,0,1052,154,9,sixteenth
package_aa/000122176-1_1_2/000122176-1_1_2.png,1405,0,1441,154,15,quarter
package_aa/000122176-1_1_2/000122176-1_1_2.png,1679,0,1716,154,18,sixteenth
package_aa/000122176-1_1_2/000122176-1_1_2.png,1717,0,1754,154,19,sixteenth
package_aa/000122176-1_1_2/000122176-1_1_2.png,1778,0,1814,154,20,quarter
package_aa/000122176-1_1_2/000122176-1_1_2.png,1859,0,1893,154,21,half
package_ab/225003871-1_1_1/225003871-1_1_1.png,127,0,162,127,0,half
package_ab/225003871-1_1_1/225003871-1_1_1.png,228,0,270,127,1,quarter
package_ab/225003871-1_1_1/225003871-1_1_1.png,300,0,336,127,2,quarter
package_ab/225003871-1_1_1/225003871-1_1_1.png,424,0,458,127,3,half
package_ab/225003871-1_1_1/225003871-1_1_1.png,529,0,564,127,4,half
package_ab/225003871-1_1_1/225003871-1_1_1.png,660,0,702,127,5,quarter
package_ab/225003871-1_1_1/225003871-1_1_1.png,729,0,771,127,6,quarter
package_ab/225003871-1_1_1/225003871-1_1_1.png,801,0,837,127,7,quarter
package_ab/225003871-1_1_1/225003871-1_1_1.png,867,0,909,127,8,quarter
package_ab/225003871-1_1_1/225003871-1_1_1.png,970,0,1005,127,9,half
package_ab/140000114-1_1_1/140000114-1_1_1.png,175,0,211,139,0,quarter
package_ab/140000114-1_1_1/140000114-1_1_1.png,244,0,281,139,1,sixteenth
package_ab/140000114-1_1_1/140000114-1_1_1.png,275,0,311,139,2,sixteenth
package_ab/140000114-1_1_1/140000114-1_1_1.png,307,0,344,139,3,sixteenth
package_ab/140000114-1_1_1/140000114-1_1_1.png,338,0,375,139,4,sixteenth
package_ab/140000114-1_1_1/140000114-1_1_1.png,460,0,497,139,7,sixteenth
package_ab/140000114-1_1_1/140000114-1_1_1.png,491,0,528,139,8,sixteenth
package_ab/140000114-1_1_1/140000114-1_1_1.png,523,0,560,139,9,sixteenth
package_ab/140000114-1_1_1/140000114-1_1_1.png,554,0,591,139,10,sixteenth
package_ab/140000114-1_1_1/140000114-1_1_1.png,661,0,698,139,12,sixteenth
package_ab/140000114-1_1_1/140000114-1_1_1.png,693,0,729,139,13,sixteenth
package_ab/140000114-1_1_1/140000114-1_1_1.png,724,0,761,139,14,sixteenth
package_ab/140000114-1_1_1/140000114-1_1_1.png,755,0,792,139,15,sixteenth
package_ab/140000114-1_1_1/140000114-1_1_1.png,787,0,824,139,16,sixteenth
package_ab/140000114-1_1_1/140000114-1_1_1.png,819,0,855,139,17,sixteenth
package_ab/140000114-1_1_1/140000114-1_1_1.png,940,0,977,139,20,sixteenth
package_ab/140000114-1_1_1/140000114-1_1_1.png,972,0,1008,139,21,sixteenth
package_ab/140000114-1_1_1/140000114-1_1_1.png,1003,0,1040,139,22,sixteenth
package_ab/140000114-1_1_1/140000114-1_1_1.png,1035,0,1071,139,23,sixteenth
package_ab/201008578-1_1_2/201008578-1_1_2.png,733,0,769,154,0,quarter
package_ab/201008578-1_1_2/201008578-1_1_2.png,847,0,881,154,1,half
package_ab/201008578-1_1_2/201008578-1_1_2.png,967,0,1002,154,2,half
package_ab/201008578-1_1_2/201008578-1_1_2.png,1122,0,1157,154,3,half
package_ab/201008578-1_1_2/201008578-1_1_2.png,1242,0,1277,154,4,half
package_ab/201008578-1_1_2/201008578-1_1_2.png,1397,0,1431,154,5,quarter
package_ab/201008578-1_1_2/201008578-1_1_2.png,1476,0,1510,154,6,quarter
package_ab/201008578-1_1_2/201008578-1_1_2.png,1554,0,1591,154,7,quarter
package_ab/201008578-1_1_2/201008578-1_1_2.png,1634,0,1668,154,8,quarter
package_ab/201008578-1_1_2/201008578-1_1_2.png,1743,0,1785,154,9,quarter
package_ab/201008578-1_1_2/201008578-1_1_2.png,1822,0,1864,154,10,quarter
package_ab/140000082-1_1_1/140000082-1_1_1.png,190,0,227,161,0,thirty_second
package_ab/140000082-1_1_1/140000082-1_1_1.png,222,0,258,161,1,thirty_second
package_ab/140000082-1_1_1/140000082-1_1_1.png,254,0,290,161,2,sixteenth
package_ab/140000082-1_1_1/140000082-1_1_1.png,285,0,321,161,3,sixteenth
package_ab/140000082-1_1_1/140000082-1_1_1.png,317,0,353,161,4,sixteenth
package_ab/140000082-1_1_1/140000082-1_1_1.png,348,0,384,161,5,thirty_second
package_ab/140000082-1_1_1/140000082-1_1_1.png,397,0,434,161,6,thirty_second
package_ab/140000082-1_1_1/140000082-1_1_1.png,429,0,465,161,7,thirty_second
package_ab/140000082-1_1_1/140000082-1_1_1.png,460,0,497,161,8,thirty_second
package_ab/140000082-1_1_1/140000082-1_1_1.png,513,0,549,161,9,thirty_second
package_ab/140000082-1_1_1/140000082-1_1_1.png,544,0,581,161,10,thirty_second
package_ab/140000082-1_1_1/140000082-1_1_1.png,576,0,613,161,11,sixteenth
package_ab/140000082-1_1_1/140000082-1_1_1.png,608,0,645,161,12,sixteenth
package_ab/140000082-1_1_1/140000082-1_1_1.png,639,0,676,161,13,sixteenth
package_ab/140000082-1_1_1/140000082-1_1_1.png,671,0,707,161,14,thirty_second
package_ab/140000082-1_1_1/140000082-1_1_1.png,720,0,756,161,15,thirty_second
package_ab/140000082-1_1_1/140000082-1_1_1.png,751,0,788,161,16,thirty_second
package_ab/140000082-1_1_1/140000082-1_1_1.png,783,0,820,161,17,thirty_second
package_aa/000137992-1_1_1/000137992-1_1_1.png,270,0,307,208,2,quarter
package_aa/000137992-1_1_1/000137992-1_1_1.png,640,0,677,208,9,quarter
package_aa/000124781-1_1_1/000124781-1_1_1.png,294,0,331,148,1,quarter
package_aa/000124781-1_1_1/000124781-1_1_1.png,483,0,520,148,4,quarter
package_aa/000124781-1_1_1/000124781-1_1_1.png,673,0,710,148,7,sixteenth
package_aa/000124781-1_1_1/000124781-1_1_1.png,705,0,742,148,8,sixteenth
package_aa/000124781-1_1_1/000124781-1_1_1.png,737,0,773,148,9,sixteenth
package_aa/000124781-1_1_1/000124781-1_1_1.png,768,0,805,148,10,sixteenth
package_aa/000124781-1_1_1/000124781-1_1_1.png,800,0,836,148,11,sixteenth
package_aa/000124781-1_1_1/000124781-1_1_1.png,831,0,868,148,12,sixteenth
package_aa/000124781-1_1_1/000124781-1_1_1.png,863,0,900,148,13,sixteenth
package_aa/000124781-1_1_1/000124781-1_1_1.png,894,0,931,148,14,sixteenth
package_aa/000124781-1_1_1/000124781-1_1_1.png,955,0,992,148,15,sixteenth
package_aa/000124781-1_1_1/000124781-1_1_1.png,986,0,1023,148,16,sixteenth
package_aa/000124781-1_1_1/000124781-1_1_1.png,1038,0,1075,148,17,sixteenth
package_aa/000124781-1_1_1/000124781-1_1_1.png,1070,0,1107,148,18,sixteenth
package_aa/000124781-1_1_1/000124781-1_1_1.png,1119,0,1156,148,19,sixteenth
package_aa/000124781-1_1_1/000124781-1_1_1.png,1151,0,1187,148,20,sixteenth
package_aa/000124781-1_1_1/000124781-1_1_1.png,1182,0,1219,148,21,sixteenth
package_aa/000124781-1_1_1/000124781-1_1_1.png,1214,0,1250,148,22,sixteenth
package_ab/190023390-1_1_1/190023390-1_1_1.png,338,0,375,134,1,sixteenth
package_ab/190023390-1_1_1/190023390-1_1_1.png,409,0,456,134,3,thirty_second
package_ab/190023390-1_1_1/190023390-1_1_1.png,447,0,484,134,4,thirty_second
package_ab/190023390-1_1_1/190023390-1_1_1.png,479,0,515,134,5,sixteenth
package_ab/190023390-1_1_1/190023390-1_1_1.png,555,0,592,134,7,thirty_second
package_ab/190023390-1_1_1/190023390-1_1_1.png,587,0,623,134,8,thirty_second
package_ab/210000153-1_12_2/210000153-1_12_2.png,262,0,298,153,0,quarter
package_ab/210000153-1_12_2/210000153-1_12_2.png,406,0,442,153,2,quarter
package_ab/211010462-1_2_1/211010462-1_2_1.png,184,0,220,169,0,quarter
package_ab/211010462-1_2_1/211010462-1_2_1.png,326,0,368,169,1,sixteenth
package_ab/211010462-1_2_1/211010462-1_2_1.png,450,0,492,169,3,sixteenth
package_ab/211010462-1_2_1/211010462-1_2_1.png,587,0,629,169,5,sixteenth
package_ab/211010462-1_2_1/211010462-1_2_1.png,718,0,754,169,7,sixteenth
package_ab/211010462-1_2_1/211010462-1_2_1.png,837,0,884,169,9,sixteenth
package_ab/211010462-1_2_1/211010462-1_2_1.png,900,0,942,169,10,quarter
package_aa/000135324-1_1_1/000135324-1_1_1.png,122,0,157,125,0,half
package_aa/000135324-1_1_1/000135324-1_1_1.png,225,0,262,125,1,quarter
package_aa/000135324-1_1_1/000135324-1_1_1.png,325,0,362,125,2,quarter
package_aa/000135324-1_1_1/000135324-1_1_1.png,484,0,521,125,5,quarter
package_aa/000135324-1_1_1/000135324-1_1_1.png,585,0,619,125,6,half
package_aa/000135324-1_1_1/000135324-1_1_1.png,690,0,726,125,7,quarter
package_aa/000135324-1_1_1/000135324-1_1_1.png,791,0,825,125,8,half
package_aa/000135324-1_1_1/000135324-1_1_1.png,895,0,931,125,9,quarter
package_aa/000135324-1_1_1/000135324-1_1_1.png,995,0,1030,125,10,half
package_aa/000135324-1_1_1/000135324-1_1_1.png,1098,0,1135,125,11,quarter
package_ab/190024304-1_1_1/190024304-1_1_1.png,463,0,498,139,6,half
package_ab/190024304-1_1_1/190024304-1_1_1.png,567,0,604,139,7,quarter
package_ab/190024304-1_1_1/190024304-1_1_1.png,687,0,722,139,8,half
package_ab/190024304-1_1_1/190024304-1_1_1.png,787,0,834,139,9,quarter
package_ab/201009311-1_22_1/201009311-1_22_1.png,124,0,161,164,0,quarter
package_ab/201009311-1_22_1/201009311-1_22_1.png,193,0,230,164,1,sixteenth
package_ab/201009311-1_22_1/201009311-1_22_1.png,225,0,261,164,2,thirty_second
package_ab/201009311-1_22_1/201009311-1_22_1.png,256,0,293,164,3,thirty_second
package_ab/201009311-1_22_1/201009311-1_22_1.png,288,0,324,164,4,thirty_second
package_ab/201009311-1_22_1/201009311-1_22_1.png,342,0,379,164,5,thirty_second
package_ab/201009311-1_22_1/201009311-1_22_1.png,374,0,411,164,6,thirty_second
package_ab/201009311-1_22_1/201009311-1_22_1.png,406,0,443,164,7,thirty_second
package_ab/201009311-1_22_1/201009311-1_22_1.png,437,0,474,164,8,sixteenth
package_ab/201009311-1_22_1/201009311-1_22_1.png,469,0,506,164,9,sixteenth
package_ab/201009311-1_22_1/201009311-1_22_1.png,501,0,538,164,10,sixteenth
package_ab/201009311-1_22_1/201009311-1_22_1.png,532,0,569,164,11,sixteenth
package_ab/201009311-1_22_1/201009311-1_22_1.png,564,0,601,164,12,sixteenth
package_ab/201009311-1_22_1/201009311-1_22_1.png,596,0,633,164,13,sixteenth
package_ab/201009311-1_22_1/201009311-1_22_1.png,627,0,664,164,14,sixteenth
package_ab/201009311-1_22_1/201009311-1_22_1.png,659,0,696,164,15,sixteenth
package_ab/201009311-1_22_1/201009311-1_22_1.png,720,0,757,164,16,sixteenth
package_ab/201009311-1_22_1/201009311-1_22_1.png,752,0,789,164,17,sixteenth
package_ab/201009311-1_22_1/201009311-1_22_1.png,783,0,820,164,18,sixteenth
package_ab/201009311-1_22_1/201009311-1_22_1.png,815,0,852,164,19,sixteenth
package_ab/201009311-1_22_1/201009311-1_22_1.png,847,0,884,164,20,sixteenth
package_ab/201009311-1_22_1/201009311-1_22_1.png,879,0,916,164,21,sixteenth
package_ab/201009311-1_22_1/201009311-1_22_1.png,910,0,947,164,22,sixteenth
package_ab/201009311-1_22_1/201009311-1_22_1.png,942,0,979,164,23,sixteenth
package_ab/201009311-1_22_1/201009311-1_22_1.png,1028,0,1065,164,25,sixteenth
package_ab/201009311-1_22_1/201009311-1_22_1.png,1060,0,1097,164,26,sixteenth
package_aa/000105842-1_1_1/000105842-1_1_1.png,127,0,163,194,0,sixteenth
package_aa/000105842-1_1_1/000105842-1_1_1.png,157,0,193,194,1,thirty_second
package_aa/000105842-1_1_1/000105842-1_1_1.png,184,0,226,194,2,thirty_second
package_aa/000105842-1_1_1/000105842-1_1_1.png,217,0,253,194,3,sixteenth
package_aa/000105842-1_1_1/000105842-1_1_1.png,247,0,283,194,4,sixteenth
package_aa/000105842-1_1_1/000105842-1_1_1.png,278,0,315,194,5,sixteenth
package_aa/000105842-1_1_1/000105842-1_1_1.png,305,0,347,194,6,sixteenth
package_aa/000105842-1_1_1/000105842-1_1_1.png,339,0,373,194,7,sixteenth
package_aa/000105842-1_1_1/000105842-1_1_1.png,365,0,407,194,8,sixteenth
package_aa/000105842-1_1_1/000105842-1_1_1.png,428,0,464,194,9,sixteenth
package_aa/000105842-1_1_1/000105842-1_1_1.png,458,0,494,194,10,thirty_second
package_aa/000105842-1_1_1/000105842-1_1_1.png,486,0,528,194,11,thirty_second
package_aa/000105842-1_1_1/000105842-1_1_1.png,519,0,555,194,12,sixteenth
package_aa/000105842-1_1_1/000105842-1_1_1.png,549,0,585,194,13,sixteenth
package_aa/000105842-1_1_1/000105842-1_1_1.png,576,0,618,194,14,sixteenth
package_aa/000105842-1_1_1/000105842-1_1_1.png,607,0,649,194,15,sixteenth
package_aa/000105842-1_1_1/000105842-1_1_1.png,640,0,676,194,16,sixteenth
package_aa/000105842-1_1_1/000105842-1_1_1.png,667,0,709,194,17,sixteenth
package_aa/100500962-1_3_2/100500962-1_3_2.png,128,0,164,118,0,quarter
package_aa/100500962-1_3_2/100500962-1_3_2.png,287,0,324,118,3,quarter
package_aa/100500962-1_3_2/100500962-1_3_2.png,356,0,393,118,4,quarter
package_aa/100500962-1_3_2/100500962-1_3_2.png,456,0,492,118,5,quarter
package_aa/100500962-1_3_2/100500962-1_3_2.png,525,0,561,118,6,quarter
package_aa/100500962-1_3_2/100500962-1_3_2.png,593,0,630,118,7,quarter
package_aa/100500962-1_3_2/100500962-1_3_2.png,663,0,699,118,8,quarter
package_aa/100500962-1_3_2/100500962-1_3_2.png,762,0,799,118,9,quarter
package_aa/100500962-1_3_2/100500962-1_3_2.png,831,0,868,118,10,quarter
package_aa/100500962-1_3_2/100500962-1_3_2.png,901,0,937,118,11,quarter
package_aa/100500962-1_3_2/100500962-1_3_2.png,970,0,1006,118,12,quarter
package_ab/211010441-1_20_1/211010441-1_20_1.png,197,0,233,156,0,quarter
package_ab/211010441-1_20_1/211010441-1_20_1.png,266,0,303,156,1,quarter
package_ab/211010441-1_20_1/211010441-1_20_1.png,366,0,403,156,2,sixteenth
package_ab/211010441-1_20_1/211010441-1_20_1.png,398,0,434,156,3,sixteenth
package_ab/211010441-1_20_1/211010441-1_20_1.png,596,0,632,156,6,sixteenth
package_ab/211010441-1_20_1/211010441-1_20_1.png,627,0,664,156,7,sixteenth
package_ab/211010441-1_20_1/211010441-1_20_1.png,659,0,695,156,8,sixteenth
package_ab/211010441-1_20_1/211010441-1_20_1.png,690,0,727,156,9,sixteenth
package_ab/211010441-1_20_1/211010441-1_20_1.png,722,0,758,156,10,sixteenth
package_ab/211010441-1_20_1/211010441-1_20_1.png,753,0,790,156,11,sixteenth
package_ab/211010441-1_20_1/211010441-1_20_1.png,786,0,822,156,12,sixteenth
package_ab/211010441-1_20_1/211010441-1_20_1.png,817,0,854,156,13,sixteenth
package_ab/211010441-1_20_1/211010441-1_20_1.png,878,0,914,156,14,sixteenth
package_ab/211010441-1_20_1/211010441-1_20_1.png,909,0,946,156,15,sixteenth
package_ab/211010441-1_20_1/211010441-1_20_1.png,941,0,977,156,16,sixteenth
package_ab/211010441-1_20_1/211010441-1_20_1.png,973,0,1010,156,17,sixteenth
package_ab/211010441-1_20_1/211010441-1_20_1.png,1004,0,1041,156,18,sixteenth
package_ab/211010441-1_20_1/211010441-1_20_1.png,1036,0,1073,156,19,sixteenth
package_ab/211010441-1_20_1/211010441-1_20_1.png,1067,0,1104,156,20,sixteenth
package_ab/211010441-1_20_1/211010441-1_20_1.png,1118,0,1155,156,21,sixteenth
package_aa/000127107-1_1_1/000127107-1_1_1.png,1241,0,1283,178,13,quarter
package_ab/201008555-1_1_1/201008555-1_1_1.png,180,0,217,137,0,quarter
package_ab/201008555-1_1_1/201008555-1_1_1.png,244,0,291,137,1,quarter
package_ab/201008555-1_1_1/201008555-1_1_1.png,529,0,566,137,5,quarter
package_ab/201008555-1_1_1/201008555-1_1_1.png,593,0,640,137,6,quarter
package_ab/201008555-1_1_1/201008555-1_1_1.png,933,0,969,137,11,quarter
package_ab/201008555-1_1_1/201008555-1_1_1.png,1257,0,1294,137,17,quarter
package_ab/201008555-1_1_1/201008555-1_1_1.png,1327,0,1363,137,18,quarter
package_ab/230005736-1_1_1/230005736-1_1_1.png,157,0,199,147,0,quarter
package_ab/230005736-1_1_1/230005736-1_1_1.png,295,0,337,147,1,quarter
package_ab/230002624-1_1_1/230002624-1_1_1.png,209,0,245,136,0,quarter
package_ab/230002624-1_1_1/230002624-1_1_1.png,275,0,317,136,1,quarter
package_ab/230002624-1_1_1/230002624-1_1_1.png,347,0,383,136,2,quarter
package_ab/230002624-1_1_1/230002624-1_1_1.png,533,0,575,136,5,quarter
package_ab/230002624-1_1_1/230002624-1_1_1.png,701,0,743,136,6,quarter
package_ab/230002624-1_1_1/230002624-1_1_1.png,773,0,809,136,7,quarter
package_ab/230002624-1_1_1/230002624-1_1_1.png,839,0,881,136,8,quarter
package_ab/230002624-1_1_1/230002624-1_1_1.png,1036,0,1072,136,11,quarter
package_aa/000117430-1_1_1/000117430-1_1_1.png,232,0,266,136,1,sixteenth
package_aa/000117430-1_1_1/000117430-1_1_1.png,258,0,300,136,2,sixteenth
package_aa/000117430-1_1_1/000117430-1_1_1.png,293,0,327,136,3,quarter
package_aa/000117430-1_1_1/000117430-1_1_1.png,357,0,399,136,4,quarter
package_aa/000117430-1_1_1/000117430-1_1_1.png,456,0,498,136,5,quarter
package_aa/000117430-1_1_1/000117430-1_1_1.png,528,0,564,136,6,quarter
package_aa/000117430-1_1_1/000117430-1_1_1.png,594,0,636,136,7,quarter
package_aa/000117430-1_1_1/000117430-1_1_1.png,996,0,1032,136,14,quarter
package_aa/000106211-1_1_1/000106211-1_1_1.png,187,0,223,161,0,sixteenth
package_aa/000106211-1_1_1/000106211-1_1_1.png,217,0,253,161,1,sixteenth
package_aa/000106211-1_1_1/000106211-1_1_1.png,244,0,286,161,2,sixteenth
package_aa/000106211-1_1_1/000106211-1_1_1.png,278,0,314,161,3,sixteenth
package_aa/000106211-1_1_1/000106211-1_1_1.png,308,0,344,161,4,sixteenth
package_aa/000106211-1_1_1/000106211-1_1_1.png,338,0,374,161,5,sixteenth
package_aa/000106211-1_1_1/000106211-1_1_1.png,365,0,407,161,6,sixteenth
package_aa/000106211-1_1_1/000106211-1_1_1.png,398,0,434,161,7,sixteenth
package_aa/000106211-1_1_1/000106211-1_1_1.png,730,0,772,161,9,sixteenth
package_aa/000106211-1_1_1/000106211-1_1_1.png,764,0,801,161,10,sixteenth
package_aa/000106211-1_1_1/000106211-1_1_1.png,794,0,830,161,11,sixteenth
package_aa/000106211-1_1_1/000106211-1_1_1.png,821,0,863,161,12,sixteenth
package_aa/000106211-1_1_1/000106211-1_1_1.png,851,0,893,161,13,sixteenth
package_aa/000106211-1_1_1/000106211-1_1_1.png,881,0,923,161,14,sixteenth
package_aa/000106211-1_1_1/000106211-1_1_1.png,915,0,951,161,15,sixteenth
package_aa/000106211-1_1_1/000106211-1_1_1.png,942,0,984,161,16,sixteenth
package_ab/201002433-1_5_2/201002433-1_5_2.png,615,0,652,138,1,quarter
package_ab/201002433-1_5_2/201002433-1_5_2.png,684,0,721,138,2,quarter
package_ab/201002433-1_5_2/201002433-1_5_2.png,1234,0,1271,138,13,quarter
package_ab/201002433-1_5_2/201002433-1_5_2.png,1379,0,1416,138,15,sixteenth
package_ab/201002433-1_5_2/201002433-1_5_2.png,1410,0,1447,138,16,sixteenth
package_aa/000105832-1_1_1/000105832-1_1_1.png,281,0,318,138,2,quarter
package_aa/000105832-1_1_1/000105832-1_1_1.png,352,0,387,138,3,half
package_aa/000105832-1_1_1/000105832-1_1_1.png,457,0,492,138,4,half
package_aa/000105832-1_1_1/000105832-1_1_1.png,560,0,597,138,5,quarter
package_aa/000105832-1_1_1/000105832-1_1_1.png,662,0,697,138,6,half
package_aa/000105832-1_1_1/000105832-1_1_1.png,811,0,847,138,8,sixteenth
package_aa/000105832-1_1_1/000105832-1_1_1.png,842,0,879,138,9,sixteenth
package_aa/000105832-1_1_1/000105832-1_1_1.png,874,0,909,138,10,half
package_aa/000105832-1_1_1/000105832-1_1_1.png,978,0,1015,138,11,quarter
package_aa/000104012-1_2_1/000104012-1_2_1.png,393,0,428,153,0,half
package_aa/000104012-1_2_1/000104012-1_2_1.png,528,0,563,153,1,half
package_aa/000104012-1_2_1/000104012-1_2_1.png,633,0,668,153,2,half
package_aa/000104012-1_2_1/000104012-1_2_1.png,769,0,804,153,3,half
package_aa/000104012-1_2_1/000104012-1_2_1.png,874,0,909,153,4,half
package_aa/000104012-1_2_1/000104012-1_2_1.png,1008,0,1055,153,5,whole
package_aa/000104012-1_2_1/000104012-1_2_1.png,1206,0,1241,153,6,half
package_aa/000104012-1_2_1/000104012-1_2_1.png,1311,0,1345,153,7,half
package_ab/201001884-1_1_2/201001884-1_1_2.png,1196,0,1233,147,7,quarter
package_ab/201001884-1_1_2/201001884-1_1_2.png,1335,0,1372,147,9,quarter
package_ab/201001884-1_1_2/201001884-1_1_2.png,1871,0,1908,147,17,quarter
package_aa/000135142-21_1_1/000135142-21_1_1.png,388,0,425,159,4,sixteenth
package_aa/000135142-21_1_1/000135142-21_1_1.png,420,0,456,159,5,sixteenth
package_aa/000135142-21_1_1/000135142-21_1_1.png,618,0,655,159,9,sixteenth
package_aa/000135142-21_1_1/000135142-21_1_1.png,650,0,686,159,10,sixteenth
package_aa/000135142-21_1_1/000135142-21_1_1.png,847,0,884,159,14,sixteenth
package_aa/000135142-21_1_1/000135142-21_1_1.png,873,0,920,159,15,sixteenth
package_aa/000135142-21_1_1/000135142-21_1_1.png,950,0,997,159,17,sixteenth
package_aa/000135142-21_1_1/000135142-21_1_1.png,987,0,1024,159,18,sixteenth
package_ab/220031607-1_5_1/220031607-1_5_1.png,298,0,345,118,0,whole
package_ab/220031607-1_5_1/220031607-1_5_1.png,403,0,450,118,1,whole
package_ab/220031607-1_5_1/220031607-1_5_1.png,514,0,548,118,2,half
package_ab/220031607-1_5_1/220031607-1_5_1.png,577,0,624,118,3,whole
package_ab/220031607-1_5_1/220031607-1_5_1.png,688,0,722,118,4,half
package_ab/220031607-1_5_1/220031607-1_5_1.png,751,0,798,118,5,whole
package_ab/220031607-1_5_1/220031607-1_5_1.png,862,0,896,118,6,half
package_ab/220031607-1_5_1/220031607-1_5_1.png,925,0,972,118,7,whole
package_ab/220031607-1_5_1/220031607-1_5_1.png,1036,0,1070,118,8,half
package_ab/220031607-1_5_1/220031607-1_5_1.png,1105,0,1140,118,9,half
package_aa/000121068-7_1_1/000121068-7_1_1.png,307,0,343,146,2,sixteenth
package_aa/000121068-7_1_1/000121068-7_1_1.png,338,0,375,146,3,sixteenth
package_aa/000121068-7_1_1/000121068-7_1_1.png,536,0,572,146,7,sixteenth
package_aa/000121068-7_1_1/000121068-7_1_1.png,587,0,624,146,8,sixteenth
package_aa/000121068-7_1_1/000121068-7_1_1.png,784,0,821,146,12,sixteenth
package_aa/000121068-7_1_1/000121068-7_1_1.png,836,0,873,146,13,sixteenth
package_aa/000121068-7_1_1/000121068-7_1_1.png,989,0,1026,146,16,sixteenth
package_aa/000121068-7_1_1/000121068-7_1_1.png,1020,0,1056,146,17,sixteenth
package_aa/000121068-7_1_1/000121068-7_1_1.png,1052,0,1089,146,18,sixteenth
package_aa/000121068-7_1_1/000121068-7_1_1.png,1083,0,1120,146,19,sixteenth
package_aa/000121068-7_1_1/000121068-7_1_1.png,1116,0,1152,146,20,sixteenth
package_aa/000121068-7_1_1/000121068-7_1_1.png,1147,0,1184,146,21,sixteenth
package_aa/000121068-7_1_1/000121068-7_1_1.png,1179,0,1215,146,22,sixteenth
package_aa/000121068-7_1_1/000121068-7_1_1.png,1210,0,1247,146,23,sixteenth
package_ab/211007020-1_4_1/211007020-1_4_1.png,234,0,269,127,0,half
package_ab/211007020-1_4_1/211007020-1_4_1.png,335,0,377,127,1,quarter
package_ab/211007020-1_4_1/211007020-1_4_1.png,404,0,446,127,2,quarter
package_ab/211007020-1_4_1/211007020-1_4_1.png,503,0,545,127,3,quarter
package_ab/211007020-1_4_1/211007020-1_4_1.png,666,0,701,127,6,half
package_ab/211007020-1_4_1/211007020-1_4_1.png,868,0,904,127,7,quarter
package_ab/211007020-1_4_1/211007020-1_4_1.png,934,0,976,127,8,quarter
package_ab/211007020-1_4_1/211007020-1_4_1.png,1006,0,1042,127,9,quarter
package_ab/211007020-1_4_1/211007020-1_4_1.png,1102,0,1144,127,10,quarter
package_ab/211007020-1_4_1/211007020-1_4_1.png,1175,0,1211,127,11,quarter
package_ab/211007020-1_4_1/211007020-1_4_1.png,1244,0,1279,127,12,half
package_ab/201004011-1_9_1/201004011-1_9_1.png,173,0,208,133,0,half
package_ab/201004011-1_9_1/201004011-1_9_1.png,278,0,315,133,1,quarter
package_ab/201004011-1_9_1/201004011-1_9_1.png,378,0,414,133,2,quarter
package_ab/201004011-1_9_1/201004011-1_9_1.png,446,0,483,133,3,quarter
package_ab/201004011-1_9_1/201004011-1_9_1.png,636,0,673,133,5,quarter
package_ab/201004011-1_9_1/201004011-1_9_1.png,916,0,953,133,10,quarter
package_ab/201004011-1_9_1/201004011-1_9_1.png,986,0,1022,133,11,quarter
package_ab/220010556-1_1_1/220010556-1_1_1.png,391,0,433,136,2,quarter
package_ab/220010556-1_1_1/220010556-1_1_1.png,585,0,619,136,5,quarter
package_ab/220010556-1_1_1/220010556-1_1_1.png,774,0,808,136,8,sixteenth
package_ab/220010556-1_1_1/220010556-1_1_1.png,800,0,842,136,9,sixteenth
package_ab/220010556-1_1_1/220010556-1_1_1.png,830,0,872,136,10,sixteenth
package_ab/220010556-1_1_1/220010556-1_1_1.png,865,0,899,136,11,sixteenth
package_ab/220010556-1_1_1/220010556-1_1_1.png,890,0,932,136,12,sixteenth
package_ab/220010556-1_1_1/220010556-1_1_1.png,924,0,960,136,13,sixteenth
package_ab/220017030-1_5_1/220017030-1_5_1.png,208,0,244,146,1,sixteenth
package_ab/220017030-1_5_1/220017030-1_5_1.png,238,0,274,146,2,sixteenth
package_ab/220017030-1_5_1/220017030-1_5_1.png,385,0,427,146,5,quarter
package_ab/220017030-1_5_1/220017030-1_5_1.png,459,0,493,146,6,quarter
package_ab/220017030-1_5_1/220017030-1_5_1.png,603,0,637,146,8,sixteenth
package_ab/220017030-1_5_1/220017030-1_5_1.png,632,0,669,146,9,sixteenth
package_ab/220017030-1_5_1/220017030-1_5_1.png,783,0,817,146,12,sixteenth
package_ab/220017030-1_5_1/220017030-1_5_1.png,809,0,851,146,13,sixteenth
package_ab/220017030-1_5_1/220017030-1_5_1.png,844,0,878,146,14,sixteenth
package_ab/220017030-1_5_1/220017030-1_5_1.png,869,0,911,146,15,sixteenth
package_ab/220017030-1_5_1/220017030-1_5_1.png,903,0,939,146,16,sixteenth
package_ab/220017030-1_5_1/220017030-1_5_1.png,930,0,972,146,17,sixteenth
package_ab/220017030-1_5_1/220017030-1_5_1.png,965,0,999,146,18,sixteenth
package_ab/220017030-1_5_1/220017030-1_5_1.png,1008,0,1050,146,19,sixteenth
package_ab/211001882-1_3_1/211001882-1_3_1.png,227,0,269,127,0,quarter
package_ab/211001882-1_3_1/211001882-1_3_1.png,299,0,335,127,1,quarter
package_ab/211001882-1_3_1/211001882-1_3_1.png,395,0,437,127,2,quarter
package_ab/211001882-1_3_1/211001882-1_3_1.png,533,0,575,127,3,quarter
package_ab/211001882-1_3_1/211001882-1_3_1.png,605,0,641,127,4,quarter
package_ab/211001882-1_3_1/211001882-1_3_1.png,702,0,744,127,5,quarter
package_ab/211001882-1_3_1/211001882-1_3_1.png,843,0,879,127,6,quarter
package_ab/211001882-1_3_1/211001882-1_3_1.png,909,0,951,127,7,quarter
package_ab/211001882-1_3_1/211001882-1_3_1.png,1005,0,1052,127,8,quarter
package_ab/211001882-1_3_1/211001882-1_3_1.png,1149,0,1185,127,9,quarter
package_ab/211001882-1_3_1/211001882-1_3_1.png,1215,0,1257,127,10,quarter
package_ab/211001882-1_3_1/211001882-1_3_1.png,1331,0,1392,127,11,whole
package_aa/000130463-1_1_1/000130463-1_1_1.png,696,0,732,126,10,quarter
package_aa/000130463-1_1_1/000130463-1_1_1.png,976,0,1012,126,15,quarter
package_ab/211007228-1_9_2/211007228-1_9_2.png,836,0,878,128,8,sixteenth
package_ab/211007228-1_9_2/211007228-1_9_2.png,871,0,905,128,9,sixteenth
package_ab/211007228-1_9_2/211007228-1_9_2.png,900,0,937,128,10,sixteenth
package_ab/211007228-1_9_2/211007228-1_9_2.png,927,0,969,128,11,sixteenth
package_ab/230000162-1_33_2/230000162-1_33_2.png,482,0,524,154,0,quarter
package_ab/230000162-1_33_2/230000162-1_33_2.png,851,0,893,154,6,quarter
package_ab/230000162-1_33_2/230000162-1_33_2.png,920,0,962,154,7,quarter
package_ab/190023922-1_1_1/190023922-1_1_1.png,314,0,351,154,1,sixteenth
package_ab/190023922-1_1_1/190023922-1_1_1.png,346,0,382,154,2,sixteenth
package_ab/190023922-1_1_1/190023922-1_1_1.png,377,0,414,154,3,sixteenth
package_ab/190023922-1_1_1/190023922-1_1_1.png,410,0,446,154,4,sixteenth
package_ab/190023922-1_1_1/190023922-1_1_1.png,441,0,478,154,5,sixteenth
package_ab/190023922-1_1_1/190023922-1_1_1.png,473,0,509,154,6,sixteenth
package_ab/190023922-1_1_1/190023922-1_1_1.png,584,0,620,154,8,sixteenth
package_ab/190023922-1_1_1/190023922-1_1_1.png,615,0,652,154,9,sixteenth
package_ab/190023922-1_1_1/190023922-1_1_1.png,647,0,684,154,10,sixteenth
package_ab/190023922-1_1_1/190023922-1_1_1.png,679,0,716,154,11,sixteenth
package_ab/190023922-1_1_1/190023922-1_1_1.png,739,0,776,154,12,sixteenth
package_ab/190023922-1_1_1/190023922-1_1_1.png,771,0,808,154,13,sixteenth
package_ab/190023922-1_1_1/190023922-1_1_1.png,803,0,840,154,14,sixteenth
package_ab/190023922-1_1_1/190023922-1_1_1.png,835,0,872,154,15,sixteenth
package_ab/190023922-1_1_1/190023922-1_1_1.png,866,0,903,154,16,sixteenth
package_ab/190023922-1_1_1/190023922-1_1_1.png,898,0,935,154,17,sixteenth
package_ab/211003692-1_1_1/211003692-1_1_1.png,116,0,163,91,0,whole
package_ab/211003692-1_1_1/211003692-1_1_1.png,221,0,268,91,1,whole
package_ab/211003692-1_1_1/211003692-1_1_1.png,326,0,373,91,2,whole
package_ab/211003692-1_1_1/211003692-1_1_1.png,465,0,512,91,3,whole
package_ab/211003692-1_1_1/211003692-1_1_1.png,570,0,617,91,4,whole
package_ab/211003692-1_1_1/211003692-1_1_1.png,675,0,722,91,5,whole
package_ab/211003692-1_1_1/211003692-1_1_1.png,972,0,1019,91,6,whole
package_ab/211003692-1_1_1/211003692-1_1_1.png,1111,0,1158,91,7,whole
package_ab/211003692-1_1_1/211003692-1_1_1.png,1216,0,1263,91,8,whole
package_ab/211003692-1_1_1/211003692-1_1_1.png,1321,0,1368,91,9,whole
package_ab/210000029-1_1_1/210000029-1_1_1.png,602,0,636,128,0,half
package_ab/210000029-1_1_1/210000029-1_1_1.png,736,0,797,128,1,whole
package_ab/210000029-1_1_1/210000029-1_1_1.png,919,0,954,128,2,half
package_ab/210000029-1_1_1/210000029-1_1_1.png,1060,0,1107,128,3,whole
package_ab/210000029-1_1_1/210000029-1_1_1.png,1236,0,1271,128,4,half
package_ab/210000029-1_1_1/210000029-1_1_1.png,1378,0,1425,128,5,whole
package_ab/210000029-1_1_1/210000029-1_1_1.png,1553,0,1588,128,6,half
package_ab/210000029-1_1_1/210000029-1_1_1.png,1695,0,1742,128,7,whole
package_ab/201001244-1_1_1/201001244-1_1_1.png,303,0,339,129,1,quarter
package_ab/201001244-1_1_1/201001244-1_1_1.png,444,0,486,129,3,quarter
package_ab/201001244-1_1_1/201001244-1_1_1.png,563,0,597,129,5,quarter
package_aa/000109338-1_1_1/000109338-1_1_1.png,217,0,253,129,0,sixteenth
package_aa/000109338-1_1_1/000109338-1_1_1.png,244,0,286,129,1,sixteenth
package_aa/000109338-1_1_1/000109338-1_1_1.png,279,0,313,129,2,sixteenth
package_aa/000109338-1_1_1/000109338-1_1_1.png,304,0,346,129,3,sixteenth
package_aa/000109338-1_1_1/000109338-1_1_1.png,339,0,373,129,4,sixteenth
package_aa/000109338-1_1_1/000109338-1_1_1.png,365,0,407,129,5,sixteenth
package_aa/000109338-1_1_1/000109338-1_1_1.png,399,0,433,129,6,sixteenth
package_aa/000109338-1_1_1/000109338-1_1_1.png,425,0,467,129,7,quarter
package_aa/000109338-1_1_1/000109338-1_1_1.png,628,0,664,129,8,sixteenth
package_aa/000109338-1_1_1/000109338-1_1_1.png,655,0,697,129,9,sixteenth
package_aa/000109338-1_1_1/000109338-1_1_1.png,689,0,725,129,10,sixteenth
package_aa/000109338-1_1_1/000109338-1_1_1.png,716,0,758,129,11,sixteenth
package_aa/000109338-1_1_1/000109338-1_1_1.png,749,0,785,129,12,sixteenth
package_aa/000109338-1_1_1/000109338-1_1_1.png,776,0,818,129,13,sixteenth
package_aa/000109338-1_1_1/000109338-1_1_1.png,806,0,848,129,14,sixteenth
package_aa/000131196-1_1_1/000131196-1_1_1.png,125,0,160,142,0,half
package_aa/000131196-1_1_1/000131196-1_1_1.png,274,0,310,142,2,sixteenth
package_aa/000131196-1_1_1/000131196-1_1_1.png,306,0,343,142,3,sixteenth
package_aa/000131196-1_1_1/000131196-1_1_1.png,361,0,397,142,4,sixteenth
package_aa/000131196-1_1_1/000131196-1_1_1.png,392,0,429,142,5,sixteenth
package_aa/000131196-1_1_1/000131196-1_1_1.png,424,0,460,142,6,sixteenth
package_aa/000131196-1_1_1/000131196-1_1_1.png,455,0,492,142,7,sixteenth
package_aa/000131196-1_1_1/000131196-1_1_1.png,517,0,551,142,8,half
package_aa/000131196-1_1_1/000131196-1_1_1.png,666,0,702,142,10,sixteenth
package_aa/000131196-1_1_1/000131196-1_1_1.png,697,0,734,142,11,sixteenth
package_aa/000131196-1_1_1/000131196-1_1_1.png,730,0,766,142,12,sixteenth
package_aa/000131196-1_1_1/000131196-1_1_1.png,761,0,798,142,13,sixteenth
package_aa/000131196-1_1_1/000131196-1_1_1.png,793,0,829,142,14,sixteenth
package_aa/000131196-1_1_1/000131196-1_1_1.png,824,0,861,142,15,sixteenth
package_aa/000131196-1_1_1/000131196-1_1_1.png,887,0,921,142,16,half
package_aa/000131196-1_1_1/000131196-1_1_1.png,1036,0,1072,142,18,sixteenth
package_aa/000131196-1_1_1/000131196-1_1_1.png,1067,0,1104,142,19,sixteenth
package_aa/000131196-1_1_1/000131196-1_1_1.png,1099,0,1135,142,20,sixteenth
package_aa/000131196-1_1_1/000131196-1_1_1.png,1130,0,1167,142,21,sixteenth
package_aa/000131196-1_1_1/000131196-1_1_1.png,1162,0,1198,142,22,sixteenth
package_aa/000131196-1_1_1/000131196-1_1_1.png,1216,0,1253,142,23,sixteenth
package_aa/000131196-1_1_1/000131196-1_1_1.png,1278,0,1313,142,24,half
package_aa/000131196-1_1_1/000131196-1_1_1.png,1427,0,1464,142,26,sixteenth
package_aa/000131196-1_1_1/000131196-1_1_1.png,1459,0,1496,142,27,sixteenth
package_ab/230001234-1_1_1/230001234-1_1_1.png,123,0,170,128,0,whole
package_ab/230001234-1_1_1/230001234-1_1_1.png,340,0,375,128,1,half
package_ab/230001234-1_1_1/230001234-1_1_1.png,456,0,493,128,2,quarter
package_ab/230001234-1_1_1/230001234-1_1_1.png,666,0,703,128,5,quarter
package_ab/230001234-1_1_1/230001234-1_1_1.png,743,0,780,128,6,quarter
package_ab/230001234-1_1_1/230001234-1_1_1.png,819,0,856,128,7,quarter
package_ab/230001234-1_1_1/230001234-1_1_1.png,896,0,933,128,8,quarter
package_ab/230001234-1_1_1/230001234-1_1_1.png,1640,0,1675,128,21,half
package_ab/230001234-1_1_1/230001234-1_1_1.png,1791,0,1825,128,22,half
package_ab/140000068-1_1_2/140000068-1_1_2.png,203,0,245,127,0,sixteenth
package_ab/140000068-1_1_2/140000068-1_1_2.png,231,0,278,127,1,sixteenth
package_ab/140000068-1_1_2/140000068-1_1_2.png,264,0,306,127,2,sixteenth
package_ab/140000068-1_1_2/140000068-1_1_2.png,291,0,338,127,3,sixteenth
package_ab/140000068-1_1_2/140000068-1_1_2.png,324,0,366,127,4,sixteenth
package_ab/140000068-1_1_2/140000068-1_1_2.png,352,0,399,127,5,sixteenth
package_ab/140000068-1_1_2/140000068-1_1_2.png,385,0,427,127,6,sixteenth
package_ab/140000068-1_1_2/140000068-1_1_2.png,412,0,459,127,7,sixteenth
package_ab/140000068-1_1_2/140000068-1_1_2.png,445,0,487,127,8,sixteenth
package_ab/140000068-1_1_2/140000068-1_1_2.png,472,0,519,127,9,sixteenth
package_ab/140000068-1_1_2/140000068-1_1_2.png,505,0,547,127,10,sixteenth
package_ab/140000068-1_1_2/140000068-1_1_2.png,533,0,580,127,11,sixteenth
package_ab/140000068-1_1_2/140000068-1_1_2.png,566,0,608,127,12,sixteenth
package_ab/140000068-1_1_2/140000068-1_1_2.png,593,0,640,127,13,sixteenth
package_ab/140000068-1_1_2/140000068-1_1_2.png,626,0,668,127,14,sixteenth
package_ab/140000068-1_1_2/140000068-1_1_2.png,659,0,695,127,15,sixteenth
package_ab/140000068-1_1_2/140000068-1_1_2.png,717,0,759,127,16,sixteenth
package_ab/140000068-1_1_2/140000068-1_1_2.png,774,0,810,127,17,sixteenth
package_ab/140000068-1_1_2/140000068-1_1_2.png,801,0,843,127,18,sixteenth
package_ab/140000068-1_1_2/140000068-1_1_2.png,834,0,870,127,19,sixteenth
package_ab/140000068-1_1_2/140000068-1_1_2.png,861,0,903,127,20,sixteenth
package_ab/140000068-1_1_2/140000068-1_1_2.png,918,0,954,127,21,sixteenth
package_ab/140000068-1_1_2/140000068-1_1_2.png,946,0,988,127,22,sixteenth
package_ab/140000068-1_1_2/140000068-1_1_2.png,979,0,1015,127,23,sixteenth
package_ab/140000068-1_1_2/140000068-1_1_2.png,1006,0,1048,127,24,sixteenth
package_ab/140000068-1_1_2/140000068-1_1_2.png,1063,0,1099,127,25,sixteenth
package_ab/140000068-1_1_2/140000068-1_1_2.png,1090,0,1132,127,26,sixteenth
package_ab/140000068-1_1_2/140000068-1_1_2.png,1123,0,1159,127,27,sixteenth
package_ab/140000068-1_1_2/140000068-1_1_2.png,1151,0,1193,127,28,sixteenth
package_ab/140000068-1_1_2/140000068-1_1_2.png,1184,0,1220,127,29,sixteenth
package_ab/140000068-1_1_2/140000068-1_1_2.png,1211,0,1253,127,30,sixteenth
package_ab/140000068-1_1_2/140000068-1_1_2.png,1244,0,1280,127,31,sixteenth
package_aa/000106966-1_1_1/000106966-1_1_1.png,366,0,408,129,2,sixteenth
package_aa/000106966-1_1_1/000106966-1_1_1.png,399,0,435,129,3,sixteenth
package_aa/000106966-1_1_1/000106966-1_1_1.png,549,0,585,129,6,quarter
package_aa/000106966-1_1_1/000106966-1_1_1.png,735,0,777,129,9,quarter
package_ab/220032355-1_1_1/220032355-1_1_1.png,128,0,164,127,0,quarter
package_ab/220032355-1_1_1/220032355-1_1_1.png,314,0,356,127,3,quarter
package_ab/220032355-1_1_1/220032355-1_1_1.png,386,0,422,127,4,quarter
package_ab/220032355-1_1_1/220032355-1_1_1.png,452,0,494,127,5,quarter
package_ab/220032355-1_1_1/220032355-1_1_1.png,525,0,559,127,6,quarter
package_ab/220032355-1_1_1/220032355-1_1_1.png,624,0,658,127,7,half
package_ab/220032355-1_1_1/220032355-1_1_1.png,725,0,767,127,8,quarter
package_ab/220032355-1_1_1/220032355-1_1_1.png,797,0,833,127,9,quarter
package_ab/220032355-1_1_1/220032355-1_1_1.png,893,0,935,127,10,quarter
package_ab/220032355-1_1_1/220032355-1_1_1.png,962,0,1004,127,11,quarter
package_ab/220032355-1_1_1/220032355-1_1_1.png,1124,0,1160,127,14,quarter
package_ab/220032355-1_1_1/220032355-1_1_1.png,1224,0,1259,127,15,half
package_ab/220034266-1_3_1/220034266-1_3_1.png,293,0,330,137,1,sixteenth
package_ab/220034266-1_3_1/220034266-1_3_1.png,325,0,361,137,2,sixteenth
package_ab/220034266-1_3_1/220034266-1_3_1.png,522,0,559,137,6,sixteenth
package_ab/220034266-1_3_1/220034266-1_3_1.png,554,0,590,137,7,sixteenth
package_ab/220034266-1_3_1/220034266-1_3_1.png,751,0,788,137,11,sixteenth
package_ab/220034266-1_3_1/220034266-1_3_1.png,783,0,820,137,12,sixteenth
package_ab/230002266-1_4_1/230002266-1_4_1.png,158,0,193,175,0,half
package_ab/230002266-1_4_1/230002266-1_4_1.png,309,0,344,175,1,half
package_ab/230002266-1_4_1/230002266-1_4_1.png,424,0,459,175,2,half
package_ab/230002266-1_4_1/230002266-1_4_1.png,574,0,609,175,3,half
package_ab/230002266-1_4_1/230002266-1_4_1.png,689,0,723,175,4,half
package_ab/230002266-1_4_1/230002266-1_4_1.png,850,0,885,175,5,half
package_ab/230002266-1_4_1/230002266-1_4_1.png,965,0,1000,175,6,half
package_ab/230002266-1_4_1/230002266-1_4_1.png,1115,0,1150,175,7,half
package_ab/230002266-1_4_1/230002266-1_4_1.png,1230,0,1265,175,8,half
package_ab/230002266-1_4_1/230002266-1_4_1.png,1379,0,1413,175,9,half
package_ab/230002266-1_4_1/230002266-1_4_1.png,1495,0,1530,175,10,half
package_ab/230002266-1_4_1/230002266-1_4_1.png,1641,0,1688,175,11,whole
package_ab/230002266-1_4_1/230002266-1_4_1.png,1869,0,1904,175,12,half
package_ab/201009308-1_40_1/201009308-1_40_1.png,230,0,266,129,1,sixteenth
package_ab/201009308-1_40_1/201009308-1_40_1.png,257,0,299,129,2,sixteenth
package_ab/201009308-1_40_1/201009308-1_40_1.png,377,0,419,129,5,quarter
package_ab/212003579-1_3_1/212003579-1_3_1.png,172,0,209,128,0,quarter
package_ab/212003579-1_3_1/212003579-1_3_1.png,241,0,278,128,1,quarter
package_ab/212003579-1_3_1/212003579-1_3_1.png,310,0,347,128,2,quarter
package_ab/212003579-1_3_1/212003579-1_3_1.png,431,0,468,128,3,quarter
package_ab/212003579-1_3_1/212003579-1_3_1.png,689,0,725,128,4,quarter
package_ab/212003579-1_3_1/212003579-1_3_1.png,758,0,794,128,5,quarter
package_ab/212003579-1_3_1/212003579-1_3_1.png,827,0,863,128,6,quarter
package_ab/212003579-1_3_1/212003579-1_3_1.png,926,0,963,128,7,quarter
package_aa/000111417-1_3_1/000111417-1_3_1.png,342,0,384,127,2,quarter
package_aa/000111417-1_3_1/000111417-1_3_1.png,534,0,570,127,5,quarter
package_aa/000111417-1_3_1/000111417-1_3_1.png,720,0,762,127,8,quarter
package_aa/000111417-1_3_1/000111417-1_3_1.png,923,0,959,127,11,quarter
package_aa/000117271-1_1_1/000117271-1_1_1.png,416,0,458,127,2,quarter
package_aa/000117271-1_1_1/000117271-1_1_1.png,799,0,835,127,5,quarter
package_aa/000117271-1_1_1/000117271-1_1_1.png,1173,0,1215,127,8,quarter
package_ab/212003054-1_5_1/212003054-1_5_1.png,211,0,247,137,0,quarter
package_ab/212003054-1_5_1/212003054-1_5_1.png,337,0,374,137,1,quarter
package_ab/212003054-1_5_1/212003054-1_5_1.png,407,0,443,137,2,quarter
package_ab/212003054-1_5_1/212003054-1_5_1.png,476,0,512,137,3,quarter
package_ab/212003054-1_5_1/212003054-1_5_1.png,577,0,612,137,4,half
package_ab/212003054-1_5_1/212003054-1_5_1.png,681,0,717,137,5,quarter
package_ab/212003054-1_5_1/212003054-1_5_1.png,780,0,817,137,6,quarter
package_ab/212003054-1_5_1/212003054-1_5_1.png,849,0,886,137,7,quarter
package_ab/212003054-1_5_1/212003054-1_5_1.png,919,0,955,137,8,quarter
package_ab/212003054-1_5_1/212003054-1_5_1.png,1018,0,1054,137,9,quarter
package_ab/212003054-1_5_1/212003054-1_5_1.png,1177,0,1213,137,12,quarter
package_aa/000110337-1_3_1/000110337-1_3_1.png,173,0,208,130,0,half
package_aa/000110337-1_3_1/000110337-1_3_1.png,278,0,315,130,1,sixteenth
package_aa/000110337-1_3_1/000110337-1_3_1.png,310,0,346,130,2,sixteenth
package_aa/000110337-1_3_1/000110337-1_3_1.png,341,0,378,130,3,sixteenth
package_aa/000110337-1_3_1/000110337-1_3_1.png,373,0,409,130,4,sixteenth
package_aa/000110337-1_3_1/000110337-1_3_1.png,433,0,470,130,5,quarter
package_aa/000110337-1_3_1/000110337-1_3_1.png,503,0,539,130,6,quarter
package_aa/000110337-1_3_1/000110337-1_3_1.png,571,0,608,130,7,quarter
package_aa/000110337-1_3_1/000110337-1_3_1.png,672,0,707,130,8,half
package_aa/000110337-1_3_1/000110337-1_3_1.png,776,0,813,130,9,sixteenth
package_aa/000110337-1_3_1/000110337-1_3_1.png,807,0,844,130,10,sixteenth
package_aa/000110337-1_3_1/000110337-1_3_1.png,839,0,876,130,11,sixteenth
package_aa/000110337-1_3_1/000110337-1_3_1.png,871,0,907,130,12,sixteenth
package_aa/000110337-1_3_1/000110337-1_3_1.png,932,0,969,130,13,quarter
package_aa/000110337-1_3_1/000110337-1_3_1.png,1001,0,1037,130,14,quarter
package_aa/000110337-1_3_1/000110337-1_3_1.png,1070,0,1107,130,15,quarter
package_aa/000110337-1_3_1/000110337-1_3_1.png,1170,0,1206,130,16,quarter
package_ab/220015693-1_1_1/220015693-1_1_1.png,161,0,203,127,0,quarter
package_ab/220015693-1_1_1/220015693-1_1_1.png,234,0,270,127,1,quarter
package_ab/220015693-1_1_1/220015693-1_1_1.png,299,0,341,127,2,quarter
package_ab/220015693-1_1_1/220015693-1_1_1.png,402,0,439,127,3,quarter
package_ab/220015693-1_1_1/220015693-1_1_1.png,471,0,507,127,4,quarter
package_ab/220015693-1_1_1/220015693-1_1_1.png,540,0,577,127,5,quarter
package_ab/220015693-1_1_1/220015693-1_1_1.png,639,0,675,127,6,quarter
package_ab/220015693-1_1_1/220015693-1_1_1.png,708,0,745,127,7,quarter
package_ab/220015693-1_1_1/220015693-1_1_1.png,777,0,813,127,8,quarter
package_ab/220015693-1_1_1/220015693-1_1_1.png,873,0,915,127,9,quarter
package_ab/220015693-1_1_1/220015693-1_1_1.png,946,0,980,127,10,half
package_ab/220015693-1_1_1/220015693-1_1_1.png,1077,0,1119,127,11,quarter
package_ab/220015693-1_1_1/220015693-1_1_1.png,1150,0,1184,127,12,quarter
package_ab/220015693-1_1_1/220015693-1_1_1.png,1215,0,1257,127,13,quarter
package_ab/220015693-1_1_1/220015693-1_1_1.png,1317,0,1353,127,14,quarter
package_ab/220015693-1_1_1/220015693-1_1_1.png,1383,0,1425,127,15,quarter
package_ab/220015693-1_1_1/220015693-1_1_1.png,1455,0,1491,127,16,quarter
package_ab/110002957-1_19_1/110002957-1_19_1.png,260,0,296,128,2,sixteenth
package_ab/110002957-1_19_1/110002957-1_19_1.png,292,0,328,128,3,sixteenth
package_ab/110002957-1_19_1/110002957-1_19_1.png,445,0,482,128,6,sixteenth
package_ab/110002957-1_19_1/110002957-1_19_1.png,478,0,514,128,7,sixteenth
package_ab/110002957-1_19_1/110002957-1_19_1.png,509,0,546,128,8,sixteenth
package_aa/000104997-1_1_1/000104997-1_1_1.png,245,0,281,169,0,sixteenth
package_aa/000104997-1_1_1/000104997-1_1_1.png,276,0,313,169,1,sixteenth
package_aa/000104997-1_1_1/000104997-1_1_1.png,302,0,349,169,2,sixteenth
package_aa/000104997-1_1_1/000104997-1_1_1.png,420,0,457,169,3,sixteenth
package_aa/000104997-1_1_1/000104997-1_1_1.png,452,0,489,169,4,sixteenth
package_aa/000104997-1_1_1/000104997-1_1_1.png,502,0,539,169,5,sixteenth
package_aa/000104997-1_1_1/000104997-1_1_1.png,534,0,571,169,6,sixteenth
package_aa/000104997-1_1_1/000104997-1_1_1.png,585,0,621,169,7,sixteenth
package_aa/000104997-1_1_1/000104997-1_1_1.png,636,0,673,169,8,sixteenth
package_ab/210000055-1_2_1/210000055-1_2_1.png,154,0,191,154,0,quarter
package_aa/000103126-1_1_1/000103126-1_1_1.png,912,0,948,126,13,quarter
package_aa/000103126-1_1_1/000103126-1_1_1.png,982,0,1018,126,14,quarter
package_ab/211003214-1_1_2/211003214-1_1_2.png,241,0,276,109,0,half
package_ab/211003214-1_1_2/211003214-1_1_2.png,286,0,321,109,1,half
package_ab/211003214-1_1_2/211003214-1_1_2.png,331,0,366,109,2,half
package_ab/211003214-1_1_2/211003214-1_1_2.png,364,0,425,109,3,whole
package_ab/211003214-1_1_2/211003214-1_1_2.png,433,0,494,109,4,whole
package_ab/211003214-1_1_2/211003214-1_1_2.png,502,0,563,109,5,whole
package_ab/211003214-1_1_2/211003214-1_1_2.png,839,0,881,109,6,quarter
package_ab/211003214-1_1_2/211003214-1_1_2.png,873,0,907,109,7,half
package_ab/211003214-1_1_2/211003214-1_1_2.png,918,0,952,109,8,half
package_aa/100015764-1_1_1/100015764-1_1_1.png,642,0,678,154,2,quarter
package_aa/100015764-1_1_1/100015764-1_1_1.png,711,0,747,154,3,quarter
package_aa/100015764-1_1_1/100015764-1_1_1.png,780,0,816,154,4,quarter
package_aa/100015764-1_1_1/100015764-1_1_1.png,966,0,1008,154,7,quarter
package_aa/100015764-1_1_1/100015764-1_1_1.png,1035,0,1077,154,8,quarter
package_ab/225001925-1_1_1/225001925-1_1_1.png,204,0,246,127,0,quarter
package_ab/225001925-1_1_1/225001925-1_1_1.png,363,0,405,127,3,quarter
package_ab/225001925-1_1_1/225001925-1_1_1.png,552,0,594,127,6,quarter
package_ab/225001925-1_1_1/225001925-1_1_1.png,624,0,660,127,7,quarter
package_ab/225001925-1_1_1/225001925-1_1_1.png,720,0,762,127,8,quarter
package_ab/225001925-1_1_1/225001925-1_1_1.png,789,0,831,127,9,quarter
package_ab/225001925-1_1_1/225001925-1_1_1.png,861,0,897,127,10,quarter
package_ab/225001925-1_1_1/225001925-1_1_1.png,958,0,1000,127,11,quarter
package_ab/225001925-1_1_1/225001925-1_1_1.png,1024,0,1071,127,12,quarter
package_ab/225001925-1_1_1/225001925-1_1_1.png,1096,0,1138,127,13,quarter
package_ab/212001564-1_2_1/212001564-1_2_1.png,128,0,163,138,0,half
package_ab/212001564-1_2_1/212001564-1_2_1.png,355,0,389,138,1,half
package_ab/212001564-1_2_1/212001564-1_2_1.png,526,0,561,138,2,half
package_ab/212001564-1_2_1/212001564-1_2_1.png,753,0,788,138,3,half
package_ab/212001564-1_2_1/212001564-1_2_1.png,898,0,933,138,4,half
package_ab/212001564-1_2_1/212001564-1_2_1.png,1125,0,1159,138,5,half
package_ab/212001564-1_2_1/212001564-1_2_1.png,1270,0,1305,138,6,half
package_ab/212001564-1_2_1/212001564-1_2_1.png,1497,0,1532,138,7,half
package_ab/212001564-1_2_1/212001564-1_2_1.png,1643,0,1677,138,8,half
package_ab/212001564-1_2_1/212001564-1_2_1.png,1756,0,1791,138,9,half
package_ab/212001564-1_2_1/212001564-1_2_1.png,1869,0,1904,138,10,half
package_aa/000113192-1_1_1/000113192-1_1_1.png,158,0,195,128,0,quarter
package_aa/000113192-1_1_1/000113192-1_1_1.png,228,0,264,128,1,quarter
package_aa/000113192-1_1_1/000113192-1_1_1.png,327,0,364,128,2,quarter
package_aa/000113192-1_1_1/000113192-1_1_1.png,397,0,434,128,3,quarter
package_aa/000113192-1_1_1/000113192-1_1_1.png,466,0,502,128,4,quarter
package_aa/000113192-1_1_1/000113192-1_1_1.png,534,0,571,128,5,quarter
package_aa/000113192-1_1_1/000113192-1_1_1.png,636,0,671,128,6,half
package_aa/000113192-1_1_1/000113192-1_1_1.png,829,0,866,128,9,quarter
package_aa/000113192-1_1_1/000113192-1_1_1.png,1322,0,1357,128,18,half
package_ab/190004369-1_1_1/190004369-1_1_1.png,159,0,201,152,0,quarter
package_ab/190004369-1_1_1/190004369-1_1_1.png,496,0,543,152,9,quarter
package_ab/201003108-1_1_2/201003108-1_1_2.png,560,0,596,150,6,quarter
package_ab/201003108-1_1_2/201003108-1_1_2.png,999,0,1036,150,14,quarter
package_aa/000104080-1_1_1/000104080-1_1_1.png,285,0,332,145,0,whole
package_aa/000104080-1_1_1/000104080-1_1_1.png,481,0,516,145,1,half
package_aa/000104080-1_1_1/000104080-1_1_1.png,587,0,621,145,2,half
package_aa/000104080-1_1_1/000104080-1_1_1.png,722,0,758,145,3,quarter
package_aa/000104080-1_1_1/000104080-1_1_1.png,791,0,827,145,4,quarter
package_aa/000104080-1_1_1/000104080-1_1_1.png,861,0,895,145,5,half
package_aa/000104080-1_1_1/000104080-1_1_1.png,995,0,1032,145,6,quarter
package_aa/000104080-1_1_1/000104080-1_1_1.png,1156,0,1191,145,9,half
package_aa/000104080-1_1_1/000104080-1_1_1.png,1290,0,1337,145,10,whole
package_ab/190009305-1_1_1/190009305-1_1_1.png,180,0,222,167,0,quarter
package_ab/190009305-1_1_1/190009305-1_1_1.png,388,0,424,167,3,quarter
package_ab/190009305-1_1_1/190009305-1_1_1.png,564,0,601,167,6,quarter
package_aa/000110929-1_1_1/000110929-1_1_1.png,121,0,157,136,0,quarter
package_aa/000110929-1_1_1/000110929-1_1_1.png,518,0,554,136,10,quarter
package_aa/000110929-1_1_1/000110929-1_1_1.png,769,0,805,136,15,quarter
package_ab/230000201-1_1_2/230000201-1_1_2.png,392,0,429,142,4,quarter
package_ab/230000201-1_1_2/230000201-1_1_2.png,475,0,512,142,5,quarter
package_ab/230000201-1_1_2/230000201-1_1_2.png,559,0,596,142,6,quarter
package_ab/230000201-1_1_2/230000201-1_1_2.png,680,0,715,142,7,half
package_ab/230000201-1_1_2/230000201-1_1_2.png,806,0,843,142,8,quarter
package_ab/230000201-1_1_2/230000201-1_1_2.png,927,0,963,142,9,quarter
package_ab/230000201-1_1_2/230000201-1_1_2.png,1282,0,1318,142,14,quarter
package_ab/230000201-1_1_2/230000201-1_1_2.png,1365,0,1401,142,15,quarter
package_ab/230000201-1_1_2/230000201-1_1_2.png,1449,0,1485,142,16,quarter
package_ab/230000201-1_1_2/230000201-1_1_2.png,1570,0,1605,142,17,half
package_ab/230000201-1_1_2/230000201-1_1_2.png,1696,0,1732,142,18,quarter
package_ab/230000201-1_1_2/230000201-1_1_2.png,1816,0,1853,142,19,quarter
package_ab/220018711-1_1_1/220018711-1_1_1.png,191,0,233,127,0,quarter
package_ab/220018711-1_1_1/220018711-1_1_1.png,322,0,357,127,1,half
package_ab/220018711-1_1_1/220018711-1_1_1.png,426,0,462,127,2,quarter
package_ab/220018711-1_1_1/220018711-1_1_1.png,492,0,534,127,3,quarter
package_ab/220018711-1_1_1/220018711-1_1_1.png,595,0,630,127,4,half
package_ab/220018711-1_1_1/220018711-1_1_1.png,700,0,735,127,5,half
package_ab/220018711-1_1_1/220018711-1_1_1.png,835,0,870,127,6,half
package_ab/220018711-1_1_1/220018711-1_1_1.png,936,0,978,127,7,quarter
package_ab/220018711-1_1_1/220018711-1_1_1.png,1008,0,1044,127,8,quarter
package_ab/220018711-1_1_1/220018711-1_1_1.png,1108,0,1143,127,9,half
package_ab/220018711-1_1_1/220018711-1_1_1.png,1212,0,1248,127,10,quarter
package_ab/190013836-1_1_1/190013836-1_1_1.png,534,0,571,147,4,quarter
package_ab/190013836-1_1_1/190013836-1_1_1.png,898,0,935,147,9,quarter
package_ab/190013836-1_1_1/190013836-1_1_1.png,1653,0,1689,147,20,quarter
package_aa/000132563-1_1_1/000132563-1_1_1.png,323,0,370,145,0,whole
package_aa/000132563-1_1_1/000132563-1_1_1.png,520,0,554,145,1,half
package_aa/000132563-1_1_1/000132563-1_1_1.png,625,0,659,145,2,half
package_aa/000132563-1_1_1/000132563-1_1_1.png,760,0,795,145,3,half
package_aa/000132563-1_1_1/000132563-1_1_1.png,865,0,900,145,4,half
package_aa/000132563-1_1_1/000132563-1_1_1.png,1000,0,1035,145,5,half
package_aa/000132563-1_1_1/000132563-1_1_1.png,1105,0,1140,145,6,half
package_aa/000132563-1_1_1/000132563-1_1_1.png,1240,0,1275,145,7,half
package_ab/230001940-1_2_1/230001940-1_2_1.png,193,0,235,118,0,quarter
package_ab/230001940-1_2_1/230001940-1_2_1.png,265,0,301,118,1,quarter
package_ab/230001940-1_2_1/230001940-1_2_1.png,331,0,373,118,2,quarter
package_ab/230001940-1_2_1/230001940-1_2_1.png,434,0,469,118,3,half
package_ab/230001940-1_2_1/230001940-1_2_1.png,607,0,643,118,4,quarter
package_ab/230001940-1_2_1/230001940-1_2_1.png,707,0,741,118,5,half
package_ab/230001940-1_2_1/230001940-1_2_1.png,812,0,847,118,6,half
package_ab/230001940-1_2_1/230001940-1_2_1.png,947,0,982,118,7,half
package_ab/230001940-1_2_1/230001940-1_2_1.png,1052,0,1087,118,8,half
package_ab/230001940-1_2_1/230001940-1_2_1.png,1185,0,1232,118,9,whole
package_ab/230001940-1_2_1/230001940-1_2_1.png,1382,0,1417,118,10,half
package_ab/150205844-1_1_1/150205844-1_1_1.png,320,0,355,154,0,half
package_ab/150205844-1_1_1/150205844-1_1_1.png,444,0,481,154,1,quarter
package_ab/150205844-1_1_1/150205844-1_1_1.png,562,0,597,154,2,half
package_ab/150205844-1_1_1/150205844-1_1_1.png,803,0,839,154,3,quarter
package_ab/150205844-1_1_1/150205844-1_1_1.png,885,0,921,154,4,quarter
package_ab/150205844-1_1_1/150205844-1_1_1.png,966,0,1003,154,5,quarter
package_ab/150205844-1_1_1/150205844-1_1_1.png,1084,0,1119,154,6,half
package_ab/150205844-1_1_1/150205844-1_1_1.png,1326,0,1361,154,7,half
package_ab/150205844-1_1_1/150205844-1_1_1.png,1593,0,1627,154,10,half
package_ab/150205844-1_1_1/150205844-1_1_1.png,1859,0,1894,154,13,half
package_ab/225001707-1_1_1/225001707-1_1_1.png,127,0,161,135,0,half
package_ab/225001707-1_1_1/225001707-1_1_1.png,232,0,266,135,1,half
package_ab/225001707-1_1_1/225001707-1_1_1.png,367,0,402,135,2,half
package_ab/225001707-1_1_1/225001707-1_1_1.png,472,0,507,135,3,half
package_ab/225001707-1_1_1/225001707-1_1_1.png,607,0,642,135,4,half
package_ab/225001707-1_1_1/225001707-1_1_1.png,712,0,747,135,5,half
package_ab/225001707-1_1_1/225001707-1_1_1.png,845,0,892,135,6,whole
package_ab/225001707-1_1_1/225001707-1_1_1.png,1040,0,1101,135,7,whole
package_ab/212001306-1_3_1/212001306-1_3_1.png,153,0,190,152,0,quarter
package_ab/212001306-1_3_1/212001306-1_3_1.png,222,0,259,152,1,quarter
package_ab/212001306-1_3_1/212001306-1_3_1.png,321,0,358,152,2,quarter
package_ab/212001306-1_3_1/212001306-1_3_1.png,391,0,428,152,3,quarter
package_ab/212001306-1_3_1/212001306-1_3_1.png,490,0,527,152,4,quarter
package_ab/212001306-1_3_1/212001306-1_3_1.png,680,0,717,152,7,quarter
package_ab/212001306-1_3_1/212001306-1_3_1.png,749,0,786,152,8,quarter
package_ab/212001306-1_3_1/212001306-1_3_1.png,849,0,886,152,9,quarter
package_ab/220034010-1_6_1/220034010-1_6_1.png,1050,0,1092,146,11,quarter
package_ab/210097098-1_5_1/210097098-1_5_1.png,170,0,212,132,0,quarter
package_ab/210097098-1_5_1/210097098-1_5_1.png,297,0,339,132,1,quarter
package_ab/210097098-1_5_1/210097098-1_5_1.png,366,0,408,132,2,quarter
package_ab/210097098-1_5_1/210097098-1_5_1.png,432,0,479,132,3,quarter
package_ab/210097098-1_5_1/210097098-1_5_1.png,504,0,546,132,4,quarter
package_ab/210097098-1_5_1/210097098-1_5_1.png,606,0,642,132,5,quarter
package_ab/210097098-1_5_1/210097098-1_5_1.png,675,0,711,132,6,quarter
package_ab/210097098-1_5_1/210097098-1_5_1.png,813,0,849,132,7,quarter
package_ab/210097098-1_5_1/210097098-1_5_1.png,912,0,948,132,8,quarter
package_ab/210097098-1_5_1/210097098-1_5_1.png,981,0,1017,132,9,quarter
package_ab/210097098-1_5_1/210097098-1_5_1.png,1047,0,1089,132,10,quarter
package_ab/210097098-1_5_1/210097098-1_5_1.png,1119,0,1155,132,11,quarter
package_ab/210097098-1_5_1/210097098-1_5_1.png,1215,0,1257,132,12,quarter
package_ab/210097098-1_5_1/210097098-1_5_1.png,1284,0,1326,132,13,quarter
package_ab/212002914-1_5_1/212002914-1_5_1.png,480,0,522,129,5,thirty_second
package_ab/212002914-1_5_1/212002914-1_5_1.png,515,0,549,129,6,thirty_second
package_ab/212002914-1_5_1/212002914-1_5_1.png,723,0,765,129,11,thirty_second
package_ab/212002914-1_5_1/212002914-1_5_1.png,758,0,792,129,12,thirty_second
package_ab/212002914-1_5_1/212002914-1_5_1.png,1384,0,1426,129,24,quarter
package_aa/000121010-1_1_1/000121010-1_1_1.png,190,0,227,128,0,quarter
package_aa/000121010-1_1_1/000121010-1_1_1.png,667,0,703,128,9,quarter
package_aa/000121010-1_1_1/000121010-1_1_1.png,736,0,772,128,10,quarter
package_aa/000110028-1_1_1/000110028-1_1_1.png,227,0,264,147,1,quarter
package_aa/000110028-1_1_1/000110028-1_1_1.png,914,0,948,147,15,quarter
package_ab/230005532-1_1_1/230005532-1_1_1.png,538,0,575,155,5,quarter
package_ab/230005532-1_1_1/230005532-1_1_1.png,939,0,976,155,12,quarter
package_aa/000116943-1_1_2/000116943-1_1_2.png,339,0,376,145,0,quarter
package_aa/000126852-1_1_1/000126852-1_1_1.png,200,0,236,150,0,quarter
package_aa/000126852-1_1_1/000126852-1_1_1.png,390,0,426,150,3,quarter
package_aa/000126852-1_1_1/000126852-1_1_1.png,458,0,495,150,4,quarter
package_aa/000126852-1_1_1/000126852-1_1_1.png,558,0,594,150,5,quarter
package_aa/000126852-1_1_1/000126852-1_1_1.png,748,0,784,150,8,quarter
package_aa/000126852-1_1_1/000126852-1_1_1.png,817,0,853,150,9,quarter
package_aa/000126852-1_1_1/000126852-1_1_1.png,916,0,953,150,10,quarter
package_aa/000126852-1_1_1/000126852-1_1_1.png,1107,0,1143,150,13,quarter
package_ab/211008241-1_7_1/211008241-1_7_1.png,404,0,441,153,0,quarter
package_ab/211008241-1_7_1/211008241-1_7_1.png,482,0,519,153,1,quarter
package_ab/211008241-1_7_1/211008241-1_7_1.png,596,0,632,153,2,quarter
package_ab/211008241-1_7_1/211008241-1_7_1.png,942,0,978,153,3,quarter
package_ab/211008241-1_7_1/211008241-1_7_1.png,1019,0,1056,153,4,quarter
package_ab/211008241-1_7_1/211008241-1_7_1.png,1132,0,1169,153,5,quarter
package_ab/211008241-1_7_1/211008241-1_7_1.png,1479,0,1516,153,6,quarter
package_ab/211008241-1_7_1/211008241-1_7_1.png,1557,0,1594,153,7,quarter
package_ab/211008241-1_7_1/211008241-1_7_1.png,1670,0,1707,153,8,quarter
package_ab/211006297-1_1_1/211006297-1_1_1.png,126,0,160,118,0,half
package_ab/211006297-1_1_1/211006297-1_1_1.png,231,0,265,118,1,half
package_ab/211006297-1_1_1/211006297-1_1_1.png,336,0,371,118,2,half
package_ab/211006297-1_1_1/211006297-1_1_1.png,441,0,475,118,3,half
package_ab/211006297-1_1_1/211006297-1_1_1.png,546,0,580,118,4,half
package_ab/211006297-1_1_1/211006297-1_1_1.png,651,0,686,118,5,half
package_ab/211006297-1_1_1/211006297-1_1_1.png,756,0,790,118,6,half
package_ab/211006297-1_1_1/211006297-1_1_1.png,861,0,896,118,7,half
package_ab/211006297-1_1_1/211006297-1_1_1.png,966,0,1000,118,8,half
package_ab/211006297-1_1_1/211006297-1_1_1.png,1071,0,1106,118,9,half
package_ab/211006297-1_1_1/211006297-1_1_1.png,1176,0,1210,118,10,half
package_aa/000139303-1_1_1/000139303-1_1_1.png,301,0,336,115,3,half
package_aa/000139303-1_1_1/000139303-1_1_1.png,435,0,472,115,4,quarter
package_aa/000139303-1_1_1/000139303-1_1_1.png,602,0,636,115,7,half
package_aa/000139303-1_1_1/000139303-1_1_1.png,738,0,772,115,8,half
package_aa/000139303-1_1_1/000139303-1_1_1.png,842,0,879,115,9,quarter
package_aa/000139303-1_1_1/000139303-1_1_1.png,1033,0,1068,115,12,half
package_aa/100501191-1_2_1/100501191-1_2_1.png,344,0,380,153,0,quarter
package_aa/100501191-1_2_1/100501191-1_2_1.png,413,0,449,153,1,quarter
package_aa/100501191-1_2_1/100501191-1_2_1.png,482,0,518,153,2,quarter
package_aa/100501191-1_2_1/100501191-1_2_1.png,551,0,587,153,3,quarter
package_aa/100501191-1_2_1/100501191-1_2_1.png,650,0,685,153,4,half
package_ab/220015041-1_1_1/220015041-1_1_1.png,130,0,167,128,0,quarter
package_ab/220015041-1_1_1/220015041-1_1_1.png,257,0,294,128,1,quarter
package_ab/220015041-1_1_1/220015041-1_1_1.png,326,0,363,128,2,quarter
package_ab/220015041-1_1_1/220015041-1_1_1.png,395,0,432,128,3,quarter
package_ab/220015041-1_1_1/220015041-1_1_1.png,495,0,531,128,4,quarter
package_ab/220015041-1_1_1/220015041-1_1_1.png,564,0,601,128,5,quarter
package_ab/220015041-1_1_1/220015041-1_1_1.png,633,0,669,128,6,quarter
package_ab/220015041-1_1_1/220015041-1_1_1.png,734,0,768,128,7,half
package_ab/220015041-1_1_1/220015041-1_1_1.png,839,0,875,128,8,quarter
package_ab/220015041-1_1_1/220015041-1_1_1.png,1028,0,1065,128,11,quarter
package_aa/000100589-1_1_1/000100589-1_1_1.png,764,0,800,131,10,quarter
package_aa/000116295-1_1_1/000116295-1_1_1.png,181,0,223,146,0,quarter
package_aa/000116295-1_1_1/000116295-1_1_1.png,250,0,292,146,1,quarter
package_aa/000116295-1_1_1/000116295-1_1_1.png,352,0,388,146,2,quarter
package_aa/000116295-1_1_1/000116295-1_1_1.png,496,0,538,146,3,thirty_second
package_aa/000116295-1_1_1/000116295-1_1_1.png,553,0,589,146,4,thirty_second
package_aa/000116295-1_1_1/000116295-1_1_1.png,580,0,622,146,5,thirty_second
package_aa/000116295-1_1_1/000116295-1_1_1.png,823,0,865,146,8,thirty_second
package_aa/000116295-1_1_1/000116295-1_1_1.png,880,0,916,146,9,thirty_second
package_aa/000116295-1_1_1/000116295-1_1_1.png,907,0,949,146,10,thirty_second
package_ab/230003694-1_26_1/230003694-1_26_1.png,337,0,371,141,4,quarter
package_ab/230003694-1_26_1/230003694-1_26_1.png,568,0,602,141,9,quarter
package_ab/201002331-1_1_1/201002331-1_1_1.png,175,0,212,134,0,quarter
package_ab/201002331-1_1_1/201002331-1_1_1.png,244,0,281,134,1,quarter
package_ab/201002331-1_1_1/201002331-1_1_1.png,314,0,349,134,2,half
package_ab/201002331-1_1_1/201002331-1_1_1.png,449,0,485,134,3,quarter
package_ab/201002331-1_1_1/201002331-1_1_1.png,518,0,554,134,4,quarter
package_ab/201002331-1_1_1/201002331-1_1_1.png,588,0,623,134,5,half
package_ab/201002331-1_1_1/201002331-1_1_1.png,722,0,759,134,6,quarter
package_ab/201002331-1_1_1/201002331-1_1_1.png,792,0,828,134,7,quarter
package_ab/201002331-1_1_1/201002331-1_1_1.png,860,0,897,134,8,quarter
package_ab/201002331-1_1_1/201002331-1_1_1.png,930,0,966,134,9,quarter
package_ab/201002331-1_1_1/201002331-1_1_1.png,1034,0,1081,134,10,whole
package_ab/220010332-1_4_2/220010332-1_4_2.png,711,0,748,154,2,quarter
package_ab/220010332-1_4_2/220010332-1_4_2.png,795,0,831,154,3,quarter
package_ab/220010332-1_4_2/220010332-1_4_2.png,877,0,914,154,4,quarter
package_ab/220010332-1_4_2/220010332-1_4_2.png,1288,0,1324,154,5,quarter
package_ab/220010332-1_4_2/220010332-1_4_2.png,1407,0,1444,154,6,quarter
package_ab/220010332-1_4_2/220010332-1_4_2.png,1490,0,1526,154,7,quarter
package_ab/220010332-1_4_2/220010332-1_4_2.png,1572,0,1609,154,8,quarter
package_ab/212002639-1_2_1/212002639-1_2_1.png,173,0,210,127,0,quarter
package_ab/212002639-1_2_1/212002639-1_2_1.png,242,0,279,127,1,quarter
package_ab/212002639-1_2_1/212002639-1_2_1.png,311,0,348,127,2,quarter
package_ab/212002639-1_2_1/212002639-1_2_1.png,411,0,447,127,3,quarter
package_ab/212002639-1_2_1/212002639-1_2_1.png,480,0,516,127,4,quarter
package_ab/212002639-1_2_1/212002639-1_2_1.png,548,0,585,127,5,quarter
package_ab/212002639-1_2_1/212002639-1_2_1.png,648,0,685,127,6,quarter
package_ab/212002639-1_2_1/212002639-1_2_1.png,718,0,754,127,7,quarter
package_ab/212002639-1_2_1/212002639-1_2_1.png,786,0,823,127,8,quarter
package_ab/212002639-1_2_1/212002639-1_2_1.png,886,0,923,127,9,quarter
package_ab/212002639-1_2_1/212002639-1_2_1.png,955,0,992,127,10,quarter
package_ab/212002639-1_2_1/212002639-1_2_1.png,1024,0,1061,127,11,quarter
package_ab/212002639-1_2_1/212002639-1_2_1.png,1124,0,1161,127,12,quarter
package_ab/212002639-1_2_1/212002639-1_2_1.png,1194,0,1230,127,13,quarter
package_ab/212002639-1_2_1/212002639-1_2_1.png,1262,0,1299,127,14,quarter
package_ab/212002639-1_2_1/212002639-1_2_1.png,1362,0,1399,127,15,quarter
package_ab/212002639-1_2_1/212002639-1_2_1.png,1431,0,1468,127,16,quarter
package_ab/220001504-1_5_2/220001504-1_5_2.png,725,0,762,146,3,quarter
package_ab/220001504-1_5_2/220001504-1_5_2.png,802,0,844,146,4,quarter
package_ab/220001504-1_5_2/220001504-1_5_2.png,886,0,922,146,5,quarter
package_ab/220001504-1_5_2/220001504-1_5_2.png,963,0,1005,146,6,quarter
package_ab/220001504-1_5_2/220001504-1_5_2.png,1083,0,1118,146,7,half
package_ab/220001504-1_5_2/220001504-1_5_2.png,1450,0,1486,146,11,quarter
package_ab/220001504-1_5_2/220001504-1_5_2.png,1531,0,1567,146,12,quarter
package_ab/220001504-1_5_2/220001504-1_5_2.png,1608,0,1650,146,13,quarter
package_ab/220001504-1_5_2/220001504-1_5_2.png,1808,0,1843,146,15,half
package_aa/000105947-1_1_1/000105947-1_1_1.png,428,0,463,146,1,half
package_aa/000105947-1_1_1/000105947-1_1_1.png,701,0,736,146,3,half
package_aa/000105947-1_1_1/000105947-1_1_1.png,1017,0,1051,146,7,half
package_ab/230001260-1_1_2/230001260-1_1_2.png,1073,0,1108,153,11,half
package_aa/000132999-1_1_1/000132999-1_1_1.png,128,0,189,118,0,whole
package_aa/000132999-1_1_1/000132999-1_1_1.png,1685,0,1720,118,15,half
package_aa/000107943-1_1_2/000107943-1_1_2.png,636,0,670,153,1,half
package_aa/000107943-1_1_2/000107943-1_1_2.png,1215,0,1249,153,6,half
package_aa/000107943-1_1_2/000107943-1_1_2.png,1325,0,1360,153,7,half
package_aa/000107943-1_1_2/000107943-1_1_2.png,1544,0,1579,153,8,half
package_aa/000107943-1_1_2/000107943-1_1_2.png,1686,0,1721,153,9,half
package_ab/201004316-1_1_1/201004316-1_1_1.png,265,0,300,131,0,half
package_ab/201004316-1_1_1/201004316-1_1_1.png,1403,0,1438,131,17,half
package_ab/201004316-1_1_1/201004316-1_1_1.png,1508,0,1543,131,18,half
package_ab/220018378-1_1_1/220018378-1_1_1.png,129,0,164,142,0,half
package_ab/220018378-1_1_1/220018378-1_1_1.png,267,0,302,142,1,half
package_ab/220018378-1_1_1/220018378-1_1_1.png,372,0,406,142,2,half
package_ab/220018378-1_1_1/220018378-1_1_1.png,477,0,512,142,3,half
package_ab/220018378-1_1_1/220018378-1_1_1.png,750,0,784,142,6,half
package_ab/220018378-1_1_1/220018378-1_1_1.png,855,0,890,142,7,half
package_ab/220018378-1_1_1/220018378-1_1_1.png,960,0,994,142,8,half
package_ab/220000799-1_1_1/220000799-1_1_1.png,184,0,219,127,0,half
package_ab/220000799-1_1_1/220000799-1_1_1.png,457,0,492,127,3,half
package_ab/220000799-1_1_1/220000799-1_1_1.png,730,0,765,127,6,half
package_aa/000120045-1_1_2/000120045-1_1_2.png,518,0,552,154,2,half
package_aa/000120045-1_1_2/000120045-1_1_2.png,672,0,706,154,3,half
package_aa/000120045-1_1_2/000120045-1_1_2.png,1551,0,1586,154,12,half
package_aa/000120045-1_1_2/000120045-1_1_2.png,1705,0,1740,154,13,half
package_aa/000125457-1_1_1/000125457-1_1_1.png,295,0,337,172,1,thirty_second
package_aa/000125457-1_1_1/000125457-1_1_1.png,328,0,364,172,2,thirty_second
package_aa/000125457-1_1_1/000125457-1_1_1.png,478,0,514,172,4,thirty_second
package_aa/000125457-1_1_1/000125457-1_1_1.png,506,0,548,172,5,thirty_second
package_aa/000125457-1_1_1/000125457-1_1_1.png,686,0,728,172,7,thirty_second
package_aa/000125457-1_1_1/000125457-1_1_1.png,719,0,755,172,8,thirty_second
package_aa/000125457-1_1_1/000125457-1_1_1.png,1010,0,1052,172,11,thirty_second
package_aa/000125457-1_1_1/000125457-1_1_1.png,1044,0,1080,172,12,thirty_second
package_aa/000125457-1_1_1/000125457-1_1_1.png,1194,0,1230,172,14,thirty_second
package_aa/000125457-1_1_1/000125457-1_1_1.png,1221,0,1263,172,15,thirty_second
package_aa/000125457-1_1_1/000125457-1_1_1.png,1404,0,1440,172,17,thirty_second
package_aa/000125457-1_1_1/000125457-1_1_1.png,1432,0,1474,172,18,thirty_second
package_aa/000135636-1_1_1/000135636-1_1_1.png,668,0,703,153,3,half
package_ab/230003479-1_2_2/230003479-1_2_2.png,604,0,639,145,5,half
package_ab/220017584-1_2_1/220017584-1_2_1.png,181,0,215,128,0,half
package_ab/220017584-1_2_1/220017584-1_2_1.png,477,0,512,128,4,half
package_ab/220017584-1_2_1/220017584-1_2_1.png,751,0,785,128,7,half
package_ab/220017584-1_2_1/220017584-1_2_1.png,856,0,891,128,8,half
package_ab/225002067-1_5_1/225002067-1_5_1.png,1214,0,1249,201,18,half
package_ab/230005257-1_1_1/230005257-1_1_1.png,665,0,700,135,8,half
package_ab/230005257-1_1_1/230005257-1_1_1.png,1274,0,1309,135,17,half
package_ab/220030948-1_1_1/220030948-1_1_1.png,122,0,169,126,0,whole
package_ab/220030948-1_1_1/220030948-1_1_1.png,288,0,323,126,1,half
package_ab/220030948-1_1_1/220030948-1_1_1.png,387,0,434,126,2,whole
package_ab/220030948-1_1_1/220030948-1_1_1.png,553,0,588,126,3,half
package_ab/220030948-1_1_1/220030948-1_1_1.png,652,0,699,126,4,whole
package_ab/220030948-1_1_1/220030948-1_1_1.png,818,0,853,126,5,half
package_ab/220030948-1_1_1/220030948-1_1_1.png,917,0,964,126,6,whole
package_ab/220030948-1_1_1/220030948-1_1_1.png,1083,0,1118,126,7,half
package_ab/212002913-1_1_1/212002913-1_1_1.png,316,0,350,136,1,half
package_ab/212002913-1_1_1/212002913-1_1_1.png,611,0,645,136,5,half
package_ab/212002913-1_1_1/212002913-1_1_1.png,1273,0,1307,136,16,half
package_ab/201008159-1_1_2/201008159-1_1_2.png,650,0,685,145,0,half
package_ab/201008159-1_1_2/201008159-1_1_2.png,923,0,957,145,3,half
package_ab/201008159-1_1_2/201008159-1_1_2.png,1028,0,1062,145,4,half
package_ab/201008159-1_1_2/201008159-1_1_2.png,1303,0,1337,145,7,half
package_ab/201008159-1_1_2/201008159-1_1_2.png,1408,0,1443,145,8,half
package_ab/230002889-1_1_2/230002889-1_1_2.png,655,0,690,155,4,half
package_ab/230002889-1_1_2/230002889-1_1_2.png,1235,0,1269,155,10,half
package_aa/000108041-1_1_1/000108041-1_1_1.png,654,0,701,177,8,thirty_second
package_aa/000108041-1_1_1/000108041-1_1_1.png,691,0,727,177,9,thirty_second
package_aa/000108041-1_1_1/000108041-1_1_1.png,723,0,759,177,10,thirty_second
package_aa/000108041-1_1_1/000108041-1_1_1.png,754,0,791,177,11,thirty_second
package_aa/100501106-1_3_1/100501106-1_3_1.png,156,0,191,153,0,half
package_ab/211001897-1_14_1/211001897-1_14_1.png,789,0,825,177,13,thirty_second
package_ab/211001897-1_14_1/211001897-1_14_1.png,820,0,857,177,14,thirty_second
package_ab/230005171-1_5_2/230005171-1_5_2.png,993,0,1027,153,4,half
package_aa/000113538-1_1_2/000113538-1_1_2.png,1342,0,1377,147,11,half
package_aa/000130461-1_1_1/000130461-1_1_1.png,264,0,299,127,1,half
package_aa/000130461-1_1_1/000130461-1_1_1.png,468,0,503,127,3,half
package_aa/000130461-1_1_1/000130461-1_1_1.png,673,0,707,127,5,half
package_ab/220018357-1_2_1/220018357-1_2_1.png,129,0,164,142,0,half
package_ab/220018357-1_2_1/220018357-1_2_1.png,234,0,269,142,1,half
package_ab/220018357-1_2_1/220018357-1_2_1.png,339,0,373,142,2,half
package_ab/220018357-1_2_1/220018357-1_2_1.png,444,0,479,142,3,half
package_ab/220018357-1_2_1/220018357-1_2_1.png,579,0,613,142,4,half
package_ab/220018357-1_2_1/220018357-1_2_1.png,684,0,719,142,5,half
package_ab/220018357-1_2_1/220018357-1_2_1.png,776,0,837,142,6,whole
package_ab/220018357-1_2_1/220018357-1_2_1.png,983,0,1030,142,7,whole
package_aa/000111279-1_1_1/000111279-1_1_1.png,929,0,964,127,11,half
package_aa/100500702-1_1_2/100500702-1_1_2.png,161,0,208,106,0,whole
package_aa/100500702-1_1_2/100500702-1_1_2.png,380,0,414,106,1,half
package_aa/100500702-1_1_2/100500702-1_1_2.png,497,0,532,106,2,half
package_aa/100500702-1_1_2/100500702-1_1_2.png,671,0,718,106,3,whole
package_aa/100500702-1_1_2/100500702-1_1_2.png,890,0,937,106,4,whole
package_aa/100500702-1_1_2/100500702-1_1_2.png,1108,0,1155,106,5,whole
package_aa/100500702-1_1_2/100500702-1_1_2.png,1329,0,1364,106,6,half
package_aa/100500702-1_1_2/100500702-1_1_2.png,1446,0,1481,106,7,half
package_aa/100500702-1_1_2/100500702-1_1_2.png,1598,0,1633,106,8,half
package_ab/230002299-1_1_2/230002299-1_1_2.png,626,0,673,154,3,whole
package_ab/230002299-1_1_2/230002299-1_1_2.png,1117,0,1152,154,7,half
package_ab/210000016-1_1_1/210000016-1_1_1.png,159,0,194,137,0,half
package_ab/210000016-1_1_1/210000016-1_1_1.png,264,0,299,137,1,half
package_ab/210000016-1_1_1/210000016-1_1_1.png,400,0,435,137,2,half
package_ab/210000016-1_1_1/210000016-1_1_1.png,505,0,540,137,3,half
package_ab/210000016-1_1_1/210000016-1_1_1.png,640,0,674,137,4,half
package_ab/210000016-1_1_1/210000016-1_1_1.png,745,0,780,137,5,half
package_ab/210000016-1_1_1/210000016-1_1_1.png,873,0,934,137,6,whole
package_ab/212000147-1_2_1/212000147-1_2_1.png,377,0,414,166,3,thirty_second
package_ab/212000147-1_2_1/212000147-1_2_1.png,409,0,445,166,4,thirty_second
package_ab/212000147-1_2_1/212000147-1_2_1.png,616,0,653,166,8,thirty_second
package_ab/212000147-1_2_1/212000147-1_2_1.png,648,0,685,166,9,thirty_second
package_aa/090003995-1_1_1/090003995-1_1_1.png,481,0,516,142,4,half
package_aa/090003995-1_1_1/090003995-1_1_1.png,893,0,927,142,9,half
package_aa/000111897-1_1_1/000111897-1_1_1.png,854,0,889,119,10,half
package_aa/000115262-1_1_1/000115262-1_1_1.png,690,0,724,138,12,half
package_aa/000115262-1_1_1/000115262-1_1_1.png,825,0,859,138,13,half
package_ab/211006046-1_1_2/211006046-1_1_2.png,516,0,551,109,0,half
package_ab/211006046-1_1_2/211006046-1_1_2.png,562,0,596,109,1,half
package_ab/211006046-1_1_2/211006046-1_1_2.png,614,0,649,109,2,half
package_ab/211006046-1_1_2/211006046-1_1_2.png,659,0,694,109,3,half
package_ab/211006046-1_1_2/211006046-1_1_2.png,704,0,739,109,4,half
package_ab/211006046-1_1_2/211006046-1_1_2.png,749,0,784,109,5,half
package_ab/211006046-1_1_2/211006046-1_1_2.png,794,0,828,109,6,half
package_ab/211006046-1_1_2/211006046-1_1_2.png,839,0,874,109,7,half
package_ab/211006046-1_1_2/211006046-1_1_2.png,884,0,919,109,8,half
package_ab/211006046-1_1_2/211006046-1_1_2.png,929,0,963,109,9,half
package_ab/211006046-1_1_2/211006046-1_1_2.png,974,0,1008,109,10,half
package_ab/211006046-1_1_2/211006046-1_1_2.png,1006,0,1067,109,11,whole
package_ab/201004114-1_1_1/201004114-1_1_1.png,645,0,680,127,5,half
package_ab/201004114-1_1_1/201004114-1_1_1.png,953,0,988,127,6,half
package_ab/201004114-1_1_1/201004114-1_1_1.png,1296,0,1330,127,10,half
package_aa/100500736-1_1_1/100500736-1_1_1.png,316,0,363,154,0,whole
package_aa/100500736-1_1_1/100500736-1_1_1.png,572,0,606,154,1,half
package_aa/100500736-1_1_1/100500736-1_1_1.png,696,0,730,154,2,half
package_aa/100500736-1_1_1/100500736-1_1_1.png,1020,0,1054,154,5,half
package_aa/100500736-1_1_1/100500736-1_1_1.png,1344,0,1379,154,8,half
package_aa/100500736-1_1_1/100500736-1_1_1.png,1504,0,1539,154,9,half
package_aa/100500736-1_1_1/100500736-1_1_1.png,1628,0,1663,154,10,half
package_aa/100500736-1_1_1/100500736-1_1_1.png,1787,0,1834,154,11,whole
package_aa/000109379-1_1_1/000109379-1_1_1.png,642,0,677,156,8,half
package_ab/201007040-1_17_3/201007040-1_17_3.png,720,0,755,137,0,half
package_ab/201007040-1_17_3/201007040-1_17_3.png,873,0,907,137,1,half
package_ab/201007040-1_17_3/201007040-1_17_3.png,991,0,1026,137,2,half
package_ab/201007040-1_17_3/201007040-1_17_3.png,1487,0,1521,137,6,half
package_ab/201007040-1_17_3/201007040-1_17_3.png,1605,0,1640,137,7,half
package_ab/201007040-1_17_3/201007040-1_17_3.png,1866,0,1900,137,10,half
package_ab/180000205-1_1_1/180000205-1_1_1.png,159,0,194,127,0,half
package_ab/180000205-1_1_1/180000205-1_1_1.png,625,0,660,127,6,half
package_ab/180000205-1_1_1/180000205-1_1_1.png,1267,0,1302,127,16,half
package_aa/100030072-1_1_1/100030072-1_1_1.png,231,0,266,161,0,half
package_aa/100030072-1_1_1/100030072-1_1_1.png,336,0,371,161,1,half
package_aa/100030072-1_1_1/100030072-1_1_1.png,441,0,476,161,2,half
package_aa/100030072-1_1_1/100030072-1_1_1.png,546,0,581,161,3,half
package_aa/100030072-1_1_1/100030072-1_1_1.png,651,0,686,161,4,half
package_aa/100030072-1_1_1/100030072-1_1_1.png,786,0,821,161,5,half
package_aa/100030072-1_1_1/100030072-1_1_1.png,885,0,932,161,6,whole
package_aa/100015321-1_1_1/100015321-1_1_1.png,525,0,559,129,2,half
package_aa/100015321-1_1_1/100015321-1_1_1.png,630,0,665,129,3,half
package_aa/110001270-1_1_1/110001270-1_1_1.png,120,0,181,133,0,whole
package_aa/110001270-1_1_1/110001270-1_1_1.png,225,0,286,133,1,whole
package_aa/110001270-1_1_1/110001270-1_1_1.png,337,0,384,133,2,whole
package_aa/110001270-1_1_1/110001270-1_1_1.png,448,0,483,133,3,half
package_aa/110001270-1_1_1/110001270-1_1_1.png,517,0,552,133,4,half
package_aa/110001270-1_1_1/110001270-1_1_1.png,586,0,621,133,5,half
package_aa/110001270-1_1_1/110001270-1_1_1.png,655,0,690,133,6,half
package_aa/110001270-1_1_1/110001270-1_1_1.png,718,0,765,133,7,whole
package_aa/110001270-1_1_1/110001270-1_1_1.png,829,0,864,133,8,half
package_aa/110001270-1_1_1/110001270-1_1_1.png,892,0,939,133,9,whole
package_aa/110001270-1_1_1/110001270-1_1_1.png,1003,0,1038,133,10,half
package_aa/110001270-1_1_1/110001270-1_1_1.png,1072,0,1107,133,11,half
package_aa/110001270-1_1_1/110001270-1_1_1.png,1141,0,1176,133,12,half
package_aa/110001270-1_1_1/110001270-1_1_1.png,1197,0,1258,133,13,whole
package_aa/000108233-1_1_2/000108233-1_1_2.png,546,0,581,154,3,half
package_aa/000108233-1_1_2/000108233-1_1_2.png,1010,0,1045,154,9,half
package_aa/000108233-1_1_2/000108233-1_1_2.png,1215,0,1250,154,11,half
package_ab/220017321-1_6_1/220017321-1_6_1.png,125,0,160,126,0,half
package_ab/220017321-1_6_1/220017321-1_6_1.png,396,0,443,126,3,whole
package_ab/220017321-1_6_1/220017321-1_6_1.png,593,0,627,126,4,half
package_ab/220017321-1_6_1/220017321-1_6_1.png,698,0,732,126,5,half
package_ab/230005374-1_1_1/230005374-1_1_1.png,1018,0,1052,136,21,half
package_aa/000111587-1_2_1/000111587-1_2_1.png,129,0,164,145,0,half
package_ab/211000174-1_2_2/211000174-1_2_2.png,522,0,556,125,4,half
package_aa/100028716-1_1_1/100028716-1_1_1.png,810,0,844,128,8,half
package_aa/000130172-1_1_1/000130172-1_1_1.png,288,0,323,147,0,half
package_aa/000130172-1_1_1/000130172-1_1_1.png,630,0,665,147,4,half
package_aa/000130172-1_1_1/000130172-1_1_1.png,924,0,959,147,8,half
package_aa/000130172-1_1_1/000130172-1_1_1.png,1218,0,1253,147,12,half
package_aa/000100252-1_1_1/000100252-1_1_1.png,286,0,333,147,0,whole
package_aa/000100252-1_1_1/000100252-1_1_1.png,789,0,824,147,5,half
package_aa/000100252-1_1_1/000100252-1_1_1.png,894,0,929,147,6,half
package_aa/000100252-1_1_1/000100252-1_1_1.png,1327,0,1388,147,11,whole
package_aa/000114755-1_1_1/000114755-1_1_1.png,487,0,522,127,6,half
package_aa/000105833-1_1_1/000105833-1_1_1.png,706,0,740,126,7,half
package_aa/000105833-1_1_1/000105833-1_1_1.png,811,0,846,126,8,half
package_ab/220013981-1_1_2/220013981-1_1_2.png,768,0,803,153,6,half
package_ab/230000099-1_25_1/230000099-1_25_1.png,204,0,239,161,0,half
package_ab/230000099-1_25_1/230000099-1_25_1.png,343,0,378,161,1,half
package_ab/230000099-1_25_1/230000099-1_25_1.png,448,0,483,161,2,half
package_ab/230000099-1_25_1/230000099-1_25_1.png,722,0,757,161,5,half
package_ab/230000099-1_25_1/230000099-1_25_1.png,858,0,892,161,6,half
package_ab/230000099-1_25_1/230000099-1_25_1.png,963,0,997,161,7,half
package_ab/230000099-1_25_1/230000099-1_25_1.png,1111,0,1146,161,8,half
package_aa/000124563-1_1_1/000124563-1_1_1.png,1025,0,1060,127,8,half
package_aa/000122857-1_1_2/000122857-1_1_2.png,719,0,754,154,1,half
package_aa/000120661-1_1_1/000120661-1_1_1.png,1335,0,1370,141,9,half
package_aa/000120661-1_1_1/000120661-1_1_1.png,1440,0,1475,141,10,half
package_aa/000111443-1_1_2/000111443-1_1_2.png,615,0,650,153,1,half
package_aa/000111443-1_1_2/000111443-1_1_2.png,720,0,755,153,2,half
package_aa/000111443-1_1_2/000111443-1_1_2.png,854,0,889,153,3,half
package_aa/000111443-1_1_2/000111443-1_1_2.png,960,0,994,153,4,half
package_ab/220000108-1_1_2/220000108-1_1_2.png,327,0,361,154,0,half
package_ab/200021899-1_92_1/200021899-1_92_1.png,125,0,160,126,0,half
package_ab/200021899-1_92_1/200021899-1_92_1.png,230,0,264,126,1,half
package_ab/200021899-1_92_1/200021899-1_92_1.png,694,0,728,126,7,half
package_ab/200021899-1_92_1/200021899-1_92_1.png,799,0,833,126,8,half
package_ab/211003880-1_23_1/211003880-1_23_1.png,127,0,174,127,0,whole
package_ab/211003880-1_23_1/211003880-1_23_1.png,293,0,328,127,1,half
package_ab/211003880-1_23_1/211003880-1_23_1.png,398,0,433,127,2,half
package_ab/211003880-1_23_1/211003880-1_23_1.png,497,0,544,127,3,whole
package_ab/211003880-1_23_1/211003880-1_23_1.png,663,0,698,127,4,half
package_ab/211003880-1_23_1/211003880-1_23_1.png,762,0,809,127,5,whole
package_ab/211003880-1_23_1/211003880-1_23_1.png,922,0,969,127,6,whole
package_ab/211003880-1_23_1/211003880-1_23_1.png,1088,0,1123,127,7,half
package_ab/211003880-1_23_1/211003880-1_23_1.png,1187,0,1234,127,8,whole
package_ab/211003880-1_23_1/211003880-1_23_1.png,1353,0,1388,127,9,half
package_ab/211006449-1_1_1/211006449-1_1_1.png,325,0,372,91,0,whole
package_ab/211006449-1_1_1/211006449-1_1_1.png,590,0,637,91,1,whole
package_ab/211006449-1_1_1/211006449-1_1_1.png,855,0,902,91,2,whole
package_ab/211006449-1_1_1/211006449-1_1_1.png,960,0,1007,91,3,whole
package_aa/000100138-1_1_1/000100138-1_1_1.png,191,0,226,109,1,half
package_aa/000100138-1_1_1/000100138-1_1_1.png,772,0,806,109,7,half
package_aa/000100138-1_1_1/000100138-1_1_1.png,877,0,912,109,8,half
package_aa/000105423-1_1_1/000105423-1_1_1.png,159,0,206,146,0,whole
package_ab/150205514-1_2_1/150205514-1_2_1.png,120,0,167,134,0,whole
package_ab/150205514-1_2_1/150205514-1_2_1.png,317,0,351,134,1,half
package_ab/150205514-1_2_1/150205514-1_2_1.png,422,0,456,134,2,half
package_ab/150205514-1_2_1/150205514-1_2_1.png,558,0,593,134,3,half
package_ab/150205514-1_2_1/150205514-1_2_1.png,663,0,697,134,4,half
package_ab/150205514-1_2_1/150205514-1_2_1.png,809,0,843,134,5,half
package_ab/150205514-1_2_1/150205514-1_2_1.png,914,0,949,134,6,half
package_ab/150205514-1_2_1/150205514-1_2_1.png,1050,0,1084,134,7,half
package_ab/150205514-1_2_1/150205514-1_2_1.png,1155,0,1189,134,8,half
package_ab/210000324-1_6_1/210000324-1_6_1.png,714,0,748,139,9,half
package_ab/210097325-1_5_1/210097325-1_5_1.png,173,0,207,128,0,half
package_ab/210097325-1_5_1/210097325-1_5_1.png,278,0,313,128,1,half
package_aa/000115009-1_1_1/000115009-1_1_1.png,184,0,219,127,0,half
package_aa/000115009-1_1_1/000115009-1_1_1.png,289,0,324,127,1,half
package_aa/000105808-1_1_1/000105808-1_1_1.png,176,0,210,137,0,half
package_aa/000105808-1_1_1/000105808-1_1_1.png,699,0,733,137,8,half
package_aa/000105808-1_1_1/000105808-1_1_1.png,872,0,907,137,10,half
package_aa/000137959-1_2_1/000137959-1_2_1.png,332,0,367,137,2,half
package_aa/000137959-1_2_1/000137959-1_2_1.png,647,0,682,137,7,half
package_aa/000137959-1_2_1/000137959-1_2_1.png,921,0,956,137,10,half
package_aa/000137959-1_2_1/000137959-1_2_1.png,1195,0,1230,137,13,half
package_aa/000110490-1_1_1/000110490-1_1_1.png,364,0,399,127,3,half
package_aa/000110490-1_1_1/000110490-1_1_1.png,638,0,672,127,6,half
package_aa/000110490-1_1_1/000110490-1_1_1.png,773,0,808,127,7,half
package_aa/000110490-1_1_1/000110490-1_1_1.png,1214,0,1249,127,12,half
package_ab/225001368-1_1_1/225001368-1_1_1.png,479,0,513,142,3,half
package_ab/225001368-1_1_1/225001368-1_1_1.png,890,0,925,142,7,half
package_aa/000101767-1_2_1/000101767-1_2_1.png,200,0,236,147,1,thirty_second
package_aa/000101767-1_2_1/000101767-1_2_1.png,238,0,275,147,2,thirty_second
package_aa/000101767-1_2_1/000101767-1_2_1.png,295,0,330,147,3,half
package_aa/000101767-1_2_1/000101767-1_2_1.png,400,0,435,147,4,half
package_aa/000101767-1_2_1/000101767-1_2_1.png,536,0,571,147,5,half
package_aa/100029416-1_1_1/100029416-1_1_1.png,231,0,266,127,0,half
package_aa/100029416-1_1_1/100029416-1_1_1.png,336,0,371,127,1,half
package_aa/100029416-1_1_1/100029416-1_1_1.png,435,0,482,127,2,whole
package_aa/100029416-1_1_1/100029416-1_1_1.png,601,0,636,127,3,half
package_aa/100029416-1_1_1/100029416-1_1_1.png,693,0,754,127,4,whole
package_aa/100029416-1_1_1/100029416-1_1_1.png,866,0,901,127,5,half
package_aa/100029416-1_1_1/100029416-1_1_1.png,993,0,1054,127,6,whole
package_aa/100029416-1_1_1/100029416-1_1_1.png,1166,0,1200,127,7,half
package_ab/220000525-1_1_1/220000525-1_1_1.png,208,0,243,155,0,half
package_ab/220000525-1_1_1/220000525-1_1_1.png,585,0,620,155,9,half
package_aa/000105125-1_1_1/000105125-1_1_1.png,125,0,160,126,0,half
package_aa/000105125-1_1_1/000105125-1_1_1.png,230,0,265,126,1,half
package_aa/000105125-1_1_1/000105125-1_1_1.png,366,0,401,126,2,half
package_aa/000105125-1_1_1/000105125-1_1_1.png,471,0,506,126,3,half
package_aa/000105125-1_1_1/000105125-1_1_1.png,956,0,991,126,10,half
package_ab/220034480-1_1_2/220034480-1_1_2.png,265,0,299,119,0,half
package_ab/220034480-1_1_2/220034480-1_1_2.png,1198,0,1233,119,13,half
package_ab/220015069-1_1_1/220015069-1_1_1.png,1436,0,1471,152,21,half
package_ab/201005287-1_1_1/201005287-1_1_1.png,162,0,197,127,0,half
package_ab/201005287-1_1_1/201005287-1_1_1.png,366,0,401,127,2,half
package_ab/201005287-1_1_1/201005287-1_1_1.png,570,0,604,127,4,half
package_ab/211006882-1_1_1/211006882-1_1_1.png,246,0,293,125,0,whole
package_ab/211006882-1_1_1/211006882-1_1_1.png,381,0,428,125,1,whole
package_ab/211006882-1_1_1/211006882-1_1_1.png,515,0,562,125,2,whole
package_ab/211006882-1_1_1/211006882-1_1_1.png,743,0,778,125,3,half
package_ab/211006882-1_1_1/211006882-1_1_1.png,832,0,866,125,4,half
package_ab/211006882-1_1_1/211006882-1_1_1.png,919,0,954,125,5,half
package_ab/211006882-1_1_1/211006882-1_1_1.png,1008,0,1042,125,6,half
package_ab/211006882-1_1_1/211006882-1_1_1.png,1096,0,1131,125,7,half
package_ab/211006882-1_1_1/211006882-1_1_1.png,1177,0,1224,125,8,whole
package_ab/211006882-1_1_1/211006882-1_1_1.png,1311,0,1358,125,9,whole
package_ab/211006882-1_1_1/211006882-1_1_1.png,1539,0,1574,125,10,half
package_ab/211006882-1_1_1/211006882-1_1_1.png,1621,0,1668,125,11,whole
package_ab/211006882-1_1_1/211006882-1_1_1.png,1755,0,1802,125,12,whole
package_aa/000135502-1_1_1/000135502-1_1_1.png,363,0,397,138,2,half
package_aa/000135502-1_1_1/000135502-1_1_1.png,690,0,725,138,5,half
package_aa/000135502-1_1_1/000135502-1_1_1.png,1015,0,1049,138,8,half
package_aa/000135502-1_1_1/000135502-1_1_1.png,1367,0,1402,138,11,half
package_aa/000135502-1_1_1/000135502-1_1_1.png,1693,0,1727,138,14,half
package_ab/220030754-1_3_1/220030754-1_3_1.png,531,0,565,130,4,half
package_ab/230002029-1_1_1/230002029-1_1_1.png,186,0,221,139,0,half
package_ab/230002029-1_1_1/230002029-1_1_1.png,563,0,598,139,8,half
package_ab/190006461-1_1_1/190006461-1_1_1.png,1169,0,1216,139,18,whole
package_aa/100500760-1_9_1/100500760-1_9_1.png,316,0,363,147,0,whole
package_aa/100500760-1_9_1/100500760-1_9_1.png,513,0,547,147,1,half
package_aa/100500760-1_9_1/100500760-1_9_1.png,618,0,652,147,2,half
package_aa/100500760-1_9_1/100500760-1_9_1.png,771,0,818,147,3,whole
package_aa/100500760-1_9_1/100500760-1_9_1.png,965,0,1012,147,4,whole
package_aa/100500760-1_9_1/100500760-1_9_1.png,1159,0,1206,147,5,whole
package_ab/230004742-1_1_1/230004742-1_1_1.png,201,0,236,127,0,half
package_ab/230004742-1_1_1/230004742-1_1_1.png,330,0,364,127,1,half
package_ab/230004742-1_1_1/230004742-1_1_1.png,497,0,532,127,2,half
package_ab/230004742-1_1_1/230004742-1_1_1.png,626,0,661,127,3,half
package_ab/230004742-1_1_1/230004742-1_1_1.png,793,0,828,127,4,half
package_ab/230004742-1_1_1/230004742-1_1_1.png,1131,0,1165,127,6,half
package_ab/230004742-1_1_1/230004742-1_1_1.png,1260,0,1294,127,7,half
package_ab/230004742-1_1_1/230004742-1_1_1.png,1427,0,1461,127,8,half
package_ab/230004742-1_1_1/230004742-1_1_1.png,1556,0,1591,127,9,half
package_ab/230004742-1_1_1/230004742-1_1_1.png,1723,0,1758,127,10,half
package_aa/000051798-1_1_1/000051798-1_1_1.png,165,0,199,145,0,half
package_aa/110001148-1_1_1/110001148-1_1_1.png,1137,0,1171,125,13,half
package_ab/225000922-1_1_1/225000922-1_1_1.png,154,0,189,109,0,half
package_ab/225000922-1_1_1/225000922-1_1_1.png,397,0,432,109,3,half
package_ab/225000922-1_1_1/225000922-1_1_1.png,502,0,537,109,4,half
package_ab/225000922-1_1_1/225000922-1_1_1.png,638,0,673,109,5,half
package_ab/225000922-1_1_1/225000922-1_1_1.png,743,0,778,109,6,half
package_ab/225000922-1_1_1/225000922-1_1_1.png,848,0,882,109,7,half
package_ab/225000922-1_1_1/225000922-1_1_1.png,953,0,988,109,8,half
package_ab/225000922-1_1_1/225000922-1_1_1.png,1089,0,1124,109,9,half
package_ab/225000922-1_1_1/225000922-1_1_1.png,1194,0,1228,109,10,half
package_ab/225000922-1_1_1/225000922-1_1_1.png,1293,0,1340,109,11,whole
package_aa/000105438-1_1_2/000105438-1_1_2.png,1018,0,1053,117,15,half
package_aa/000104668-1_1_1/000104668-1_1_1.png,128,0,163,118,0,half
package_aa/000104668-1_1_1/000104668-1_1_1.png,510,0,544,118,5,half
package_aa/000104668-1_1_1/000104668-1_1_1.png,608,0,655,118,6,whole
package_aa/000104668-1_1_1/000104668-1_1_1.png,762,0,823,118,7,whole
package_aa/000104668-1_1_1/000104668-1_1_1.png,965,0,999,118,8,half
package_aa/000104668-1_1_1/000104668-1_1_1.png,1070,0,1105,118,9,half
package_ab/220031855-1_1_1/220031855-1_1_1.png,265,0,326,118,0,whole
package_ab/220031855-1_1_1/220031855-1_1_1.png,347,0,382,118,1,half
package_ab/220031855-1_1_1/220031855-1_1_1.png,392,0,427,118,2,half
package_ab/220031855-1_1_1/220031855-1_1_1.png,437,0,472,118,3,half
package_ab/220031855-1_1_1/220031855-1_1_1.png,482,0,517,118,4,half
package_ab/220031855-1_1_1/220031855-1_1_1.png,521,0,568,118,5,whole
package_ab/220031855-1_1_1/220031855-1_1_1.png,583,0,644,118,6,whole
package_ab/230005750-1_1_1/230005750-1_1_1.png,181,0,215,156,0,half
package_ab/230005750-1_1_1/230005750-1_1_1.png,496,0,543,156,5,whole
package_aa/000139308-1_1_2/000139308-1_1_2.png,293,0,340,154,0,whole
package_aa/000139308-1_1_2/000139308-1_1_2.png,500,0,547,154,1,whole
package_aa/000139308-1_1_2/000139308-1_1_2.png,709,0,744,154,2,half
package_aa/000139308-1_1_2/000139308-1_1_2.png,821,0,856,154,3,half
package_aa/000139308-1_1_2/000139308-1_1_2.png,965,0,1000,154,4,half
package_aa/000139308-1_1_2/000139308-1_1_2.png,1077,0,1112,154,5,half
package_aa/000139308-1_1_2/000139308-1_1_2.png,1221,0,1256,154,6,half
package_aa/000139308-1_1_2/000139308-1_1_2.png,1653,0,1688,154,13,half
package_ab/220032314-1_1_2/220032314-1_1_2.png,739,0,774,125,7,half
package_aa/000118434-1_1_1/000118434-1_1_1.png,162,0,197,129,0,half
package_ab/211005817-1_1_2/211005817-1_1_2.png,239,0,274,118,0,half
package_ab/211005817-1_1_2/211005817-1_1_2.png,348,0,383,118,1,half
package_ab/211005817-1_1_2/211005817-1_1_2.png,458,0,492,118,2,half
package_ab/211005817-1_1_2/211005817-1_1_2.png,567,0,602,118,3,half
package_ab/211005817-1_1_2/211005817-1_1_2.png,821,0,855,118,6,half
package_ab/211005817-1_1_2/211005817-1_1_2.png,930,0,965,118,7,half
package_ab/211005817-1_1_2/211005817-1_1_2.png,1181,0,1216,118,8,half
package_ab/211005817-1_1_2/211005817-1_1_2.png,1290,0,1325,118,9,half
package_ab/211005817-1_1_2/211005817-1_1_2.png,1400,0,1435,118,10,half
package_ab/211005817-1_1_2/211005817-1_1_2.png,1509,0,1544,118,11,half
package_ab/211005817-1_1_2/211005817-1_1_2.png,1763,0,1797,118,14,half
package_ab/211005817-1_1_2/211005817-1_1_2.png,1872,0,1907,118,15,half
package_ab/201008592-1_9_1/201008592-1_9_1.png,329,0,363,134,1,half
package_ab/201008592-1_9_1/201008592-1_9_1.png,603,0,637,134,4,half
package_ab/201008592-1_9_1/201008592-1_9_1.png,708,0,742,134,5,half
package_aa/000101634-1_1_1/000101634-1_1_1.png,452,0,487,152,5,half
package_aa/000115808-1_1_1/000115808-1_1_1.png,730,0,765,127,9,half
package_aa/000115808-1_1_1/000115808-1_1_1.png,934,0,969,127,11,half
package_aa/000115808-1_1_1/000115808-1_1_1.png,1148,0,1183,127,13,half
package_aa/000115808-1_1_1/000115808-1_1_1.png,1352,0,1387,127,15,half
package_aa/000100126-19_1_1/000100126-19_1_1.png,179,0,226,128,0,whole
package_aa/000100126-19_1_1/000100126-19_1_1.png,346,0,381,128,1,half
package_aa/000100126-19_1_1/000100126-19_1_1.png,452,0,487,128,2,half
package_aa/000100126-19_1_1/000100126-19_1_1.png,588,0,622,128,3,half
package_aa/000100126-19_1_1/000100126-19_1_1.png,831,0,866,128,6,half
package_aa/000100126-19_1_1/000100126-19_1_1.png,936,0,970,128,7,half
package_aa/000100126-19_1_1/000100126-19_1_1.png,1141,0,1176,128,9,half
package_ab/220034189-1_8_1/220034189-1_8_1.png,163,0,198,100,0,half
package_ab/220015542-1_1_1/220015542-1_1_1.png,126,0,168,145,0,thirty_second
package_ab/220015542-1_1_1/220015542-1_1_1.png,173,0,215,145,1,thirty_second
package_ab/220015542-1_1_1/220015542-1_1_1.png,203,0,245,145,2,thirty_second
package_ab/220015542-1_1_1/220015542-1_1_1.png,233,0,275,145,3,thirty_second
package_ab/220015542-1_1_1/220015542-1_1_1.png,284,0,326,145,4,thirty_second
package_ab/220015542-1_1_1/220015542-1_1_1.png,331,0,373,145,5,thirty_second
package_ab/220015542-1_1_1/220015542-1_1_1.png,361,0,403,145,6,thirty_second
package_ab/220015542-1_1_1/220015542-1_1_1.png,391,0,433,145,7,thirty_second
package_ab/220015542-1_1_1/220015542-1_1_1.png,422,0,464,145,8,thirty_second
package_ab/220015542-1_1_1/220015542-1_1_1.png,469,0,511,145,9,thirty_second
package_ab/220015542-1_1_1/220015542-1_1_1.png,499,0,541,145,10,thirty_second
package_ab/220015542-1_1_1/220015542-1_1_1.png,529,0,571,145,11,thirty_second
package_ab/220015542-1_1_1/220015542-1_1_1.png,559,0,601,145,12,thirty_second
package_ab/220015542-1_1_1/220015542-1_1_1.png,606,0,648,145,13,thirty_second
package_ab/220015542-1_1_1/220015542-1_1_1.png,636,0,678,145,14,thirty_second
package_ab/220015542-1_1_1/220015542-1_1_1.png,666,0,708,145,15,thirty_second
package_ab/220015542-1_1_1/220015542-1_1_1.png,696,0,738,145,16,thirty_second
package_ab/220015542-1_1_1/220015542-1_1_1.png,727,0,769,145,17,thirty_second
package_ab/220015542-1_1_1/220015542-1_1_1.png,757,0,799,145,18,thirty_second
package_ab/220015542-1_1_1/220015542-1_1_1.png,787,0,829,145,19,thirty_second
package_ab/220015542-1_1_1/220015542-1_1_1.png,842,0,878,145,20,thirty_second
package_ab/220015542-1_1_1/220015542-1_1_1.png,872,0,908,145,21,thirty_second
package_ab/220015542-1_1_1/220015542-1_1_1.png,902,0,938,145,22,thirty_second
package_ab/220015542-1_1_1/220015542-1_1_1.png,932,0,968,145,23,thirty_second
package_ab/220015542-1_1_1/220015542-1_1_1.png,959,0,1001,145,24,thirty_second
package_ab/220015542-1_1_1/220015542-1_1_1.png,989,0,1031,145,25,thirty_second
package_ab/220015542-1_1_1/220015542-1_1_1.png,1023,0,1060,145,26,thirty_second
package_ab/220015542-1_1_1/220015542-1_1_1.png,1050,0,1092,145,27,thirty_second
package_ab/220015542-1_1_1/220015542-1_1_1.png,1080,0,1122,145,28,thirty_second
package_ab/220015542-1_1_1/220015542-1_1_1.png,1127,0,1169,145,29,thirty_second
package_ab/220015542-1_1_1/220015542-1_1_1.png,1157,0,1199,145,30,thirty_second
package_ab/220015542-1_1_1/220015542-1_1_1.png,1187,0,1229,145,31,thirty_second
package_ab/220015542-1_1_1/220015542-1_1_1.png,1218,0,1260,145,32,thirty_second
package_ab/220015542-1_1_1/220015542-1_1_1.png,1264,0,1306,145,33,thirty_second
package_ab/220015542-1_1_1/220015542-1_1_1.png,1295,0,1337,145,34,thirty_second
package_ab/220015542-1_1_1/220015542-1_1_1.png,1325,0,1367,145,35,thirty_second
package_ab/200042564-1_5_2/200042564-1_5_2.png,183,0,217,146,0,half
package_ab/200042564-1_5_2/200042564-1_5_2.png,456,0,491,146,3,half
package_ab/200042564-1_5_2/200042564-1_5_2.png,561,0,595,146,4,half
package_ab/200042564-1_5_2/200042564-1_5_2.png,697,0,732,146,5,half
package_ab/200042564-1_5_2/200042564-1_5_2.png,972,0,1006,146,8,half
package_ab/201008035-1_1_1/201008035-1_1_1.png,319,0,354,209,1,half
package_ab/201008035-1_1_1/201008035-1_1_1.png,424,0,459,209,2,half
package_ab/220012339-1_1_1/220012339-1_1_1.png,177,0,211,154,0,half
package_ab/220012339-1_1_1/220012339-1_1_1.png,456,0,491,154,3,half
package_ab/220012339-1_1_1/220012339-1_1_1.png,577,0,611,154,4,half
package_ab/220012339-1_1_1/220012339-1_1_1.png,733,0,767,154,5,half
package_ab/220012339-1_1_1/220012339-1_1_1.png,854,0,888,154,6,half
package_ab/220012339-1_1_1/220012339-1_1_1.png,975,0,1010,154,7,half
package_ab/220012339-1_1_1/220012339-1_1_1.png,1313,0,1348,154,11,half
package_aa/000130499-1_1_1/000130499-1_1_1.png,127,0,174,100,0,whole
package_aa/000130499-1_1_1/000130499-1_1_1.png,323,0,358,100,1,half
package_aa/000130499-1_1_1/000130499-1_1_1.png,428,0,463,100,2,half
package_aa/000130499-1_1_1/000130499-1_1_1.png,563,0,598,100,3,half
package_aa/000130499-1_1_1/000130499-1_1_1.png,668,0,703,100,4,half
package_aa/000130499-1_1_1/000130499-1_1_1.png,803,0,838,100,5,half
package_aa/000130499-1_1_1/000130499-1_1_1.png,908,0,943,100,6,half
package_aa/000130499-1_1_1/000130499-1_1_1.png,1035,0,1096,100,7,whole
package_aa/000130325-1_2_2/000130325-1_2_2.png,637,0,671,145,2,half
package_aa/000130325-1_2_2/000130325-1_2_2.png,1302,0,1336,145,13,half
package_ab/212001704-1_3_1/212001704-1_3_1.png,178,0,212,128,0,half
package_ab/212001704-1_3_1/212001704-1_3_1.png,276,0,323,128,1,whole
package_ab/212001704-1_3_1/212001704-1_3_1.png,917,0,964,128,8,whole
package_ab/212001704-1_3_1/212001704-1_3_1.png,1083,0,1117,128,9,half
package_ab/212001704-1_3_1/212001704-1_3_1.png,1220,0,1255,128,10,half
package_ab/212001704-1_3_1/212001704-1_3_1.png,1325,0,1360,128,11,half
package_ab/212001704-1_3_1/212001704-1_3_1.png,1429,0,1463,128,12,half
package_aa/000117499-1_1_1/000117499-1_1_1.png,157,0,191,136,0,half
package_ab/211002764-1_1_1/211002764-1_1_1.png,804,0,839,145,18,half
package_ab/190005954-1_1_1/190005954-1_1_1.png,123,0,157,133,0,half
package_ab/190005954-1_1_1/190005954-1_1_1.png,349,0,383,133,3,half
package_ab/190017618-1_1_1/190017618-1_1_1.png,546,0,581,119,5,half
package_ab/150202552-1_1_1/150202552-1_1_1.png,161,0,208,120,0,whole
package_ab/150202552-1_1_1/150202552-1_1_1.png,327,0,362,120,1,half
package_ab/150202552-1_1_1/150202552-1_1_1.png,432,0,467,120,2,half
package_ab/150202552-1_1_1/150202552-1_1_1.png,537,0,572,120,3,half
package_ab/150202552-1_1_1/150202552-1_1_1.png,642,0,677,120,4,half
package_ab/212003240-1_2_1/212003240-1_2_1.png,456,0,491,143,6,half
package_ab/212003240-1_2_1/212003240-1_2_1.png,983,0,1018,143,15,half
package_ab/230002499-1_8_2/230002499-1_8_2.png,358,0,393,134,0,half
package_ab/230002499-1_8_2/230002499-1_8_2.png,945,0,979,134,6,half
package_aa/100500727-1_5_1/100500727-1_5_1.png,151,0,198,125,0,whole
package_aa/100500727-1_5_1/100500727-1_5_1.png,345,0,392,125,1,whole
package_aa/100500727-1_5_1/100500727-1_5_1.png,542,0,577,125,2,half
package_aa/100500727-1_5_1/100500727-1_5_1.png,647,0,682,125,3,half
package_aa/100500727-1_5_1/100500727-1_5_1.png,783,0,818,125,4,half
package_aa/100500727-1_5_1/100500727-1_5_1.png,888,0,923,125,5,half
package_aa/100500727-1_5_1/100500727-1_5_1.png,1024,0,1058,125,6,half
package_aa/100500727-1_5_1/100500727-1_5_1.png,1129,0,1164,125,7,half
package_ab/220031798-1_1_1/220031798-1_1_1.png,488,0,523,118,0,half
package_ab/220031798-1_1_1/220031798-1_1_1.png,618,0,653,118,1,half
package_ab/220031798-1_1_1/220031798-1_1_1.png,748,0,782,118,2,half
package_ab/220031798-1_1_1/220031798-1_1_1.png,877,0,912,118,3,half
package_ab/220031798-1_1_1/220031798-1_1_1.png,1007,0,1042,118,4,half
package_ab/220031798-1_1_1/220031798-1_1_1.png,1131,0,1178,118,5,whole
package_ab/220031798-1_1_1/220031798-1_1_1.png,1335,0,1369,118,6,half
package_ab/220031798-1_1_1/220031798-1_1_1.png,1464,0,1499,118,7,half
package_ab/220031798-1_1_1/220031798-1_1_1.png,1594,0,1629,118,8,half
package_ab/220031798-1_1_1/220031798-1_1_1.png,1724,0,1758,118,9,half
package_ab/220031798-1_1_1/220031798-1_1_1.png,1854,0,1888,118,10,half
package_ab/211005615-1_3_1/211005615-1_3_1.png,416,0,450,139,2,half
package_ab/211005615-1_3_1/211005615-1_3_1.png,741,0,776,139,8,half
package_ab/225001350-1_1_1/225001350-1_1_1.png,267,0,302,123,0,half
package_ab/225001350-1_1_1/225001350-1_1_1.png,402,0,437,123,1,half
package_ab/225001350-1_1_1/225001350-1_1_1.png,507,0,542,123,2,half
package_ab/225001350-1_1_1/225001350-1_1_1.png,642,0,677,123,3,half
package_ab/225001350-1_1_1/225001350-1_1_1.png,747,0,782,123,4,half
package_ab/225001350-1_1_1/225001350-1_1_1.png,874,0,935,123,5,whole
package_aa/100029507-1_2_1/100029507-1_2_1.png,159,0,194,124,0,half
package_aa/100029507-1_2_1/100029507-1_2_1.png,451,0,485,124,3,half
package_aa/100029507-1_2_1/100029507-1_2_1.png,725,0,760,124,5,half
package_aa/100029507-1_2_1/100029507-1_2_1.png,998,0,1032,124,8,half
package_aa/100029507-1_2_1/100029507-1_2_1.png,1273,0,1307,124,10,half
package_ab/150200742-1_1_1/150200742-1_1_1.png,316,0,351,155,0,half
package_ab/150200742-1_1_1/150200742-1_1_1.png,420,0,454,155,1,half
package_ab/150200742-1_1_1/150200742-1_1_1.png,555,0,591,155,2,thirty_second
package_ab/150200742-1_1_1/150200742-1_1_1.png,586,0,623,155,3,thirty_second
package_ab/150200742-1_1_1/150200742-1_1_1.png,619,0,655,155,4,thirty_second
package_ab/150200742-1_1_1/150200742-1_1_1.png,650,0,686,155,5,thirty_second
package_ab/150200742-1_1_1/150200742-1_1_1.png,720,0,756,155,6,thirty_second
package_ab/150200742-1_1_1/150200742-1_1_1.png,752,0,788,155,7,thirty_second
package_ab/150200742-1_1_1/150200742-1_1_1.png,783,0,819,155,8,thirty_second
package_ab/150200742-1_1_1/150200742-1_1_1.png,852,0,889,155,9,thirty_second
package_ab/150200742-1_1_1/150200742-1_1_1.png,884,0,921,155,10,thirty_second
package_ab/150200742-1_1_1/150200742-1_1_1.png,915,0,952,155,11,thirty_second
package_ab/150200742-1_1_1/150200742-1_1_1.png,985,0,1022,155,12,thirty_second
package_ab/150200742-1_1_1/150200742-1_1_1.png,1017,0,1053,155,13,thirty_second
package_ab/150200742-1_1_1/150200742-1_1_1.png,1049,0,1085,155,14,thirty_second
package_aa/000108099-1_1_1/000108099-1_1_1.png,304,0,338,118,0,half
package_aa/000108099-1_1_1/000108099-1_1_1.png,425,0,460,118,1,half
package_aa/000108099-1_1_1/000108099-1_1_1.png,578,0,625,118,2,whole
package_aa/000108099-1_1_1/000108099-1_1_1.png,1468,0,1502,118,11,half
package_aa/000108099-1_1_1/000108099-1_1_1.png,1588,0,1622,118,12,half
package_aa/000108099-1_1_1/000108099-1_1_1.png,1708,0,1742,118,13,half
package_aa/000108099-1_1_1/000108099-1_1_1.png,1863,0,1897,118,14,half
package_ab/201004107-1_1_1/201004107-1_1_1.png,154,0,201,126,0,whole
package_ab/201004107-1_1_1/201004107-1_1_1.png,368,0,403,126,1,half
package_ab/201004107-1_1_1/201004107-1_1_1.png,473,0,508,126,2,half
package_ab/201004107-1_1_1/201004107-1_1_1.png,609,0,644,126,3,half
package_ab/201004107-1_1_1/201004107-1_1_1.png,714,0,748,126,4,half
package_ab/201004107-1_1_1/201004107-1_1_1.png,847,0,894,126,5,whole
package_ab/201004107-1_1_1/201004107-1_1_1.png,1041,0,1088,126,6,whole
package_aa/000104118-1_1_1/000104118-1_1_1.png,265,0,300,127,0,half
package_aa/000104118-1_1_1/000104118-1_1_1.png,750,0,785,127,6,half
package_aa/000104118-1_1_1/000104118-1_1_1.png,855,0,889,127,7,half
package_aa/000126684-1_1_1/000126684-1_1_1.png,1276,0,1311,129,16,half
package_ab/220030254-1_1_1/220030254-1_1_1.png,152,0,199,127,0,whole
package_ab/220030254-1_1_1/220030254-1_1_1.png,318,0,353,127,1,half
package_ab/220030254-1_1_1/220030254-1_1_1.png,423,0,458,127,2,half
package_ab/220030254-1_1_1/220030254-1_1_1.png,528,0,562,127,3,half
package_ab/220030254-1_1_1/220030254-1_1_1.png,633,0,668,127,4,half
package_ab/220030254-1_1_1/220030254-1_1_1.png,738,0,772,127,5,half
package_ab/220030254-1_1_1/220030254-1_1_1.png,843,0,877,127,6,half
package_ab/220030254-1_1_1/220030254-1_1_1.png,942,0,989,127,7,whole
package_ab/201009319-1_30_2/201009319-1_30_2.png,1183,0,1217,144,12,half
package_ab/230003531-1_5_1/230003531-1_5_1.png,292,0,327,151,0,half
package_ab/230003531-1_5_1/230003531-1_5_1.png,427,0,462,151,1,half
package_ab/230003531-1_5_1/230003531-1_5_1.png,532,0,567,151,2,half
package_ab/230003531-1_5_1/230003531-1_5_1.png,667,0,702,151,3,half
package_ab/230003531-1_5_1/230003531-1_5_1.png,772,0,807,151,4,half
package_ab/230003531-1_5_1/230003531-1_5_1.png,908,0,942,151,5,half
package_ab/230003531-1_5_1/230003531-1_5_1.png,1012,0,1047,151,6,half
package_ab/230003531-1_5_1/230003531-1_5_1.png,1146,0,1207,151,7,whole
package_aa/000109390-1_1_1/000109390-1_1_1.png,605,0,640,127,6,half
package_aa/000109390-1_1_1/000109390-1_1_1.png,710,0,745,127,7,half
package_aa/000113876-1_1_1/000113876-1_1_1.png,1120,0,1154,126,9,half
package_aa/000120249-1_1_1/000120249-1_1_1.png,628,0,663,127,5,half
package_aa/000122388-1_1_1/000122388-1_1_1.png,361,0,396,137,3,half
package_aa/000122388-1_1_1/000122388-1_1_1.png,910,0,945,137,11,half
package_aa/000102269-1_1_1/000102269-1_1_1.png,249,0,286,179,4,thirty_second
package_aa/000102269-1_1_1/000102269-1_1_1.png,281,0,317,179,5,thirty_second
package_aa/000102269-1_1_1/000102269-1_1_1.png,312,0,349,179,6,thirty_second
package_aa/000102269-1_1_1/000102269-1_1_1.png,344,0,381,179,7,thirty_second
package_aa/000102269-1_1_1/000102269-1_1_1.png,468,0,504,179,10,thirty_second
package_aa/000102269-1_1_1/000102269-1_1_1.png,500,0,537,179,11,thirty_second
package_aa/000102269-1_1_1/000102269-1_1_1.png,532,0,568,179,12,thirty_second
package_aa/000102269-1_1_1/000102269-1_1_1.png,564,0,600,179,13,thirty_second
package_aa/000102269-1_1_1/000102269-1_1_1.png,595,0,632,179,14,thirty_second
package_aa/000102269-1_1_1/000102269-1_1_1.png,627,0,663,179,15,thirty_second
package_aa/000102269-1_1_1/000102269-1_1_1.png,658,0,695,179,16,thirty_second
package_aa/000102269-1_1_1/000102269-1_1_1.png,690,0,727,179,17,thirty_second
package_aa/000123517-1_1_2/000123517-1_1_2.png,1684,0,1719,154,11,half
package_aa/000118804-1_1_1/000118804-1_1_1.png,126,0,160,118,0,half
package_aa/000118804-1_1_1/000118804-1_1_1.png,400,0,434,118,3,half
package_aa/000118804-1_1_1/000118804-1_1_1.png,505,0,540,118,4,half
package_aa/000118804-1_1_1/000118804-1_1_1.png,641,0,676,118,5,half
package_aa/000118804-1_1_1/000118804-1_1_1.png,1074,0,1109,118,11,half
package_aa/000118804-1_1_1/000118804-1_1_1.png,1208,0,1255,118,12,whole
package_aa/000136612-1_1_1/000136612-1_1_1.png,250,0,284,143,0,half
package_aa/000136612-1_1_1/000136612-1_1_1.png,320,0,355,143,1,half
package_aa/000136612-1_1_1/000136612-1_1_1.png,388,0,423,143,2,half
package_aa/000136612-1_1_1/000136612-1_1_1.png,1013,0,1060,143,14,whole
package_aa/000136612-1_1_1/000136612-1_1_1.png,1124,0,1159,143,15,half
package_aa/000136612-1_1_1/000136612-1_1_1.png,1416,0,1463,143,16,whole
package_aa/000126877-1_1_1/000126877-1_1_1.png,128,0,163,147,0,half
package_aa/000126877-1_1_1/000126877-1_1_1.png,504,0,539,147,9,half
package_ab/230002351-1_1_2/230002351-1_1_2.png,290,0,324,154,0,half
package_aa/000102869-1_1_1/000102869-1_1_1.png,388,0,423,129,3,half
package_aa/000102869-1_1_1/000102869-1_1_1.png,593,0,627,129,5,half
package_aa/000102869-1_1_1/000102869-1_1_1.png,797,0,831,129,7,half
package_aa/000102869-1_1_1/000102869-1_1_1.png,1001,0,1035,129,9,half
package_aa/000102869-1_1_1/000102869-1_1_1.png,1226,0,1261,129,12,half
package_aa/000103264-1_1_1/000103264-1_1_1.png,1558,0,1619,130,20,whole
package_aa/000103264-1_1_1/000103264-1_1_1.png,1784,0,1845,130,21,whole
package_aa/000116717-1_1_1/000116717-1_1_1.png,200,0,237,183,0,thirty_second
package_aa/000116717-1_1_1/000116717-1_1_1.png,231,0,268,183,1,thirty_second
package_aa/000116717-1_1_1/000116717-1_1_1.png,264,0,300,183,2,thirty_second
package_aa/000116717-1_1_1/000116717-1_1_1.png,295,0,331,183,3,thirty_second
package_aa/000116717-1_1_1/000116717-1_1_1.png,327,0,364,183,4,thirty_second
package_aa/000116717-1_1_1/000116717-1_1_1.png,359,0,396,183,5,thirty_second
package_aa/000116717-1_1_1/000116717-1_1_1.png,391,0,428,183,6,thirty_second
package_aa/000116717-1_1_1/000116717-1_1_1.png,417,0,464,183,7,thirty_second
package_aa/000116717-1_1_1/000116717-1_1_1.png,710,0,747,183,11,thirty_second
package_aa/000116717-1_1_1/000116717-1_1_1.png,742,0,779,183,12,thirty_second
package_aa/000116717-1_1_1/000116717-1_1_1.png,773,0,810,183,13,thirty_second
package_aa/000116717-1_1_1/000116717-1_1_1.png,824,0,861,183,14,thirty_second
package_aa/000116717-1_1_1/000116717-1_1_1.png,856,0,892,183,15,thirty_second
package_aa/000116717-1_1_1/000116717-1_1_1.png,888,0,924,183,16,thirty_second
package_aa/000116717-1_1_1/000116717-1_1_1.png,914,0,961,183,17,thirty_second
package_aa/000116717-1_1_1/000116717-1_1_1.png,948,0,990,183,18,thirty_second
package_ab/190023389-1_1_1/190023389-1_1_1.png,295,0,337,156,1,thirty_second
package_ab/190023389-1_1_1/190023389-1_1_1.png,330,0,364,156,2,thirty_second
package_ab/190023389-1_1_1/190023389-1_1_1.png,355,0,397,156,3,thirty_second
package_ab/190023389-1_1_1/190023389-1_1_1.png,390,0,424,156,4,thirty_second
package_ab/190023389-1_1_1/190023389-1_1_1.png,461,0,503,156,6,thirty_second
package_ab/190023389-1_1_1/190023389-1_1_1.png,495,0,529,156,7,thirty_second
package_ab/190023389-1_1_1/190023389-1_1_1.png,521,0,563,156,8,thirty_second
package_ab/190023389-1_1_1/190023389-1_1_1.png,556,0,590,156,9,thirty_second
package_ab/190002151-1_1_1/190002151-1_1_1.png,181,0,217,138,0,thirty_second
package_ab/190002151-1_1_1/190002151-1_1_1.png,218,0,255,138,1,thirty_second
package_ab/190002151-1_1_1/190002151-1_1_1.png,256,0,292,138,2,thirty_second
package_aa/000124195-1_1_1/000124195-1_1_1.png,898,0,932,138,10,half
package_aa/000124195-1_1_1/000124195-1_1_1.png,1095,0,1130,138,12,half
package_aa/000124195-1_1_1/000124195-1_1_1.png,1608,0,1643,138,19,half
package_aa/000124195-1_1_1/000124195-1_1_1.png,1864,0,1898,138,22,half
package_ab/220000068-1_1_2/220000068-1_1_2.png,876,0,911,154,1,half
package_ab/220000068-1_1_2/220000068-1_1_2.png,1002,0,1037,154,2,half
package_ab/220000068-1_1_2/220000068-1_1_2.png,1163,0,1198,154,3,half
package_ab/220000068-1_1_2/220000068-1_1_2.png,1489,0,1524,154,5,half
package_ab/220000068-1_1_2/220000068-1_1_2.png,1615,0,1649,154,6,half
package_ab/220000068-1_1_2/220000068-1_1_2.png,1776,0,1811,154,7,half
package_ab/201008540-1_8_2/201008540-1_8_2.png,721,0,755,118,2,half
package_ab/201008540-1_8_2/201008540-1_8_2.png,1459,0,1494,118,11,half
package_ab/220014955-1_10_1/220014955-1_10_1.png,175,0,210,138,0,half
package_ab/220014955-1_10_1/220014955-1_10_1.png,491,0,525,138,5,half
package_ab/220014955-1_10_1/220014955-1_10_1.png,807,0,842,138,10,half
package_ab/200021896-1_22_1/200021896-1_22_1.png,715,0,757,163,11,thirty_second
package_ab/200021896-1_22_1/200021896-1_22_1.png,749,0,783,163,12,thirty_second
package_ab/200021896-1_22_1/200021896-1_22_1.png,956,0,998,163,18,thirty_second
package_ab/200021896-1_22_1/200021896-1_22_1.png,991,0,1025,163,19,thirty_second
package_ab/200021896-1_22_1/200021896-1_22_1.png,1197,0,1239,163,25,thirty_second
package_ab/200021896-1_22_1/200021896-1_22_1.png,1230,0,1266,163,26,thirty_second
package_ab/225002091-1_1_2/225002091-1_1_2.png,1767,0,1802,147,16,half
package_aa/100500664-1_1_2/100500664-1_1_2.png,184,0,218,109,0,half
package_aa/100500664-1_1_2/100500664-1_1_2.png,459,0,493,109,3,half
package_aa/000113807-1_1_1/000113807-1_1_1.png,262,0,297,155,2,half
package_aa/000113807-1_1_1/000113807-1_1_1.png,875,0,909,155,12,half
package_aa/000111178-1_1_1/000111178-1_1_1.png,1008,0,1043,138,10,half
package_aa/100500738-1_3_1/100500738-1_3_1.png,314,0,361,147,0,whole
package_aa/100500738-1_3_1/100500738-1_3_1.png,531,0,592,147,1,whole
package_aa/100500738-1_3_1/100500738-1_3_1.png,760,0,807,147,2,whole
package_aa/100500738-1_3_1/100500738-1_3_1.png,983,0,1030,147,3,whole
package_aa/100500738-1_3_1/100500738-1_3_1.png,1205,0,1252,147,4,whole
package_aa/100500738-1_3_1/100500738-1_3_1.png,1429,0,1464,147,5,half
package_aa/100500738-1_3_1/100500738-1_3_1.png,1549,0,1584,147,6,half
package_aa/100500738-1_3_1/100500738-1_3_1.png,1862,0,1897,147,9,half
package_ab/230005749-1_15_1/230005749-1_15_1.png,250,0,285,119,0,half
package_ab/230005749-1_15_1/230005749-1_15_1.png,409,0,444,119,1,half
package_ab/230005749-1_15_1/230005749-1_15_1.png,533,0,568,119,2,half
package_ab/230005749-1_15_1/230005749-1_15_1.png,715,0,750,119,3,half
package_ab/230005749-1_15_1/230005749-1_15_1.png,839,0,873,119,4,half
package_ab/230005749-1_15_1/230005749-1_15_1.png,998,0,1033,119,5,half
package_ab/230005749-1_15_1/230005749-1_15_1.png,1121,0,1155,119,6,half
package_ab/230005749-1_15_1/230005749-1_15_1.png,1280,0,1315,119,7,half
package_ab/230005749-1_15_1/230005749-1_15_1.png,1404,0,1439,119,8,half
package_ab/230005749-1_15_1/230005749-1_15_1.png,1554,0,1615,119,9,whole
package_ab/230005749-1_15_1/230005749-1_15_1.png,1788,0,1835,119,10,whole
package_ab/201009249-1_3_1/201009249-1_3_1.png,295,0,330,157,1,half
package_ab/201009249-1_3_1/201009249-1_3_1.png,618,0,653,157,6,half
package_ab/201009249-1_3_1/201009249-1_3_1.png,940,0,975,157,11,half
package_ab/201009249-1_3_1/201009249-1_3_1.png,1425,0,1460,157,18,half
package_ab/201009259-1_56_1/201009259-1_56_1.png,161,0,195,146,0,half
package_ab/201009259-1_56_1/201009259-1_56_1.png,266,0,301,146,1,half
package_ab/201009259-1_56_1/201009259-1_56_1.png,540,0,574,146,4,half
package_ab/201009259-1_56_1/201009259-1_56_1.png,675,0,710,146,5,half
package_ab/201009259-1_56_1/201009259-1_56_1.png,1088,0,1122,146,10,half
package_ab/190007387-1_1_1/190007387-1_1_1.png,1234,0,1269,127,15,half
package_ab/220011791-1_8_2/220011791-1_8_2.png,618,0,652,153,0,half
package_ab/220011791-1_8_2/220011791-1_8_2.png,776,0,810,153,1,half
package_ab/220011791-1_8_2/220011791-1_8_2.png,899,0,933,153,2,half
package_ab/220011791-1_8_2/220011791-1_8_2.png,1057,0,1091,153,3,half
package_ab/220011791-1_8_2/220011791-1_8_2.png,1180,0,1215,153,4,half
package_ab/220011791-1_8_2/220011791-1_8_2.png,1337,0,1372,153,5,half
package_ab/220011791-1_8_2/220011791-1_8_2.png,1460,0,1494,153,6,half
package_ab/220011791-1_8_2/220011791-1_8_2.png,1618,0,1665,153,7,whole
package_aa/100030550-1_2_1/100030550-1_2_1.png,156,0,191,124,0,half
package_aa/100030550-1_2_1/100030550-1_2_1.png,361,0,395,124,2,half
package_aa/100030550-1_2_1/100030550-1_2_1.png,872,0,906,124,8,half
package_aa/000123143-1_1_2/000123143-1_1_2.png,349,0,384,154,0,half
package_ab/220000478-1_1_2/220000478-1_1_2.png,741,0,802,147,3,whole
package_ab/220000478-1_1_2/220000478-1_1_2.png,1345,0,1380,147,7,half
package_aa/100030106-1_1_1/100030106-1_1_1.png,154,0,189,127,0,half
package_aa/100030106-1_1_1/100030106-1_1_1.png,894,0,928,127,10,half
package_aa/100030106-1_1_1/100030106-1_1_1.png,1189,0,1224,127,14,half
package_ab/225003023-1_1_2/225003023-1_1_2.png,202,0,237,137,0,half
package_ab/225003023-1_1_2/225003023-1_1_2.png,308,0,342,137,1,half
package_aa/100500722-1_1_3/100500722-1_1_3.png,281,0,328,145,0,whole
package_aa/100500722-1_1_3/100500722-1_1_3.png,478,0,513,145,1,half
package_aa/100500722-1_1_3/100500722-1_1_3.png,583,0,617,145,2,half
package_aa/100500722-1_1_3/100500722-1_1_3.png,718,0,753,145,3,half
package_aa/100500722-1_1_3/100500722-1_1_3.png,823,0,858,145,4,half
package_aa/100500722-1_1_3/100500722-1_1_3.png,956,0,1003,145,5,whole
package_aa/100500722-1_1_3/100500722-1_1_3.png,1150,0,1197,145,6,whole
package_ab/220016917-1_5_1/220016917-1_5_1.png,173,0,207,128,0,half
package_ab/220016917-1_5_1/220016917-1_5_1.png,278,0,313,128,1,half
package_aa/000130507-1_1_1/000130507-1_1_1.png,430,0,465,118,3,half
package_aa/000130507-1_1_1/000130507-1_1_1.png,566,0,601,118,4,half
package_aa/000130507-1_1_1/000130507-1_1_1.png,671,0,706,118,5,half
package_aa/000130507-1_1_1/000130507-1_1_1.png,945,0,980,118,8,half
package_aa/000130507-1_1_1/000130507-1_1_1.png,1078,0,1125,118,9,whole
package_aa/000100588-1_1_1/000100588-1_1_1.png,497,0,532,125,4,half
package_ab/190020915-1_1_1/190020915-1_1_1.png,260,0,295,145,0,half
package_ab/190020915-1_1_1/190020915-1_1_1.png,465,0,500,145,2,half
package_ab/190020915-1_1_1/190020915-1_1_1.png,670,0,705,145,4,half
package_ab/190020915-1_1_1/190020915-1_1_1.png,1112,0,1146,145,8,half
package_ab/190020915-1_1_1/190020915-1_1_1.png,1317,0,1352,145,10,half
package_ab/211010394-1_56_1/211010394-1_56_1.png,270,0,305,139,2,half
package_aa/000119579-1_1_1/000119579-1_1_1.png,318,0,365,148,1,whole
package_ab/230000180-1_1_1/230000180-1_1_1.png,199,0,260,127,0,whole
package_ab/230000180-1_1_1/230000180-1_1_1.png,402,0,436,127,1,half
package_ab/230000180-1_1_1/230000180-1_1_1.png,507,0,541,127,2,half
package_ab/230000180-1_1_1/230000180-1_1_1.png,642,0,677,127,3,half
package_ab/230000180-1_1_1/230000180-1_1_1.png,747,0,782,127,4,half
package_ab/230000180-1_1_1/230000180-1_1_1.png,882,0,917,127,5,half
package_ab/220015912-1_1_1/220015912-1_1_1.png,311,0,345,146,1,half
package_ab/220015912-1_1_1/220015912-1_1_1.png,416,0,451,146,2,half
package_ab/220015912-1_1_1/220015912-1_1_1.png,552,0,586,146,3,half
package_ab/220015912-1_1_1/220015912-1_1_1.png,825,0,860,146,5,half
package_ab/220015912-1_1_1/220015912-1_1_1.png,931,0,966,146,6,half
package_ab/220015912-1_1_1/220015912-1_1_1.png,1066,0,1100,146,7,half
package_ab/220015912-1_1_1/220015912-1_1_1.png,1478,0,1512,146,12,half
package_ab/211004513-1_1_2/211004513-1_1_2.png,315,0,362,124,0,whole
package_ab/211004513-1_1_2/211004513-1_1_2.png,420,0,467,124,1,whole
package_ab/211004513-1_1_2/211004513-1_1_2.png,685,0,732,124,2,whole
package_ab/211004513-1_1_2/211004513-1_1_2.png,790,0,837,124,3,whole
package_ab/211004513-1_1_2/211004513-1_1_2.png,895,0,942,124,4,whole
package_ab/211004513-1_1_2/211004513-1_1_2.png,1000,0,1047,124,5,whole
package_ab/150201565-1_1_1/150201565-1_1_1.png,177,0,211,137,0,half
package_ab/150201565-1_1_1/150201565-1_1_1.png,305,0,340,137,1,half
package_ab/150201565-1_1_1/150201565-1_1_1.png,471,0,506,137,2,half
package_ab/150201565-1_1_1/150201565-1_1_1.png,764,0,799,137,3,half
package_ab/150201565-1_1_1/150201565-1_1_1.png,893,0,928,137,4,half
package_ab/150201565-1_1_1/150201565-1_1_1.png,1058,0,1092,137,5,half
package_ab/150201565-1_1_1/150201565-1_1_1.png,1392,0,1427,137,7,half
package_ab/150201565-1_1_1/150201565-1_1_1.png,1520,0,1554,137,8,half
package_ab/150201565-1_1_1/150201565-1_1_1.png,1686,0,1721,137,9,half
package_aa/000141653-1_1_2/000141653-1_1_2.png,561,0,596,148,1,half
package_ab/230002261-1_1_2/230002261-1_1_2.png,776,0,811,153,2,half
package_ab/211005055-1_1_2/211005055-1_1_2.png,886,0,921,155,6,half
package_ab/211005055-1_1_2/211005055-1_1_2.png,1306,0,1341,155,15,half
package_ab/220031037-1_1_1/220031037-1_1_1.png,163,0,198,118,0,half
package_ab/220031037-1_1_1/220031037-1_1_1.png,406,0,440,118,3,half
package_ab/220031037-1_1_1/220031037-1_1_1.png,511,0,546,118,4,half
package_ab/220031037-1_1_1/220031037-1_1_1.png,616,0,651,118,5,half
package_ab/220031037-1_1_1/220031037-1_1_1.png,721,0,755,118,6,half
package_aa/000102114-1_1_1/000102114-1_1_1.png,157,0,192,126,0,half
package_aa/000102114-1_1_1/000102114-1_1_1.png,593,0,627,126,7,half
package_aa/000102114-1_1_1/000102114-1_1_1.png,729,0,764,126,8,half
package_ab/220011438-1_1_1/220011438-1_1_1.png,265,0,300,127,0,half
package_ab/220011438-1_1_1/220011438-1_1_1.png,400,0,435,127,1,half
package_ab/220011438-1_1_1/220011438-1_1_1.png,505,0,540,127,2,half
package_ab/220011438-1_1_1/220011438-1_1_1.png,641,0,676,127,3,half
package_ab/220011438-1_1_1/220011438-1_1_1.png,745,0,780,127,4,half
package_ab/220011438-1_1_1/220011438-1_1_1.png,881,0,915,127,5,half
package_ab/220011438-1_1_1/220011438-1_1_1.png,986,0,1020,127,6,half
package_ab/220011438-1_1_1/220011438-1_1_1.png,1119,0,1166,127,7,whole
package_aa/000106700-1_2_1/000106700-1_2_1.png,804,0,839,195,14,half
package_aa/000131762-1_1_1/000131762-1_1_1.png,127,0,162,127,0,half
package_aa/000131762-1_1_1/000131762-1_1_1.png,232,0,267,127,1,half
package_ab/211002973-1_4_1/211002973-1_4_1.png,130,0,177,126,0,whole
package_ab/211002973-1_4_1/211002973-1_4_1.png,329,0,376,126,1,whole
package_ab/211002973-1_4_1/211002973-1_4_1.png,527,0,574,126,2,whole
package_ab/211002973-1_4_1/211002973-1_4_1.png,725,0,772,126,3,whole
package_ab/211002973-1_4_1/211002973-1_4_1.png,924,0,971,126,4,whole
package_ab/211002973-1_4_1/211002973-1_4_1.png,1252,0,1299,126,5,whole
package_ab/211002973-1_4_1/211002973-1_4_1.png,1451,0,1498,126,6,whole
package_ab/211002973-1_4_1/211002973-1_4_1.png,1649,0,1696,126,7,whole
package_aa/000138668-1_1_1/000138668-1_1_1.png,186,0,233,136,0,whole
package_aa/000119478-1_1_1/000119478-1_1_1.png,155,0,190,146,0,half
package_aa/000119478-1_1_1/000119478-1_1_1.png,468,0,503,146,5,half
package_aa/000119478-1_1_1/000119478-1_1_1.png,673,0,708,146,7,half
package_aa/000119478-1_1_1/000119478-1_1_1.png,1437,0,1472,146,19,half
package_aa/100000002-1_2_1/100000002-1_2_1.png,802,0,837,152,7,half
package_aa/100000002-1_2_1/100000002-1_2_1.png,1028,0,1063,152,10,half
package_ab/190002519-1_1_1/190002519-1_1_1.png,507,0,549,181,6,thirty_second
package_ab/190002519-1_1_1/190002519-1_1_1.png,540,0,576,181,7,thirty_second
package_ab/190002519-1_1_1/190002519-1_1_1.png,642,0,684,181,10,thirty_second
package_ab/190002519-1_1_1/190002519-1_1_1.png,676,0,712,181,11,thirty_second
package_ab/190002519-1_1_1/190002519-1_1_1.png,823,0,870,181,15,thirty_second
package_ab/190002519-1_1_1/190002519-1_1_1.png,855,0,897,181,16,thirty_second
package_ab/190002519-1_1_1/190002519-1_1_1.png,883,0,930,181,17,thirty_second
package_ab/190002519-1_1_1/190002519-1_1_1.png,916,0,958,181,18,thirty_second
package_ab/190002519-1_1_1/190002519-1_1_1.png,1066,0,1108,181,21,thirty_second
package_ab/190002519-1_1_1/190002519-1_1_1.png,1099,0,1135,181,22,thirty_second
package_ab/190002519-1_1_1/190002519-1_1_1.png,1160,0,1196,181,24,thirty_second
package_ab/190002519-1_1_1/190002519-1_1_1.png,1187,0,1229,181,25,thirty_second
package_ab/211010599-1_6_1/211010599-1_6_1.png,317,0,364,145,0,whole
package_ab/211010599-1_6_1/211010599-1_6_1.png,422,0,469,145,1,whole
package_ab/211010599-1_6_1/211010599-1_6_1.png,744,0,779,145,6,half
package_ab/211010599-1_6_1/211010599-1_6_1.png,813,0,848,145,7,half
package_ab/211010599-1_6_1/211010599-1_6_1.png,913,0,947,145,8,half
package_ab/211010599-1_6_1/211010599-1_6_1.png,975,0,1022,145,9,whole
package_ab/211010599-1_6_1/211010599-1_6_1.png,1206,0,1253,145,12,whole
package_ab/220017017-1_1_1/220017017-1_1_1.png,327,0,362,161,0,half
package_ab/220017017-1_1_1/220017017-1_1_1.png,601,0,636,161,3,half
package_ab/220017017-1_1_1/220017017-1_1_1.png,875,0,910,161,6,half
package_ab/230005101-1_39_1/230005101-1_39_1.png,531,0,565,144,1,half
package_ab/230005101-1_39_1/230005101-1_39_1.png,1134,0,1168,144,3,half
package_ab/230005101-1_39_1/230005101-1_39_1.png,1737,0,1772,144,5,half
package_aa/000131202-1_1_1/000131202-1_1_1.png,162,0,196,149,0,half
package_aa/000131202-1_1_1/000131202-1_1_1.png,485,0,519,149,3,half
package_aa/000131202-1_1_1/000131202-1_1_1.png,609,0,643,149,4,half
package_ab/220017269-1_1_2/220017269-1_1_2.png,546,0,581,154,3,half
package_ab/220017031-1_4_1/220017031-1_4_1.png,202,0,237,143,0,half
package_ab/220017031-1_4_1/220017031-1_4_1.png,308,0,342,143,1,half
package_ab/220017031-1_4_1/220017031-1_4_1.png,443,0,478,143,2,half
package_ab/220017031-1_4_1/220017031-1_4_1.png,549,0,584,143,3,half
package_ab/220017031-1_4_1/220017031-1_4_1.png,684,0,718,143,4,half
package_ab/220017031-1_4_1/220017031-1_4_1.png,789,0,824,143,5,half
package_ab/220017031-1_4_1/220017031-1_4_1.png,930,0,977,143,6,whole
package_ab/220017031-1_4_1/220017031-1_4_1.png,1145,0,1180,143,7,half
package_ab/220017031-1_4_1/220017031-1_4_1.png,1251,0,1285,143,8,half
package_ab/220017031-1_4_1/220017031-1_4_1.png,1387,0,1422,143,9,half
package_aa/000105052-1_10_1/000105052-1_10_1.png,643,0,678,147,8,half
package_aa/000105052-1_10_1/000105052-1_10_1.png,1306,0,1341,147,18,half
package_aa/000125011-1_1_1/000125011-1_1_1.png,866,0,900,147,18,half
package_aa/000125011-1_1_1/000125011-1_1_1.png,1091,0,1126,147,21,half
package_ab/230004977-1_1_1/230004977-1_1_1.png,216,0,263,134,0,whole
package_ab/230004977-1_1_1/230004977-1_1_1.png,413,0,448,134,1,half
package_ab/230004977-1_1_1/230004977-1_1_1.png,687,0,722,134,4,half
package_ab/230004977-1_1_1/230004977-1_1_1.png,928,0,962,134,5,half
package_ab/230004977-1_1_1/230004977-1_1_1.png,1033,0,1067,134,6,half
package_ab/230004977-1_1_1/230004977-1_1_1.png,1169,0,1204,134,7,half
package_aa/000137647-1_1_1/000137647-1_1_1.png,233,0,270,163,1,thirty_second
package_aa/000137647-1_1_1/000137647-1_1_1.png,267,0,314,163,2,thirty_second
package_aa/000137647-1_1_1/000137647-1_1_1.png,465,0,502,163,5,thirty_second
package_aa/000137647-1_1_1/000137647-1_1_1.png,499,0,546,163,6,thirty_second
package_aa/000137647-1_1_1/000137647-1_1_1.png,667,0,714,163,9,thirty_second
package_aa/000137647-1_1_1/000137647-1_1_1.png,711,0,748,163,10,thirty_second
package_aa/000137647-1_1_1/000137647-1_1_1.png,1295,0,1332,163,13,thirty_second
package_aa/000137647-1_1_1/000137647-1_1_1.png,1328,0,1375,163,14,thirty_second
package_aa/000137647-1_1_1/000137647-1_1_1.png,1555,0,1592,163,17,thirty_second
package_aa/000137647-1_1_1/000137647-1_1_1.png,1589,0,1636,163,18,thirty_second
package_aa/000137647-1_1_1/000137647-1_1_1.png,1734,0,1771,163,21,thirty_second
package_aa/000137647-1_1_1/000137647-1_1_1.png,1767,0,1814,163,22,thirty_second
package_aa/000108891-1_1_1/000108891-1_1_1.png,192,0,227,137,0,half
package_aa/000108891-1_1_1/000108891-1_1_1.png,417,0,452,137,3,half
package_ab/220011749-1_1_1/220011749-1_1_1.png,185,0,220,137,0,half
package_ab/220011749-1_1_1/220011749-1_1_1.png,296,0,330,137,1,half
package_ab/220011749-1_1_1/220011749-1_1_1.png,442,0,477,137,2,half
package_ab/220011749-1_1_1/220011749-1_1_1.png,698,0,732,137,3,half
package_ab/220011749-1_1_1/220011749-1_1_1.png,809,0,844,137,4,half
package_ab/220011749-1_1_1/220011749-1_1_1.png,955,0,990,137,5,half
package_ab/220011749-1_1_1/220011749-1_1_1.png,1211,0,1246,137,6,half
package_ab/220011749-1_1_1/220011749-1_1_1.png,1502,0,1536,137,9,half
package_ab/220011749-1_1_1/220011749-1_1_1.png,1615,0,1649,137,10,half
package_ab/220011749-1_1_1/220011749-1_1_1.png,1759,0,1794,137,11,half
package_ab/211003752-1_1_1/211003752-1_1_1.png,125,0,160,126,0,half
package_ab/211003752-1_1_1/211003752-1_1_1.png,368,0,403,126,3,half
package_ab/211003752-1_1_1/211003752-1_1_1.png,473,0,508,126,4,half
package_ab/211003752-1_1_1/211003752-1_1_1.png,854,0,889,126,8,half
package_aa/000127358-1_1_1/000127358-1_1_1.png,472,0,509,172,2,thirty_second
package_aa/000127358-1_1_1/000127358-1_1_1.png,510,0,546,172,3,thirty_second
package_aa/000127358-1_1_1/000127358-1_1_1.png,547,0,584,172,4,thirty_second
package_aa/000127358-1_1_1/000127358-1_1_1.png,1057,0,1094,172,10,thirty_second
package_aa/000127358-1_1_1/000127358-1_1_1.png,1095,0,1131,172,11,thirty_second
package_aa/000127358-1_1_1/000127358-1_1_1.png,1132,0,1169,172,12,thirty_second
package_aa/000126034-1_1_2/000126034-1_1_2.png,321,0,355,126,0,half
package_aa/000126034-1_1_2/000126034-1_1_2.png,426,0,460,126,1,half
package_aa/000126034-1_1_2/000126034-1_1_2.png,563,0,597,126,2,half
package_ab/201009330-1_1_1/201009330-1_1_1.png,355,0,390,128,4,half
package_ab/201009330-1_1_1/201009330-1_1_1.png,675,0,709,128,9,half
package_ab/201009330-1_1_1/201009330-1_1_1.png,998,0,1033,128,14,half
package_aa/000105060-12_1_1/000105060-12_1_1.png,338,0,373,143,0,half
package_aa/000105060-12_1_1/000105060-12_1_1.png,499,0,533,143,1,half
package_aa/000105060-12_1_1/000105060-12_1_1.png,607,0,642,143,2,half
package_aa/000105060-12_1_1/000105060-12_1_1.png,716,0,750,143,3,half
package_aa/000105060-12_1_1/000105060-12_1_1.png,856,0,891,143,4,half
package_aa/000105060-12_1_1/000105060-12_1_1.png,964,0,999,143,5,half
package_aa/000105060-12_1_1/000105060-12_1_1.png,1073,0,1107,143,6,half
package_aa/000105060-12_1_1/000105060-12_1_1.png,1213,0,1248,143,7,half
package_aa/000105060-12_1_1/000105060-12_1_1.png,1315,0,1362,143,8,whole
package_aa/000105060-12_1_1/000105060-12_1_1.png,1518,0,1553,143,9,half
package_aa/000105060-12_1_1/000105060-12_1_1.png,1626,0,1661,143,10,half
package_aa/000105060-12_1_1/000105060-12_1_1.png,1734,0,1769,143,11,half
package_aa/000105060-12_1_1/000105060-12_1_1.png,1875,0,1910,143,12,half
package_ab/220019788-1_1_1/220019788-1_1_1.png,165,0,199,142,0,half
package_ab/220019788-1_1_1/220019788-1_1_1.png,270,0,304,142,1,half
package_ab/220019788-1_1_1/220019788-1_1_1.png,375,0,409,142,2,half
package_ab/220019788-1_1_1/220019788-1_1_1.png,611,0,658,142,5,whole
package_ab/220019788-1_1_1/220019788-1_1_1.png,765,0,826,142,6,whole
package_ab/220019788-1_1_1/220019788-1_1_1.png,959,0,1020,142,7,whole
package_ab/220019788-1_1_1/220019788-1_1_1.png,1132,0,1167,142,8,half
package_ab/220019788-1_1_1/220019788-1_1_1.png,1237,0,1272,142,9,half
package_ab/220019788-1_1_1/220019788-1_1_1.png,1372,0,1407,142,10,half
package_ab/220019788-1_1_1/220019788-1_1_1.png,1477,0,1512,142,11,half
package_ab/230004214-1_1_1/230004214-1_1_1.png,179,0,213,135,0,half
package_ab/230004214-1_1_1/230004214-1_1_1.png,316,0,351,135,1,half
package_ab/230004214-1_1_1/230004214-1_1_1.png,422,0,456,135,2,half
package_ab/230004214-1_1_1/230004214-1_1_1.png,570,0,605,135,3,half
package_ab/230004214-1_1_1/230004214-1_1_1.png,675,0,710,135,4,half
package_ab/230004214-1_1_1/230004214-1_1_1.png,811,0,845,135,5,half
package_ab/230004214-1_1_1/230004214-1_1_1.png,916,0,951,135,6,half
package_ab/230004214-1_1_1/230004214-1_1_1.png,1190,0,1225,135,9,half
package_ab/230004214-1_1_1/230004214-1_1_1.png,1337,0,1371,135,10,half
package_ab/150203565-1_1_2/150203565-1_1_2.png,647,0,682,118,5,half
package_ab/150203565-1_1_2/150203565-1_1_2.png,1196,0,1230,118,13,half
package_ab/201001503-1_1_1/201001503-1_1_1.png,447,0,482,133,3,half
package_ab/220001048-1_1_1/220001048-1_1_1.png,175,0,210,134,0,half
package_ab/220001048-1_1_1/220001048-1_1_1.png,280,0,315,134,1,half
package_ab/220001048-1_1_1/220001048-1_1_1.png,769,0,816,134,8,whole
package_aa/000111415-1_1_1/000111415-1_1_1.png,812,0,847,151,12,half
package_ab/230005713-1_1_1/230005713-1_1_1.png,158,0,193,146,0,half
package_ab/230005713-1_1_1/230005713-1_1_1.png,263,0,298,146,1,half
package_ab/230002391-1_3_2/230002391-1_3_2.png,922,0,957,136,1,half
package_ab/230002391-1_3_2/230002391-1_3_2.png,1052,0,1087,136,2,half
package_ab/230002391-1_3_2/230002391-1_3_2.png,1219,0,1254,136,3,half
package_ab/230002391-1_3_2/230002391-1_3_2.png,1556,0,1591,136,5,half
package_ab/230002391-1_3_2/230002391-1_3_2.png,1686,0,1720,136,6,half
package_ab/230002391-1_3_2/230002391-1_3_2.png,1853,0,1888,136,7,half
package_ab/220034375-1_2_1/220034375-1_2_1.png,715,0,750,145,4,half
package_ab/220034375-1_2_1/220034375-1_2_1.png,1304,0,1339,145,9,half
package_ab/201004584-1_1_1/201004584-1_1_1.png,386,0,421,145,1,half
package_ab/201004584-1_1_1/201004584-1_1_1.png,529,0,564,145,2,half
package_ab/201004584-1_1_1/201004584-1_1_1.png,785,0,820,145,5,half
package_aa/000130516-1_1_1/000130516-1_1_1.png,1022,0,1069,118,11,whole
package_aa/100500282-1_1_1/100500282-1_1_1.png,120,0,181,118,0,whole
package_aa/100500282-1_1_1/100500282-1_1_1.png,321,0,368,118,1,whole
package_aa/100500282-1_1_1/100500282-1_1_1.png,510,0,571,118,2,whole
package_aa/100500282-1_1_1/100500282-1_1_1.png,979,0,1013,118,3,half
package_aa/000118525-1_1_2/000118525-1_1_2.png,685,0,719,153,1,half
package_aa/000118525-1_1_2/000118525-1_1_2.png,1034,0,1068,153,6,half
package_aa/000119136-1_1_1/000119136-1_1_1.png,178,0,212,128,0,half
package_aa/000119136-1_1_1/000119136-1_1_1.png,761,0,795,128,7,half
package_aa/000119136-1_1_1/000119136-1_1_1.png,1203,0,1237,128,12,half
package_aa/000120628-1_1_1/000120628-1_1_1.png,314,0,348,123,0,half
package_aa/000120628-1_1_1/000120628-1_1_1.png,449,0,484,123,1,half
package_aa/000120628-1_1_1/000120628-1_1_1.png,554,0,588,123,2,half
package_aa/000120628-1_1_1/000120628-1_1_1.png,689,0,724,123,3,half
package_aa/000120628-1_1_1/000120628-1_1_1.png,794,0,829,123,4,half
package_aa/000120628-1_1_1/000120628-1_1_1.png,927,0,974,123,5,whole
package_aa/000120628-1_1_1/000120628-1_1_1.png,1115,0,1176,123,6,whole
package_aa/000125088-6_1_1/000125088-6_1_1.png,127,0,174,137,0,whole
package_aa/000125088-6_1_1/000125088-6_1_1.png,363,0,410,137,1,whole
package_aa/000125088-6_1_1/000125088-6_1_1.png,599,0,646,137,2,whole
package_aa/000125088-6_1_1/000125088-6_1_1.png,836,0,883,137,3,whole
package_aa/000125088-6_1_1/000125088-6_1_1.png,1072,0,1119,137,4,whole
package_aa/000125088-6_1_1/000125088-6_1_1.png,1308,0,1355,137,5,whole
package_aa/000125088-6_1_1/000125088-6_1_1.png,1545,0,1592,137,6,whole
package_aa/000125088-6_1_1/000125088-6_1_1.png,1775,0,1836,137,7,whole
package_aa/000117137-1_1_1/000117137-1_1_1.png,125,0,160,128,0,half
package_aa/000117137-1_1_1/000117137-1_1_1.png,278,0,325,128,1,whole
package_aa/000117137-1_1_1/000117137-1_1_1.png,656,0,691,128,4,half
package_aa/000117137-1_1_1/000117137-1_1_1.png,774,0,809,128,5,half
package_aa/000117137-1_1_1/000117137-1_1_1.png,893,0,928,128,6,half
package_aa/000117137-1_1_1/000117137-1_1_1.png,1046,0,1081,128,7,half
package_aa/000117137-1_1_1/000117137-1_1_1.png,1165,0,1200,128,8,half
package_aa/000117137-1_1_1/000117137-1_1_1.png,1474,0,1508,128,11,half
package_aa/000117137-1_1_1/000117137-1_1_1.png,1592,0,1627,128,12,half
package_aa/000117137-1_1_1/000117137-1_1_1.png,1711,0,1745,128,13,half
package_aa/000107032-31_1_1/000107032-31_1_1.png,316,0,363,143,1,whole
package_aa/000107032-31_1_1/000107032-31_1_1.png,1347,0,1394,143,10,whole
package_aa/000136155-1_1_1/000136155-1_1_1.png,292,0,329,172,1,thirty_second
package_aa/000136155-1_1_1/000136155-1_1_1.png,324,0,360,172,2,thirty_second
package_aa/000136155-1_1_1/000136155-1_1_1.png,476,0,512,172,4,thirty_second
package_aa/000136155-1_1_1/000136155-1_1_1.png,507,0,544,172,5,thirty_second
package_aa/000136155-1_1_1/000136155-1_1_1.png,690,0,727,172,7,thirty_second
package_aa/000136155-1_1_1/000136155-1_1_1.png,722,0,758,172,8,thirty_second
package_aa/000136155-1_1_1/000136155-1_1_1.png,1018,0,1055,172,11,thirty_second
package_aa/000136155-1_1_1/000136155-1_1_1.png,1050,0,1086,172,12,thirty_second
package_aa/000136155-1_1_1/000136155-1_1_1.png,1202,0,1238,172,14,thirty_second
package_aa/000136155-1_1_1/000136155-1_1_1.png,1233,0,1270,172,15,thirty_second
package_aa/000120505-1_1_2/000120505-1_1_2.png,663,0,699,154,3,thirty_second
package_aa/000120505-1_1_2/000120505-1_1_2.png,691,0,733,154,4,thirty_second
package_aa/000120505-1_1_2/000120505-1_1_2.png,1087,0,1123,154,11,thirty_second
package_aa/000120505-1_1_2/000120505-1_1_2.png,1114,0,1156,154,12,thirty_second
package_ab/220016015-1_1_1/220016015-1_1_1.png,1473,0,1520,154,10,whole
package_aa/000102297-1_1_1/000102297-1_1_1.png,473,0,509,145,8,thirty_second
package_aa/000102297-1_1_1/000102297-1_1_1.png,500,0,542,145,9,thirty_second
package_aa/000123589-7_1_1/000123589-7_1_1.png,216,0,258,175,0,thirty_second
package_aa/000123589-7_1_1/000123589-7_1_1.png,249,0,285,175,1,thirty_second
package_aa/000123589-7_1_1/000123589-7_1_1.png,277,0,319,175,2,thirty_second
package_aa/000123589-7_1_1/000123589-7_1_1.png,310,0,346,175,3,thirty_second
package_aa/000123589-7_1_1/000123589-7_1_1.png,337,0,379,175,4,thirty_second
package_aa/000123589-7_1_1/000123589-7_1_1.png,370,0,406,175,5,thirty_second
package_aa/000123589-7_1_1/000123589-7_1_1.png,421,0,463,175,6,thirty_second
package_aa/000123589-7_1_1/000123589-7_1_1.png,456,0,490,175,7,thirty_second
package_aa/000123589-7_1_1/000123589-7_1_1.png,485,0,522,175,8,thirty_second
package_aa/000123589-7_1_1/000123589-7_1_1.png,512,0,554,175,9,thirty_second
package_aa/000123589-7_1_1/000123589-7_1_1.png,542,0,584,175,10,thirty_second
package_aa/000123589-7_1_1/000123589-7_1_1.png,572,0,614,175,11,thirty_second
package_aa/000123589-7_1_1/000123589-7_1_1.png,605,0,641,175,12,thirty_second
package_aa/000123589-7_1_1/000123589-7_1_1.png,633,0,675,175,13,thirty_second
package_aa/000123589-7_1_1/000123589-7_1_1.png,666,0,702,175,14,thirty_second
package_aa/000123589-7_1_1/000123589-7_1_1.png,693,0,735,175,15,thirty_second
package_aa/000123589-7_1_1/000123589-7_1_1.png,726,0,762,175,16,thirty_second
package_aa/000123589-7_1_1/000123589-7_1_1.png,753,0,795,175,17,thirty_second
package_aa/000123589-7_1_1/000123589-7_1_1.png,788,0,822,175,18,thirty_second
package_aa/000123589-7_1_1/000123589-7_1_1.png,894,0,936,175,19,thirty_second
package_aa/000123589-7_1_1/000123589-7_1_1.png,928,0,962,175,20,thirty_second
package_aa/000123589-7_1_1/000123589-7_1_1.png,954,0,996,175,21,thirty_second
package_aa/000123589-7_1_1/000123589-7_1_1.png,989,0,1023,175,22,thirty_second
package_aa/000123589-7_1_1/000123589-7_1_1.png,1018,0,1054,175,23,thirty_second
package_aa/000123589-7_1_1/000123589-7_1_1.png,1045,0,1087,175,24,thirty_second
package_aa/000123589-7_1_1/000123589-7_1_1.png,1078,0,1114,175,25,thirty_second
package_ab/220014616-1_1_1/220014616-1_1_1.png,792,0,839,137,5,whole
package_ab/220014616-1_1_1/220014616-1_1_1.png,954,0,1015,137,6,whole
package_ab/220014616-1_1_1/220014616-1_1_1.png,1158,0,1219,137,7,whole
package_ab/201002156-1_2_1/201002156-1_2_1.png,979,0,1026,127,10,whole
package_ab/201004040-1_5_2/201004040-1_5_2.png,527,0,574,154,1,whole
package_ab/201004040-1_5_2/201004040-1_5_2.png,954,0,1015,154,5,whole
package_aa/000128972-1_1_2/000128972-1_1_2.png,1255,0,1302,154,8,whole
package_aa/000138798-1_3_1/000138798-1_3_1.png,725,0,772,164,10,thirty_second
package_aa/000138798-1_3_1/000138798-1_3_1.png,762,0,799,164,11,thirty_second
package_aa/000138798-1_3_1/000138798-1_3_1.png,788,0,835,164,12,thirty_second
package_aa/000138798-1_3_1/000138798-1_3_1.png,825,0,862,164,13,thirty_second
package_aa/000138798-1_3_1/000138798-1_3_1.png,857,0,893,164,14,thirty_second
package_aa/000138798-1_3_1/000138798-1_3_1.png,888,0,925,164,15,thirty_second
package_ab/220001535-1_15_2/220001535-1_15_2.png,340,0,401,145,0,whole
package_ab/230005405-1_2_1/230005405-1_2_1.png,213,0,260,117,0,whole
package_ab/230005405-1_2_1/230005405-1_2_1.png,668,0,715,117,3,whole
package_ab/230005405-1_2_1/230005405-1_2_1.png,861,0,908,117,4,whole
package_ab/230005405-1_2_1/230005405-1_2_1.png,1316,0,1363,117,7,whole
package_ab/230001159-1_2_2/230001159-1_2_2.png,693,0,740,154,3,whole
package_ab/230001159-1_2_2/230001159-1_2_2.png,992,0,1039,154,5,whole
package_ab/230001159-1_2_2/230001159-1_2_2.png,1413,0,1460,154,8,whole
package_ab/211006999-1_1_1/211006999-1_1_1.png,468,0,515,127,3,whole
package_ab/211006999-1_1_1/211006999-1_1_1.png,630,0,677,127,4,whole
package_ab/211006999-1_1_1/211006999-1_1_1.png,899,0,946,127,6,whole
package_ab/211006999-1_1_1/211006999-1_1_1.png,1223,0,1270,127,7,whole
package_ab/211006999-1_1_1/211006999-1_1_1.png,1385,0,1432,127,8,whole
package_ab/211006999-1_1_1/211006999-1_1_1.png,1547,0,1594,127,9,whole
package_ab/211006999-1_1_1/211006999-1_1_1.png,1815,0,1862,127,11,whole
package_aa/000131095-1_2_1/000131095-1_2_1.png,575,0,636,147,9,whole
package_aa/110002388-1_1_1/110002388-1_1_1.png,939,0,976,129,10,thirty_second
package_aa/110002388-1_1_1/110002388-1_1_1.png,971,0,1007,129,11,thirty_second
package_aa/100030101-1_4_1/100030101-1_4_1.png,151,0,198,127,0,whole
package_aa/100030101-1_4_1/100030101-1_4_1.png,1172,0,1219,127,10,whole
package_ab/201002383-1_1_1/201002383-1_1_1.png,1359,0,1406,143,14,whole
package_ab/190007498-1_1_1/190007498-1_1_1.png,154,0,215,118,0,whole
package_aa/000132338-1_1_1/000132338-1_1_1.png,548,0,585,128,6,thirty_second
package_aa/000132338-1_1_1/000132338-1_1_1.png,580,0,617,128,7,thirty_second
package_aa/000132338-1_1_1/000132338-1_1_1.png,612,0,648,128,8,thirty_second
package_aa/000132338-1_1_1/000132338-1_1_1.png,643,0,680,128,9,thirty_second
package_aa/000132338-1_1_1/000132338-1_1_1.png,674,0,711,128,10,thirty_second
package_aa/000132338-1_1_1/000132338-1_1_1.png,706,0,743,128,11,thirty_second
package_aa/000132338-1_1_1/000132338-1_1_1.png,739,0,775,128,12,thirty_second
package_aa/000132338-1_1_1/000132338-1_1_1.png,770,0,807,128,13,thirty_second
package_ab/220031293-1_1_1/220031293-1_1_1.png,157,0,204,124,0,whole
package_ab/220031293-1_1_1/220031293-1_1_1.png,262,0,309,124,1,whole
package_ab/220031293-1_1_1/220031293-1_1_1.png,367,0,414,124,2,whole
package_ab/220031293-1_1_1/220031293-1_1_1.png,472,0,519,124,3,whole
package_ab/220031293-1_1_1/220031293-1_1_1.png,737,0,784,124,4,whole
package_ab/220031293-1_1_1/220031293-1_1_1.png,842,0,889,124,5,whole
package_ab/220031293-1_1_1/220031293-1_1_1.png,1107,0,1154,124,6,whole
package_ab/220031293-1_1_1/220031293-1_1_1.png,1212,0,1259,124,7,whole
package_ab/190020073-1_1_1/190020073-1_1_1.png,226,0,273,190,0,thirty_second
package_ab/190020073-1_1_1/190020073-1_1_1.png,259,0,301,190,1,thirty_second
package_ab/190020073-1_1_1/190020073-1_1_1.png,286,0,333,190,2,thirty_second
package_ab/190020073-1_1_1/190020073-1_1_1.png,319,0,361,190,3,thirty_second
package_ab/190020073-1_1_1/190020073-1_1_1.png,346,0,393,190,4,thirty_second
package_ab/190020073-1_1_1/190020073-1_1_1.png,379,0,421,190,5,thirty_second
package_ab/190020073-1_1_1/190020073-1_1_1.png,407,0,454,190,6,thirty_second
package_ab/190020073-1_1_1/190020073-1_1_1.png,440,0,482,190,7,thirty_second
package_ab/190020073-1_1_1/190020073-1_1_1.png,467,0,514,190,8,thirty_second
package_ab/190020073-1_1_1/190020073-1_1_1.png,500,0,542,190,9,thirty_second
package_ab/190020073-1_1_1/190020073-1_1_1.png,527,0,574,190,10,thirty_second
package_ab/190020073-1_1_1/190020073-1_1_1.png,561,0,603,190,11,thirty_second
package_ab/190020073-1_1_1/190020073-1_1_1.png,594,0,630,190,12,thirty_second
package_ab/190020073-1_1_1/190020073-1_1_1.png,621,0,663,190,13,thirty_second
package_ab/190020073-1_1_1/190020073-1_1_1.png,654,0,690,190,14,thirty_second
package_ab/190020073-1_1_1/190020073-1_1_1.png,681,0,723,190,15,thirty_second
package_aa/000107792-1_1_1/000107792-1_1_1.png,196,0,243,170,0,whole
package_aa/000107792-1_1_1/000107792-1_1_1.png,571,0,618,170,2,whole
package_ab/211003243-1_1_1/211003243-1_1_1.png,161,0,208,151,0,whole
package_ab/211003243-1_1_1/211003243-1_1_1.png,432,0,479,151,3,whole
package_ab/211003243-1_1_1/211003243-1_1_1.png,921,0,968,151,4,whole
package_ab/211003243-1_1_1/211003243-1_1_1.png,1038,0,1085,151,5,whole
package_ab/211003243-1_1_1/211003243-1_1_1.png,1411,0,1458,151,7,whole
package_ab/211003243-1_1_1/211003243-1_1_1.png,1860,0,1907,151,10,whole
package_ab/190006169-1_1_1/190006169-1_1_1.png,291,0,338,126,1,whole
package_ab/190006169-1_1_1/190006169-1_1_1.png,591,0,638,126,3,whole
package_ab/190006169-1_1_1/190006169-1_1_1.png,889,0,936,126,5,whole
package_ab/190006169-1_1_1/190006169-1_1_1.png,1188,0,1235,126,7,whole
package_aa/100501306-1_1_1/100501306-1_1_1.png,252,0,299,127,0,whole
package_aa/100501306-1_1_1/100501306-1_1_1.png,549,0,596,127,2,whole
package_aa/100501306-1_1_1/100501306-1_1_1.png,1190,0,1237,127,6,whole
package_ab/220031615-1_1_1/220031615-1_1_1.png,292,0,339,127,0,whole
package_ab/220031615-1_1_1/220031615-1_1_1.png,396,0,457,127,1,whole
package_ab/220031615-1_1_1/220031615-1_1_1.png,513,0,560,127,2,whole
package_ab/220031615-1_1_1/220031615-1_1_1.png,617,0,678,127,3,whole
package_ab/220031615-1_1_1/220031615-1_1_1.png,1399,0,1460,127,4,whole
package_ab/220031615-1_1_1/220031615-1_1_1.png,1516,0,1563,127,5,whole
package_ab/220031615-1_1_1/220031615-1_1_1.png,1788,0,1849,127,6,whole
package_aa/000103949-1_1_1/000103949-1_1_1.png,284,0,331,147,0,whole
package_aa/000103949-1_1_1/000103949-1_1_1.png,1097,0,1144,147,5,whole
package_ab/225003904-1_1_1/225003904-1_1_1.png,294,0,341,119,1,whole
package_ab/225003904-1_1_1/225003904-1_1_1.png,588,0,649,119,3,whole
package_ab/225003904-1_1_1/225003904-1_1_1.png,895,0,942,119,5,whole
package_ab/225003904-1_1_1/225003904-1_1_1.png,1196,0,1243,119,7,whole
package_aa/000140788-1_1_2/000140788-1_1_2.png,640,0,674,181,3,thirty_second
package_aa/000140788-1_1_2/000140788-1_1_2.png,666,0,708,181,4,thirty_second
package_aa/000140788-1_1_2/000140788-1_1_2.png,701,0,735,181,5,thirty_second
package_aa/000140788-1_1_2/000140788-1_1_2.png,730,0,767,181,6,thirty_second
package_aa/000140788-1_1_2/000140788-1_1_2.png,817,0,859,181,9,thirty_second
package_aa/000140788-1_1_2/000140788-1_1_2.png,852,0,886,181,10,thirty_second
package_aa/000140788-1_1_2/000140788-1_1_2.png,881,0,918,181,11,thirty_second
package_aa/000140788-1_1_2/000140788-1_1_2.png,912,0,946,181,12,thirty_second
package_aa/000140788-1_1_2/000140788-1_1_2.png,938,0,980,181,13,thirty_second
package_aa/000140788-1_1_2/000140788-1_1_2.png,973,0,1007,181,14,thirty_second
package_aa/000140788-1_1_2/000140788-1_1_2.png,998,0,1040,181,15,thirty_second
package_aa/000140788-1_1_2/000140788-1_1_2.png,1032,0,1068,181,16,thirty_second
package_ab/220030760-1_1_2/220030760-1_1_2.png,299,0,360,118,0,whole
package_ab/220030760-1_1_2/220030760-1_1_2.png,465,0,526,118,3,whole
package_ab/200020992-1_2_1/200020992-1_2_1.png,414,0,450,176,5,thirty_second
package_ab/200020992-1_2_1/200020992-1_2_1.png,446,0,483,176,6,thirty_second
package_ab/200020992-1_2_1/200020992-1_2_1.png,477,0,514,176,7,thirty_second
package_ab/200020992-1_2_1/200020992-1_2_1.png,509,0,545,176,8,thirty_second
package_ab/200020992-1_2_1/200020992-1_2_1.png,562,0,598,176,9,thirty_second
package_ab/200020992-1_2_1/200020992-1_2_1.png,593,0,630,176,10,thirty_second
package_ab/200020992-1_2_1/200020992-1_2_1.png,625,0,661,176,11,thirty_second
package_ab/200020992-1_2_1/200020992-1_2_1.png,656,0,692,176,12,thirty_second
package_ab/200020992-1_2_1/200020992-1_2_1.png,688,0,724,176,13,thirty_second
package_ab/200020992-1_2_1/200020992-1_2_1.png,719,0,756,176,14,thirty_second
package_ab/200020992-1_2_1/200020992-1_2_1.png,752,0,788,176,15,thirty_second
package_ab/200020992-1_2_1/200020992-1_2_1.png,783,0,819,176,16,thirty_second
package_ab/200020992-1_2_1/200020992-1_2_1.png,835,0,871,176,17,thirty_second
package_ab/200020992-1_2_1/200020992-1_2_1.png,866,0,903,176,18,thirty_second
package_ab/200020992-1_2_1/200020992-1_2_1.png,898,0,934,176,19,thirty_second
package_ab/200020992-1_2_1/200020992-1_2_1.png,930,0,966,176,20,thirty_second
package_ab/200020992-1_2_1/200020992-1_2_1.png,1014,0,1051,176,21,thirty_second
package_ab/200020992-1_2_1/200020992-1_2_1.png,1046,0,1082,176,22,thirty_second
package_ab/200020992-1_2_1/200020992-1_2_1.png,1077,0,1114,176,23,thirty_second
package_ab/200020992-1_2_1/200020992-1_2_1.png,1109,0,1146,176,24,thirty_second
package_ab/200020992-1_2_1/200020992-1_2_1.png,1141,0,1178,176,25,thirty_second
package_ab/200020992-1_2_1/200020992-1_2_1.png,1173,0,1209,176,26,thirty_second
package_ab/200020992-1_2_1/200020992-1_2_1.png,1204,0,1241,176,27,thirty_second
package_ab/200020992-1_2_1/200020992-1_2_1.png,1236,0,1273,176,28,thirty_second
package_ab/201007550-1_1_1/201007550-1_1_1.png,935,0,996,133,6,whole
package_ab/230003694-1_15_1/230003694-1_15_1.png,1568,0,1615,119,9,whole
package_ab/230003694-1_15_1/230003694-1_15_1.png,1792,0,1839,119,10,whole
package_aa/000101323-1_1_2/000101323-1_1_2.png,748,0,785,154,8,thirty_second
package_aa/000104820-1_3_1/000104820-1_3_1.png,274,0,310,181,0,thirty_second
package_aa/000104820-1_3_1/000104820-1_3_1.png,304,0,340,181,1,thirty_second
package_aa/000104820-1_3_1/000104820-1_3_1.png,331,0,373,181,2,thirty_second
package_aa/000104820-1_3_1/000104820-1_3_1.png,361,0,403,181,3,thirty_second
package_aa/000104820-1_3_1/000104820-1_3_1.png,551,0,588,181,5,thirty_second
package_aa/000104820-1_3_1/000104820-1_3_1.png,581,0,617,181,6,thirty_second
package_aa/000104820-1_3_1/000104820-1_3_1.png,611,0,647,181,7,thirty_second
package_aa/000104820-1_3_1/000104820-1_3_1.png,643,0,677,181,8,thirty_second
package_aa/000104820-1_3_1/000104820-1_3_1.png,824,0,866,181,10,thirty_second
package_aa/000104820-1_3_1/000104820-1_3_1.png,858,0,894,181,11,thirty_second
package_aa/000104820-1_3_1/000104820-1_3_1.png,888,0,924,181,12,thirty_second
package_aa/000104820-1_3_1/000104820-1_3_1.png,918,0,954,181,13,thirty_second
package_aa/000104820-1_3_1/000104820-1_3_1.png,1056,0,1098,181,15,thirty_second
package_aa/000104820-1_3_1/000104820-1_3_1.png,1086,0,1128,181,16,thirty_second
package_aa/000104820-1_3_1/000104820-1_3_1.png,1117,0,1159,181,17,thirty_second
package_aa/000104820-1_3_1/000104820-1_3_1.png,1147,0,1189,181,18,thirty_second
package_aa/000101447-1_2_1/000101447-1_2_1.png,257,0,294,156,0,thirty_second
package_aa/000101447-1_2_1/000101447-1_2_1.png,289,0,325,156,1,thirty_second
package_aa/000101447-1_2_1/000101447-1_2_1.png,320,0,357,156,2,thirty_second
package_aa/000101447-1_2_1/000101447-1_2_1.png,901,0,938,156,12,thirty_second
package_aa/000101447-1_2_1/000101447-1_2_1.png,934,0,970,156,13,thirty_second
package_aa/000101447-1_2_1/000101447-1_2_1.png,965,0,1002,156,14,thirty_second
package_ab/220030368-1_1_2/220030368-1_1_2.png,158,0,205,118,0,whole
package_ab/220030368-1_1_2/220030368-1_1_2.png,738,0,785,118,5,whole
package_aa/100500727-1_9_1/100500727-1_9_1.png,161,0,208,123,0,whole
package_aa/100500727-1_9_1/100500727-1_9_1.png,356,0,403,123,1,whole
package_aa/100500727-1_9_1/100500727-1_9_1.png,550,0,597,123,2,whole
package_aa/100500727-1_9_1/100500727-1_9_1.png,745,0,792,123,3,whole
package_aa/100500727-1_9_1/100500727-1_9_1.png,939,0,986,123,4,whole
package_aa/100500727-1_9_1/100500727-1_9_1.png,1134,0,1181,123,5,whole
package_aa/000125802-1_1_1/000125802-1_1_1.png,455,0,492,135,5,thirty_second
package_aa/000125802-1_1_1/000125802-1_1_1.png,487,0,524,135,6,thirty_second
package_aa/000125802-1_1_1/000125802-1_1_1.png,518,0,555,135,7,thirty_second
package_aa/000125802-1_1_1/000125802-1_1_1.png,550,0,587,135,8,thirty_second
package_aa/000125802-1_1_1/000125802-1_1_1.png,581,0,618,135,9,thirty_second
package_aa/000125802-1_1_1/000125802-1_1_1.png,613,0,650,135,10,thirty_second
package_aa/000125802-1_1_1/000125802-1_1_1.png,644,0,681,135,11,thirty_second
package_aa/000125802-1_1_1/000125802-1_1_1.png,676,0,713,135,12,thirty_second
package_aa/000125802-1_1_1/000125802-1_1_1.png,707,0,744,135,13,thirty_second
package_aa/000125802-1_1_1/000125802-1_1_1.png,739,0,776,135,14,thirty_second
package_aa/110001319-1_3_1/110001319-1_3_1.png,394,0,441,125,3,whole
package_ab/220030264-1_1_2/220030264-1_1_2.png,753,0,800,101,6,whole
package_aa/000106233-1_1_1/000106233-1_1_1.png,164,0,211,106,0,whole
package_aa/000106233-1_1_1/000106233-1_1_1.png,1258,0,1305,106,7,whole
package_aa/000115818-1_1_1/000115818-1_1_1.png,1255,0,1292,147,13,thirty_second
package_aa/000115818-1_1_1/000115818-1_1_1.png,1292,0,1329,147,14,thirty_second
package_aa/000115818-1_1_1/000115818-1_1_1.png,1329,0,1366,147,15,thirty_second
package_aa/000115818-1_1_1/000115818-1_1_1.png,1366,0,1403,147,16,thirty_second
package_aa/000115818-1_1_1/000115818-1_1_1.png,1493,0,1540,147,18,thirty_second
package_aa/000115818-1_1_1/000115818-1_1_1.png,1530,0,1577,147,19,thirty_second
package_aa/000115818-1_1_1/000115818-1_1_1.png,1567,0,1614,147,20,thirty_second
package_aa/000115818-1_1_1/000115818-1_1_1.png,1604,0,1651,147,21,thirty_second
package_aa/000115818-1_1_1/000115818-1_1_1.png,1742,0,1779,147,23,thirty_second
package_aa/000115818-1_1_1/000115818-1_1_1.png,1779,0,1816,147,24,thirty_second
package_aa/000115818-1_1_1/000115818-1_1_1.png,1816,0,1853,147,25,thirty_second
package_aa/000115818-1_1_1/000115818-1_1_1.png,1853,0,1890,147,26,thirty_second
package_aa/000131063-1_1_2/000131063-1_1_2.png,340,0,387,117,0,whole
package_aa/000131063-1_1_2/000131063-1_1_2.png,535,0,582,117,1,whole
package_ab/211004504-1_2_1/211004504-1_2_1.png,664,0,711,125,0,whole
package_ab/211004504-1_2_1/211004504-1_2_1.png,958,0,1005,125,6,whole
package_ab/211004504-1_2_1/211004504-1_2_1.png,1072,0,1119,125,8,whole
package_ab/211004504-1_2_1/211004504-1_2_1.png,1186,0,1233,125,10,whole
package_aa/000104136-1_1_1/000104136-1_1_1.png,310,0,357,147,0,whole
package_aa/000104136-1_1_1/000104136-1_1_1.png,498,0,559,147,1,whole
package_ab/220030055-1_1_2/220030055-1_1_2.png,158,0,205,118,0,whole
package_ab/220030055-1_1_2/220030055-1_1_2.png,738,0,785,118,5,whole
package_ab/220030055-1_1_2/220030055-1_1_2.png,898,0,945,118,6,whole
package_aa/000102258-1_1_1/000102258-1_1_1.png,194,0,241,123,0,whole
package_aa/000102258-1_1_1/000102258-1_1_1.png,693,0,754,123,4,whole
package_ab/220001288-1_42_1/220001288-1_42_1.png,880,0,927,117,3,whole
package_aa/100500760-1_12_1/100500760-1_12_1.png,155,0,202,126,0,whole
package_aa/100500760-1_12_1/100500760-1_12_1.png,349,0,396,126,1,whole
package_aa/100500760-1_12_1/100500760-1_12_1.png,543,0,590,126,2,whole
package_aa/100500760-1_12_1/100500760-1_12_1.png,737,0,784,126,3,whole
package_aa/100500760-1_12_1/100500760-1_12_1.png,931,0,978,126,4,whole
package_aa/100500760-1_12_1/100500760-1_12_1.png,1125,0,1172,126,5,whole
package_ab/212001727-1_3_1/212001727-1_3_1.png,402,0,439,155,4,thirty_second
package_ab/212001727-1_3_1/212001727-1_3_1.png,434,0,470,155,5,thirty_second
package_ab/212001727-1_3_1/212001727-1_3_1.png,465,0,502,155,6,thirty_second
package_ab/212001727-1_3_1/212001727-1_3_1.png,497,0,533,155,7,thirty_second
package_ab/212001727-1_3_1/212001727-1_3_1.png,552,0,588,155,8,thirty_second
package_ab/212001727-1_3_1/212001727-1_3_1.png,584,0,620,155,9,thirty_second
package_ab/212001727-1_3_1/212001727-1_3_1.png,614,0,651,155,10,thirty_second
package_ab/212001727-1_3_1/212001727-1_3_1.png,646,0,683,155,11,thirty_second
package_ab/220031880-1_1_1/220031880-1_1_1.png,157,0,204,109,0,whole
package_ab/220031880-1_1_1/220031880-1_1_1.png,737,0,784,109,5,whole
package_aa/100029221-1_1_1/100029221-1_1_1.png,123,0,170,137,0,whole
package_aa/100029221-1_1_1/100029221-1_1_1.png,493,0,540,137,3,whole
package_aa/100029221-1_1_1/100029221-1_1_1.png,759,0,806,137,4,whole
package_aa/100029221-1_1_1/100029221-1_1_1.png,1300,0,1347,137,10,whole
package_ab/190012601-1_1_1/190012601-1_1_1.png,1821,0,1882,150,21,whole
package_ab/220013525-1_1_1/220013525-1_1_1.png,207,0,254,109,0,whole
package_ab/220013525-1_1_1/220013525-1_1_1.png,635,0,696,109,2,whole
package_aa/000117085-1_1_1/000117085-1_1_1.png,263,0,300,170,0,thirty_second
package_aa/000117085-1_1_1/000117085-1_1_1.png,313,0,350,170,1,thirty_second
package_aa/000117085-1_1_1/000117085-1_1_1.png,345,0,382,170,2,thirty_second
package_aa/000117085-1_1_1/000117085-1_1_1.png,376,0,413,170,3,thirty_second
package_aa/000117085-1_1_1/000117085-1_1_1.png,427,0,463,170,4,thirty_second
package_aa/000117085-1_1_1/000117085-1_1_1.png,458,0,494,170,5,thirty_second
package_aa/000117085-1_1_1/000117085-1_1_1.png,490,0,526,170,6,thirty_second
package_aa/000117085-1_1_1/000117085-1_1_1.png,521,0,558,170,7,thirty_second
package_aa/000117085-1_1_1/000117085-1_1_1.png,603,0,640,170,8,thirty_second
package_aa/000117085-1_1_1/000117085-1_1_1.png,635,0,672,170,9,thirty_second
package_aa/000117085-1_1_1/000117085-1_1_1.png,667,0,704,170,10,thirty_second
package_aa/000117085-1_1_1/000117085-1_1_1.png,698,0,735,170,11,thirty_second
package_aa/000117085-1_1_1/000117085-1_1_1.png,730,0,766,170,12,thirty_second
package_aa/000117085-1_1_1/000117085-1_1_1.png,762,0,798,170,13,thirty_second
package_aa/000117085-1_1_1/000117085-1_1_1.png,793,0,830,170,14,thirty_second
package_ab/230005854-1_1_1/230005854-1_1_1.png,171,0,213,155,0,thirty_second
package_ab/230005854-1_1_1/230005854-1_1_1.png,200,0,247,155,1,thirty_second
package_ab/230005854-1_1_1/230005854-1_1_1.png,238,0,274,155,2,thirty_second
package_ab/230005854-1_1_1/230005854-1_1_1.png,269,0,305,155,3,thirty_second
package_ab/230005854-1_1_1/230005854-1_1_1.png,665,0,707,155,10,thirty_second
package_ab/230005854-1_1_1/230005854-1_1_1.png,693,0,740,155,11,thirty_second
package_ab/230005854-1_1_1/230005854-1_1_1.png,731,0,767,155,12,thirty_second
package_ab/230005854-1_1_1/230005854-1_1_1.png,762,0,798,155,13,thirty_second
package_aa/000133033-1_1_2/000133033-1_1_2.png,554,0,601,154,2,whole
package_ab/220031465-1_1_1/220031465-1_1_1.png,312,0,359,122,0,whole
package_ab/220031465-1_1_1/220031465-1_1_1.png,435,0,482,122,1,whole
package_ab/220031465-1_1_1/220031465-1_1_1.png,740,0,801,122,2,whole
package_ab/220031465-1_1_1/220031465-1_1_1.png,994,0,1041,122,3,whole
package_ab/220031465-1_1_1/220031465-1_1_1.png,1542,0,1589,122,12,whole
package_aa/000104157-1_1_1/000104157-1_1_1.png,1781,0,1842,127,14,whole
package_ab/190012441-1_1_1/190012441-1_1_1.png,319,0,366,126,3,whole
package_ab/190012441-1_1_1/190012441-1_1_1.png,510,0,557,126,5,whole
package_ab/190012441-1_1_1/190012441-1_1_1.png,1204,0,1251,126,14,whole
package_ab/190012441-1_1_1/190012441-1_1_1.png,1519,0,1566,126,18,whole
package_ab/190012441-1_1_1/190012441-1_1_1.png,1710,0,1757,126,20,whole
package_aa/000107384-1_2_1/000107384-1_2_1.png,819,0,861,130,13,thirty_second
package_aa/000107384-1_2_1/000107384-1_2_1.png,853,0,889,130,14,thirty_second
package_ab/150204292-1_1_1/150204292-1_1_1.png,174,0,221,137,0,whole
package_ab/150204292-1_1_1/150204292-1_1_1.png,405,0,452,137,1,whole
package_aa/000106236-1_1_2/000106236-1_1_2.png,208,0,250,165,1,thirty_second
package_aa/000106236-1_1_2/000106236-1_1_2.png,238,0,280,165,2,thirty_second
package_aa/000106236-1_1_2/000106236-1_1_2.png,269,0,311,165,3,thirty_second
package_aa/000106236-1_1_2/000106236-1_1_2.png,296,0,343,165,4,thirty_second
package_aa/000106236-1_1_2/000106236-1_1_2.png,382,0,424,165,5,thirty_second
package_aa/000106236-1_1_2/000106236-1_1_2.png,439,0,475,165,6,thirty_second
package_aa/000106236-1_1_2/000106236-1_1_2.png,470,0,507,165,7,thirty_second
package_aa/000106236-1_1_2/000106236-1_1_2.png,501,0,535,165,8,thirty_second
package_aa/000106236-1_1_2/000106236-1_1_2.png,581,0,623,165,9,thirty_second
package_aa/000106236-1_1_2/000106236-1_1_2.png,614,0,650,165,10,thirty_second
package_aa/000106236-1_1_2/000106236-1_1_2.png,641,0,683,165,11,thirty_second
package_aa/000106236-1_1_2/000106236-1_1_2.png,669,0,716,165,12,thirty_second
package_aa/000106236-1_1_2/000106236-1_1_2.png,755,0,797,165,13,thirty_second
package_aa/000106236-1_1_2/000106236-1_1_2.png,788,0,824,165,14,thirty_second
package_aa/000106236-1_1_2/000106236-1_1_2.png,815,0,857,165,15,thirty_second
package_aa/000106236-1_1_2/000106236-1_1_2.png,849,0,885,165,16,thirty_second
package_aa/100501005-1_3_3/100501005-1_3_3.png,126,0,173,132,0,whole
package_aa/100501005-1_3_3/100501005-1_3_3.png,265,0,312,132,1,whole
package_aa/100501005-1_3_3/100501005-1_3_3.png,741,0,788,132,6,whole
package_ab/212003488-1_1_1/212003488-1_1_1.png,1624,0,1671,153,11,whole
package_aa/000104082-1_1_1/000104082-1_1_1.png,156,0,203,125,0,whole
package_aa/000104082-1_1_1/000104082-1_1_1.png,833,0,880,125,5,whole
package_aa/000104082-1_1_1/000104082-1_1_1.png,993,0,1040,125,6,whole
package_aa/000131047-1_1_1/000131047-1_1_1.png,348,0,409,145,1,whole
package_aa/000113841-1_1_1/000113841-1_1_1.png,225,0,272,151,0,whole
package_ab/190026396-1_1_1/190026396-1_1_1.png,119,0,166,127,0,whole
package_ab/190026396-1_1_1/190026396-1_1_1.png,702,0,749,127,13,whole
package_aa/000111144-1_1_1/000111144-1_1_1.png,626,0,668,145,6,thirty_second
package_aa/000111144-1_1_1/000111144-1_1_1.png,659,0,695,145,7,thirty_second
package_aa/000111144-1_1_1/000111144-1_1_1.png,686,0,728,145,8,thirty_second
package_aa/000111144-1_1_1/000111144-1_1_1.png,719,0,755,145,9,thirty_second
package_aa/000111144-1_1_1/000111144-1_1_1.png,746,0,788,145,10,thirty_second
package_aa/000111144-1_1_1/000111144-1_1_1.png,781,0,815,145,11,thirty_second
package_aa/000111144-1_1_1/000111144-1_1_1.png,807,0,849,145,12,thirty_second
package_ab/201002454-1_1_1/201002454-1_1_1.png,923,0,970,124,5,whole
package_ab/201002454-1_1_1/201002454-1_1_1.png,1118,0,1165,124,6,whole
package_ab/220011739-1_1_1/220011739-1_1_1.png,415,0,476,137,1,whole
package_ab/220011739-1_1_1/220011739-1_1_1.png,904,0,951,137,4,whole
package_ab/220011739-1_1_1/220011739-1_1_1.png,1119,0,1166,137,5,whole
package_aa/000103985-1_1_1/000103985-1_1_1.png,155,0,202,126,0,whole
package_ab/220032115-1_1_1/220032115-1_1_1.png,224,0,271,126,0,whole
package_ab/220032115-1_1_1/220032115-1_1_1.png,329,0,376,126,1,whole
package_ab/220032115-1_1_1/220032115-1_1_1.png,434,0,481,126,2,whole
package_ab/220032115-1_1_1/220032115-1_1_1.png,539,0,586,126,3,whole
package_ab/220032115-1_1_1/220032115-1_1_1.png,644,0,691,126,4,whole
package_ab/220032115-1_1_1/220032115-1_1_1.png,887,0,934,126,6,whole
package_ab/220032115-1_1_1/220032115-1_1_1.png,1061,0,1108,126,8,whole
package_aa/000141617-1_1_1/000141617-1_1_1.png,441,0,502,136,2,whole
package_ab/211008440-1_17_1/211008440-1_17_1.png,446,0,482,172,7,thirty_second
package_ab/211008440-1_17_1/211008440-1_17_1.png,474,0,516,172,8,thirty_second
package_ab/211008440-1_17_1/211008440-1_17_1.png,507,0,543,172,9,thirty_second
package_ab/211008440-1_17_1/211008440-1_17_1.png,534,0,576,172,10,thirty_second
package_ab/211008440-1_17_1/211008440-1_17_1.png,1092,0,1134,172,24,thirty_second
package_ab/211008440-1_17_1/211008440-1_17_1.png,1125,0,1161,172,25,thirty_second
package_aa/000132732-1_1_1/000132732-1_1_1.png,122,0,169,126,0,whole
package_aa/000132732-1_1_1/000132732-1_1_1.png,316,0,363,126,1,whole
package_ab/210000162-1_1_1/210000162-1_1_1.png,154,0,201,127,0,whole
package_aa/000100475-12_1_1/000100475-12_1_1.png,204,0,241,173,1,thirty_second
package_aa/000100475-12_1_1/000100475-12_1_1.png,236,0,272,173,2,thirty_second
package_aa/000100475-12_1_1/000100475-12_1_1.png,595,0,632,173,9,thirty_second
package_aa/000100475-12_1_1/000100475-12_1_1.png,646,0,683,173,10,thirty_second
package_aa/100501027-1_1_1/100501027-1_1_1.png,633,0,680,125,3,whole
package_aa/100501027-1_1_1/100501027-1_1_1.png,827,0,874,125,4,whole
package_aa/100501027-1_1_1/100501027-1_1_1.png,1148,0,1195,125,5,whole
package_ab/220001009-1_1_1/220001009-1_1_1.png,1798,0,1845,147,14,whole
package_ab/220030991-1_1_1/220030991-1_1_1.png,152,0,213,73,0,whole
package_ab/220030991-1_1_1/220030991-1_1_1.png,257,0,318,73,1,whole
package_ab/220030991-1_1_1/220030991-1_1_1.png,368,0,415,73,2,whole
package_ab/220030991-1_1_1/220030991-1_1_1.png,633,0,680,73,3,whole
package_ab/220030991-1_1_1/220030991-1_1_1.png,898,0,945,73,4,whole
package_aa/000120468-1_1_1/000120468-1_1_1.png,151,0,198,152,0,whole
package_aa/000120468-1_1_1/000120468-1_1_1.png,450,0,497,152,2,whole
package_ab/190004776-1_1_1/190004776-1_1_1.png,155,0,216,118,0,whole
package_ab/190004776-1_1_1/190004776-1_1_1.png,1216,0,1277,118,9,whole
package_ab/211003881-1_6_1/211003881-1_6_1.png,161,0,208,142,0,whole
package_ab/211003881-1_6_1/211003881-1_6_1.png,230,0,277,142,1,whole
package_ab/211003881-1_6_1/211003881-1_6_1.png,404,0,451,142,2,whole
package_ab/211003881-1_6_1/211003881-1_6_1.png,473,0,520,142,3,whole
package_ab/211003881-1_6_1/211003881-1_6_1.png,542,0,589,142,4,whole
package_ab/211003881-1_6_1/211003881-1_6_1.png,611,0,658,142,5,whole
package_ab/211003881-1_6_1/211003881-1_6_1.png,680,0,727,142,6,whole
package_ab/211003881-1_6_1/211003881-1_6_1.png,749,0,796,142,7,whole
package_ab/211003881-1_6_1/211003881-1_6_1.png,818,0,865,142,8,whole
package_ab/211003881-1_6_1/211003881-1_6_1.png,887,0,934,142,9,whole
package_ab/211003881-1_6_1/211003881-1_6_1.png,956,0,1003,142,10,whole
package_ab/211003881-1_6_1/211003881-1_6_1.png,1025,0,1072,142,11,whole
package_ab/211003881-1_6_1/211003881-1_6_1.png,1094,0,1141,142,12,whole
package_aa/000124572-1_2_1/000124572-1_2_1.png,634,0,681,156,13,whole
package_aa/000124572-1_2_1/000124572-1_2_1.png,1308,0,1355,156,27,whole
package_ab/201008108-1_1_1/201008108-1_1_1.png,840,0,887,125,8,whole
package_ab/201008108-1_1_1/201008108-1_1_1.png,1035,0,1082,125,9,whole
package_aa/000118329-1_2_1/000118329-1_2_1.png,178,0,239,127,0,whole
package_aa/000118329-1_2_1/000118329-1_2_1.png,372,0,433,127,1,whole
package_aa/000118329-1_2_1/000118329-1_2_1.png,567,0,628,127,2,whole
package_aa/000118329-1_2_1/000118329-1_2_1.png,1002,0,1063,127,5,whole
package_aa/100501002-1_3_3/100501002-1_3_3.png,130,0,177,134,0,whole
package_aa/100501002-1_3_3/100501002-1_3_3.png,611,0,658,134,3,whole
package_aa/100501002-1_3_3/100501002-1_3_3.png,1359,0,1406,134,8,whole
package_aa/100501002-1_3_3/100501002-1_3_3.png,1582,0,1629,134,9,whole
package_aa/100501002-1_3_3/100501002-1_3_3.png,1799,0,1846,134,10,whole
package_aa/100015357-1_2_1/100015357-1_2_1.png,162,0,209,153,0,whole
package_aa/100015357-1_2_1/100015357-1_2_1.png,667,0,714,153,3,whole
package_aa/100015357-1_2_1/100015357-1_2_1.png,1080,0,1127,153,4,whole
package_ab/225002063-1_1_1/225002063-1_1_1.png,243,0,280,178,1,thirty_second
package_ab/225002063-1_1_1/225002063-1_1_1.png,275,0,311,178,2,thirty_second
package_ab/225002063-1_1_1/225002063-1_1_1.png,527,0,564,178,10,thirty_second
package_ab/225002063-1_1_1/225002063-1_1_1.png,560,0,596,178,11,thirty_second
package_ab/225002063-1_1_1/225002063-1_1_1.png,842,0,879,178,19,thirty_second
package_ab/225002063-1_1_1/225002063-1_1_1.png,874,0,910,178,20,thirty_second
package_ab/225002063-1_1_1/225002063-1_1_1.png,1095,0,1132,178,27,thirty_second
package_ab/225002063-1_1_1/225002063-1_1_1.png,1127,0,1164,178,28,thirty_second
package_ab/225002063-1_1_1/225002063-1_1_1.png,1331,0,1368,178,34,thirty_second
package_ab/225002063-1_1_1/225002063-1_1_1.png,1363,0,1399,178,35,thirty_second
package_ab/225002063-1_1_1/225002063-1_1_1.png,1415,0,1452,178,36,thirty_second
package_ab/225002063-1_1_1/225002063-1_1_1.png,1447,0,1483,178,37,thirty_second
package_ab/220000682-1_5_1/220000682-1_5_1.png,666,0,713,127,5,whole
package_aa/000106220-1_1_1/000106220-1_1_1.png,161,0,208,106,0,whole
package_aa/000106220-1_1_1/000106220-1_1_1.png,1078,0,1125,106,7,whole
package_ab/200044019-1_1_1/200044019-1_1_1.png,635,0,682,145,3,whole
package_aa/100500722-1_1_2/100500722-1_1_2.png,334,0,381,135,0,whole
package_aa/100500722-1_1_2/100500722-1_1_2.png,1178,0,1225,135,5,whole
package_ab/190013444-1_1_1/190013444-1_1_1.png,507,0,554,109,4,whole
package_ab/190013444-1_1_1/190013444-1_1_1.png,1110,0,1171,109,10,whole
package_ab/190013444-1_1_1/190013444-1_1_1.png,1719,0,1780,109,16,whole
package_ab/212001087-1_5_1/212001087-1_5_1.png,828,0,865,181,14,thirty_second
package_ab/212001087-1_5_1/212001087-1_5_1.png,860,0,896,181,15,thirty_second
package_ab/212001087-1_5_1/212001087-1_5_1.png,891,0,928,181,16,thirty_second
package_ab/212001087-1_5_1/212001087-1_5_1.png,923,0,959,181,17,thirty_second
package_ab/220034342-1_1_1/220034342-1_1_1.png,163,0,210,125,0,whole
package_aa/000104033-1_2_1/000104033-1_2_1.png,152,0,213,127,0,whole
package_aa/000104033-1_2_1/000104033-1_2_1.png,347,0,408,127,1,whole
package_aa/000104033-1_2_1/000104033-1_2_1.png,542,0,603,127,2,whole
package_aa/000104033-1_2_1/000104033-1_2_1.png,1216,0,1277,127,7,whole
package_ab/212003090-1_1_1/212003090-1_1_1.png,159,0,201,150,0,thirty_second
package_ab/212003090-1_1_1/212003090-1_1_1.png,187,0,234,150,1,thirty_second
package_ab/212003090-1_1_1/212003090-1_1_1.png,219,0,261,150,2,thirty_second
package_ab/212003090-1_1_1/212003090-1_1_1.png,252,0,288,150,3,thirty_second
package_ab/212003090-1_1_1/212003090-1_1_1.png,280,0,322,150,4,thirty_second
package_ab/212003090-1_1_1/212003090-1_1_1.png,313,0,349,150,5,thirty_second
package_ab/212003090-1_1_1/212003090-1_1_1.png,340,0,382,150,6,thirty_second
package_aa/000117687-4_1_1/000117687-4_1_1.png,134,0,181,142,0,whole
package_aa/000117687-4_1_1/000117687-4_1_1.png,744,0,791,142,5,whole
package_aa/100500712-1_1_3/100500712-1_1_3.png,126,0,173,145,0,whole
package_aa/100500712-1_1_3/100500712-1_1_3.png,1095,0,1142,145,8,whole
package_ab/190005749-1_1_1/190005749-1_1_1.png,156,0,203,126,0,whole
package_ab/190005749-1_1_1/190005749-1_1_1.png,967,0,1014,126,7,whole
package_aa/000135999-1_1_1/000135999-1_1_1.png,201,0,237,182,0,thirty_second
package_aa/000135999-1_1_1/000135999-1_1_1.png,233,0,269,182,1,thirty_second
package_aa/000135999-1_1_1/000135999-1_1_1.png,265,0,301,182,2,thirty_second
package_aa/000135999-1_1_1/000135999-1_1_1.png,296,0,332,182,3,thirty_second
package_aa/000135999-1_1_1/000135999-1_1_1.png,328,0,364,182,4,thirty_second
package_aa/000135999-1_1_1/000135999-1_1_1.png,360,0,396,182,5,thirty_second
package_aa/000135999-1_1_1/000135999-1_1_1.png,391,0,427,182,6,thirty_second
package_aa/000135999-1_1_1/000135999-1_1_1.png,423,0,459,182,7,thirty_second
package_aa/000135999-1_1_1/000135999-1_1_1.png,455,0,491,182,8,thirty_second
package_aa/000135999-1_1_1/000135999-1_1_1.png,486,0,522,182,9,thirty_second
package_aa/000135999-1_1_1/000135999-1_1_1.png,518,0,554,182,10,thirty_second
package_aa/000135999-1_1_1/000135999-1_1_1.png,550,0,586,182,11,thirty_second
package_aa/000135999-1_1_1/000135999-1_1_1.png,581,0,618,182,12,thirty_second
package_aa/000135999-1_1_1/000135999-1_1_1.png,613,0,650,182,13,thirty_second
package_aa/000135999-1_1_1/000135999-1_1_1.png,644,0,681,182,14,thirty_second
package_aa/000135999-1_1_1/000135999-1_1_1.png,676,0,713,182,15,thirty_second
package_aa/000135999-1_1_1/000135999-1_1_1.png,708,0,745,182,16,thirty_second
package_aa/000135999-1_1_1/000135999-1_1_1.png,739,0,776,182,17,thirty_second
package_aa/000135999-1_1_1/000135999-1_1_1.png,771,0,808,182,18,thirty_second
package_aa/000135999-1_1_1/000135999-1_1_1.png,803,0,840,182,19,thirty_second
package_aa/000135999-1_1_1/000135999-1_1_1.png,834,0,871,182,20,thirty_second
package_aa/000135999-1_1_1/000135999-1_1_1.png,866,0,903,182,21,thirty_second
package_aa/000135999-1_1_1/000135999-1_1_1.png,898,0,935,182,22,thirty_second
package_aa/000135999-1_1_1/000135999-1_1_1.png,930,0,967,182,23,thirty_second
package_ab/220032214-1_1_1/220032214-1_1_1.png,308,0,355,109,0,whole
package_ab/220032214-1_1_1/220032214-1_1_1.png,431,0,478,109,1,whole
package_ab/220032214-1_1_1/220032214-1_1_1.png,1855,0,1902,109,2,whole
package_ab/220019316-1_1_1/220019316-1_1_1.png,199,0,246,125,0,whole
package_aa/100015427-1_1_1/100015427-1_1_1.png,186,0,233,153,0,whole
package_aa/100015427-1_1_1/100015427-1_1_1.png,409,0,456,153,1,whole
package_aa/100015427-1_1_1/100015427-1_1_1.png,943,0,990,153,5,whole
package_aa/100015427-1_1_1/100015427-1_1_1.png,1165,0,1212,153,6,whole
package_aa/100015427-1_1_1/100015427-1_1_1.png,1571,0,1618,153,7,whole
package_aa/100015427-1_1_1/100015427-1_1_1.png,1794,0,1841,153,8,whole
package_aa/100029330-1_1_1/100029330-1_1_1.png,161,0,208,127,0,whole
package_ab/201004390-1_1_1/201004390-1_1_1.png,156,0,203,137,0,whole
package_ab/201004390-1_1_1/201004390-1_1_1.png,612,0,659,137,3,whole
package_ab/201004390-1_1_1/201004390-1_1_1.png,816,0,863,137,4,whole
package_ab/201004390-1_1_1/201004390-1_1_1.png,1020,0,1067,137,5,whole
package_ab/211006469-1_14_1/211006469-1_14_1.png,319,0,366,123,0,whole
package_ab/211006469-1_14_1/211006469-1_14_1.png,424,0,471,123,1,whole
package_ab/211006469-1_14_1/211006469-1_14_1.png,660,0,721,123,4,whole
package_ab/211006469-1_14_1/211006469-1_14_1.png,834,0,895,123,6,whole
package_ab/211006469-1_14_1/211006469-1_14_1.png,1008,0,1069,123,8,whole
package_ab/211006469-1_14_1/211006469-1_14_1.png,1113,0,1174,123,9,whole
package_aa/100198357-1_1_1/100198357-1_1_1.png,637,0,684,126,5,whole
package_aa/100198357-1_1_1/100198357-1_1_1.png,1432,0,1479,126,14,whole
package_aa/100500596-1_4_2/100500596-1_4_2.png,144,0,205,98,0,whole
package_aa/100500596-1_4_2/100500596-1_4_2.png,585,0,632,98,3,whole
package_ab/220032144-1_9_1/220032144-1_9_1.png,121,0,168,127,0,whole
package_ab/220032144-1_9_1/220032144-1_9_1.png,453,0,500,127,3,whole
package_ab/220032144-1_9_1/220032144-1_9_1.png,596,0,643,127,4,whole
package_ab/220032144-1_9_1/220032144-1_9_1.png,740,0,787,127,5,whole
package_ab/220032144-1_9_1/220032144-1_9_1.png,883,0,930,127,6,whole
package_ab/220032144-1_9_1/220032144-1_9_1.png,1027,0,1074,127,7,whole
package_ab/220032144-1_9_1/220032144-1_9_1.png,1690,0,1737,127,11,whole
package_aa/000104101-1_1_1/000104101-1_1_1.png,943,0,990,128,7,whole
package_aa/000104119-1_1_1/000104119-1_1_1.png,124,0,171,119,0,whole
package_aa/000104119-1_1_1/000104119-1_1_1.png,554,0,615,119,3,whole
package_aa/000104119-1_1_1/000104119-1_1_1.png,750,0,811,119,4,whole
package_aa/000121333-1_1_1/000121333-1_1_1.png,1781,0,1828,154,8,whole
package_aa/000112801-1_3_1/000112801-1_3_1.png,192,0,229,159,0,thirty_second
package_aa/000112801-1_3_1/000112801-1_3_1.png,224,0,260,159,1,thirty_second
package_aa/000112801-1_3_1/000112801-1_3_1.png,255,0,292,159,2,thirty_second
package_aa/000112801-1_3_1/000112801-1_3_1.png,287,0,323,159,3,thirty_second
package_aa/000112801-1_3_1/000112801-1_3_1.png,319,0,356,159,4,thirty_second
package_aa/000112801-1_3_1/000112801-1_3_1.png,365,0,412,159,5,thirty_second
package_aa/000112801-1_3_1/000112801-1_3_1.png,402,0,439,159,6,thirty_second
package_aa/000112801-1_3_1/000112801-1_3_1.png,428,0,475,159,7,thirty_second
package_aa/000112801-1_3_1/000112801-1_3_1.png,465,0,502,159,8,thirty_second
package_aa/000112801-1_3_1/000112801-1_3_1.png,497,0,533,159,9,thirty_second
package_aa/000112801-1_3_1/000112801-1_3_1.png,528,0,565,159,10,thirty_second
package_aa/000112801-1_3_1/000112801-1_3_1.png,560,0,596,159,11,thirty_second
package_aa/000112801-1_3_1/000112801-1_3_1.png,591,0,628,159,12,thirty_second
package_aa/000112801-1_3_1/000112801-1_3_1.png,618,0,665,159,13,thirty_second
package_aa/000112801-1_3_1/000112801-1_3_1.png,655,0,692,159,14,thirty_second
package_aa/000112801-1_3_1/000112801-1_3_1.png,681,0,728,159,15,thirty_second
package_aa/000112801-1_3_1/000112801-1_3_1.png,939,0,976,159,19,thirty_second
package_aa/000112801-1_3_1/000112801-1_3_1.png,986,0,1033,159,20,thirty_second
package_aa/000112801-1_3_1/000112801-1_3_1.png,1023,0,1060,159,21,thirty_second
package_aa/000112801-1_3_1/000112801-1_3_1.png,1055,0,1091,159,22,thirty_second
package_aa/000112801-1_3_1/000112801-1_3_1.png,1086,0,1123,159,23,thirty_second
package_aa/000112801-1_3_1/000112801-1_3_1.png,1138,0,1174,159,24,thirty_second
package_aa/000112801-1_3_1/000112801-1_3_1.png,1169,0,1206,159,25,thirty_second
package_ab/211006139-1_1_1/211006139-1_1_1.png,311,0,372,122,0,whole
package_ab/211006139-1_1_1/211006139-1_1_1.png,441,0,488,122,1,whole
package_ab/211006139-1_1_1/211006139-1_1_1.png,745,0,806,122,2,whole
package_ab/211006139-1_1_1/211006139-1_1_1.png,998,0,1045,122,3,whole
package_ab/211006139-1_1_1/211006139-1_1_1.png,1543,0,1590,122,12,whole
package_aa/000104987-22_1_1/000104987-22_1_1.png,1093,0,1140,143,14,whole
package_ab/225001268-1_1_1/225001268-1_1_1.png,502,0,549,110,3,whole
package_ab/225001268-1_1_1/225001268-1_1_1.png,1148,0,1195,110,8,whole
package_ab/220014279-1_1_1/220014279-1_1_1.png,691,0,738,127,3,whole
package_ab/220014279-1_1_1/220014279-1_1_1.png,897,0,958,127,4,whole
package_ab/220014279-1_1_1/220014279-1_1_1.png,1116,0,1163,127,5,whole
package_ab/220014279-1_1_1/220014279-1_1_1.png,1321,0,1382,127,6,whole
package_ab/220014279-1_1_1/220014279-1_1_1.png,1540,0,1587,127,7,whole
package_aa/000120609-1_1_2/000120609-1_1_2.png,1256,0,1292,168,14,thirty_second
package_aa/000120609-1_1_2/000120609-1_1_2.png,1287,0,1324,168,15,thirty_second
package_ab/230005749-1_21_1/230005749-1_21_1.png,1120,0,1167,127,7,whole
package_aa/000103946-1_1_1/000103946-1_1_1.png,122,0,169,126,0,whole
package_aa/000103946-1_1_1/000103946-1_1_1.png,798,0,845,126,4,whole
package_aa/000110450-1_1_1/000110450-1_1_1.png,194,0,236,187,0,thirty_second
package_aa/000110450-1_1_1/000110450-1_1_1.png,227,0,263,187,1,thirty_second
package_aa/000110450-1_1_1/000110450-1_1_1.png,254,0,296,187,2,thirty_second
package_aa/000110450-1_1_1/000110450-1_1_1.png,288,0,324,187,3,thirty_second
package_aa/000110450-1_1_1/000110450-1_1_1.png,315,0,357,187,4,thirty_second
package_aa/000110450-1_1_1/000110450-1_1_1.png,348,0,384,187,5,thirty_second
package_aa/000110450-1_1_1/000110450-1_1_1.png,375,0,417,187,6,thirty_second
package_aa/000110450-1_1_1/000110450-1_1_1.png,408,0,444,187,7,thirty_second
package_aa/000110450-1_1_1/000110450-1_1_1.png,439,0,475,187,8,thirty_second
package_aa/000110450-1_1_1/000110450-1_1_1.png,466,0,508,187,9,thirty_second
package_aa/000110450-1_1_1/000110450-1_1_1.png,499,0,535,187,10,thirty_second
package_aa/000110450-1_1_1/000110450-1_1_1.png,526,0,568,187,11,thirty_second
package_aa/000110450-1_1_1/000110450-1_1_1.png,561,0,595,187,12,thirty_second
package_aa/000110450-1_1_1/000110450-1_1_1.png,590,0,627,187,13,thirty_second
package_aa/000110450-1_1_1/000110450-1_1_1.png,621,0,655,187,14,thirty_second
package_aa/000110450-1_1_1/000110450-1_1_1.png,647,0,689,187,15,thirty_second
package_aa/000110450-1_1_1/000110450-1_1_1.png,677,0,719,187,16,thirty_second
package_aa/000110450-1_1_1/000110450-1_1_1.png,710,0,746,187,17,thirty_second
package_aa/000110450-1_1_1/000110450-1_1_1.png,741,0,777,187,18,thirty_second
package_aa/000110450-1_1_1/000110450-1_1_1.png,771,0,807,187,19,thirty_second
package_aa/000110450-1_1_1/000110450-1_1_1.png,798,0,840,187,20,thirty_second
package_aa/000110450-1_1_1/000110450-1_1_1.png,828,0,870,187,21,thirty_second
package_aa/000110450-1_1_1/000110450-1_1_1.png,858,0,900,187,22,thirty_second
package_aa/000110450-1_1_1/000110450-1_1_1.png,1245,0,1281,187,32,thirty_second
package_aa/000110450-1_1_1/000110450-1_1_1.png,1272,0,1314,187,33,thirty_second
package_aa/000110450-1_1_1/000110450-1_1_1.png,1302,0,1344,187,34,thirty_second
package_aa/000110450-1_1_1/000110450-1_1_1.png,1336,0,1372,187,35,thirty_second
package_aa/000110450-1_1_1/000110450-1_1_1.png,1363,0,1405,187,36,thirty_second
package_aa/000110450-1_1_1/000110450-1_1_1.png,1393,0,1435,187,37,thirty_second
package_aa/000110450-1_1_1/000110450-1_1_1.png,1426,0,1462,187,38,thirty_second
package_aa/000110450-1_1_1/000110450-1_1_1.png,1453,0,1495,187,39,thirty_second
package_ab/230000099-1_1_1/230000099-1_1_1.png,184,0,231,151,0,whole
package_aa/000103974-1_1_1/000103974-1_1_1.png,282,0,343,154,0,whole
package_aa/000103974-1_1_1/000103974-1_1_1.png,483,0,530,154,1,whole
package_aa/000103974-1_1_1/000103974-1_1_1.png,677,0,724,154,2,whole
package_aa/000103974-1_1_1/000103974-1_1_1.png,872,0,919,154,3,whole
package_aa/000103974-1_1_1/000103974-1_1_1.png,1067,0,1114,154,4,whole
package_aa/100500758-1_1_3/100500758-1_1_3.png,158,0,205,91,0,whole
package_aa/100500758-1_1_3/100500758-1_1_3.png,352,0,399,91,1,whole
package_aa/100500758-1_1_3/100500758-1_1_3.png,787,0,834,91,4,whole
package_aa/100500758-1_1_3/100500758-1_1_3.png,981,0,1028,91,5,whole
package_ab/220019672-1_1_1/220019672-1_1_1.png,576,0,623,127,7,whole
package_ab/220019672-1_1_1/220019672-1_1_1.png,1155,0,1202,127,15,whole
package_aa/100500709-1_1_2/100500709-1_1_2.png,132,0,179,118,0,whole
package_aa/100500709-1_1_2/100500709-1_1_2.png,369,0,416,118,1,whole
package_ab/211006131-1_1_1/211006131-1_1_1.png,152,0,199,100,0,whole
package_ab/190006964-1_1_1/190006964-1_1_1.png,1612,0,1673,156,12,whole
package_aa/000102011-10_1_1/000102011-10_1_1.png,583,0,625,194,11,thirty_second
package_aa/000102011-10_1_1/000102011-10_1_1.png,616,0,652,194,12,thirty_second
package_aa/000102011-10_1_1/000102011-10_1_1.png,643,0,685,194,13,thirty_second
package_ab/225001250-1_1_1/225001250-1_1_1.png,188,0,235,125,0,whole
package_ab/225001250-1_1_1/225001250-1_1_1.png,864,0,911,125,5,whole
package_aa/000111413-1_1_1/000111413-1_1_1.png,427,0,474,163,3,thirty_second
package_aa/000111413-1_1_1/000111413-1_1_1.png,457,0,504,163,4,thirty_second
package_aa/000111413-1_1_1/000111413-1_1_1.png,488,0,535,163,5,thirty_second
package_aa/000111413-1_1_1/000111413-1_1_1.png,520,0,562,163,6,thirty_second
package_aa/000111413-1_1_1/000111413-1_1_1.png,794,0,841,163,10,thirty_second
package_aa/000111413-1_1_1/000111413-1_1_1.png,824,0,871,163,11,thirty_second
package_aa/000111413-1_1_1/000111413-1_1_1.png,860,0,896,163,12,thirty_second
package_aa/000111413-1_1_1/000111413-1_1_1.png,890,0,926,163,13,thirty_second
package_ab/190013280-1_1_1/190013280-1_1_1.png,159,0,206,127,0,whole
package_ab/211006996-1_5_1/211006996-1_5_1.png,119,0,166,127,0,whole
package_ab/211006996-1_5_1/211006996-1_5_1.png,275,0,322,127,1,whole
package_ab/211006996-1_5_1/211006996-1_5_1.png,533,0,580,127,3,whole
package_ab/211006996-1_5_1/211006996-1_5_1.png,1407,0,1454,127,11,whole
package_ab/211006996-1_5_1/211006996-1_5_1.png,1563,0,1610,127,12,whole
package_ab/211006996-1_5_1/211006996-1_5_1.png,1719,0,1766,127,13,whole
package_ab/212001421-1_2_1/212001421-1_2_1.png,791,0,828,152,17,thirty_second
package_ab/212001421-1_2_1/212001421-1_2_1.png,823,0,860,152,18,thirty_second
package_ab/212001421-1_2_1/212001421-1_2_1.png,855,0,892,152,19,thirty_second
package_ab/212001421-1_2_1/212001421-1_2_1.png,887,0,923,152,20,thirty_second
package_ab/212001421-1_2_1/212001421-1_2_1.png,918,0,955,152,21,thirty_second
package_ab/212001421-1_2_1/212001421-1_2_1.png,950,0,986,152,22,thirty_second
package_ab/212001421-1_2_1/212001421-1_2_1.png,1139,0,1176,152,28,thirty_second
package_ab/212001421-1_2_1/212001421-1_2_1.png,1171,0,1208,152,29,thirty_second
package_ab/212001421-1_2_1/212001421-1_2_1.png,1202,0,1239,152,30,thirty_second
package_ab/212001421-1_2_1/212001421-1_2_1.png,1234,0,1271,152,31,thirty_second
package_ab/212001421-1_2_1/212001421-1_2_1.png,1266,0,1302,152,32,thirty_second
package_ab/212001421-1_2_1/212001421-1_2_1.png,1297,0,1334,152,33,thirty_second
package_ab/211006590-1_1_1/211006590-1_1_1.png,939,0,986,109,8,whole
package_ab/211006590-1_1_1/211006590-1_1_1.png,1038,0,1099,109,9,whole
package_aa/000111416-1_1_1/000111416-1_1_1.png,1046,0,1082,148,10,thirty_second
package_aa/000111416-1_1_1/000111416-1_1_1.png,1077,0,1114,148,11,thirty_second
package_aa/000102083-1_2_1/000102083-1_2_1.png,1027,0,1064,151,14,thirty_second
package_aa/000102083-1_2_1/000102083-1_2_1.png,1059,0,1095,151,15,thirty_second
package_ab/200045607-1_18_1/200045607-1_18_1.png,811,0,858,133,7,whole
package_ab/200045607-1_18_1/200045607-1_18_1.png,1007,0,1054,133,8,whole
package_aa/110002327-1_1_1/110002327-1_1_1.png,169,0,216,123,0,whole
package_aa/110002327-1_1_1/110002327-1_1_1.png,300,0,347,123,1,whole
package_aa/110002327-1_1_1/110002327-1_1_1.png,430,0,477,123,2,whole
package_aa/110002327-1_1_1/110002327-1_1_1.png,560,0,607,123,3,whole
package_aa/110002327-1_1_1/110002327-1_1_1.png,691,0,738,123,4,whole
package_aa/110002327-1_1_1/110002327-1_1_1.png,821,0,868,123,5,whole
package_aa/110002327-1_1_1/110002327-1_1_1.png,1151,0,1198,123,6,whole
package_aa/110002327-1_1_1/110002327-1_1_1.png,1317,0,1378,123,7,whole
package_aa/110002327-1_1_1/110002327-1_1_1.png,1448,0,1509,123,8,whole
package_aa/110002327-1_1_1/110002327-1_1_1.png,1578,0,1639,123,9,whole
package_aa/110002327-1_1_1/110002327-1_1_1.png,1715,0,1762,123,10,whole
package_aa/110002327-1_1_1/110002327-1_1_1.png,1846,0,1893,123,11,whole
package_aa/000108817-1_1_2/000108817-1_1_2.png,1278,0,1320,163,13,thirty_second
package_aa/000108817-1_1_2/000108817-1_1_2.png,1311,0,1347,163,14,thirty_second
package_aa/000101906-4_1_2/000101906-4_1_2.png,341,0,402,155,0,whole
package_aa/000101906-4_1_2/000101906-4_1_2.png,848,0,895,155,4,whole
package_aa/000101906-4_1_2/000101906-4_1_2.png,1316,0,1363,155,7,whole
package_ab/212001458-1_3_1/212001458-1_3_1.png,316,0,363,147,0,whole
package_ab/212001458-1_3_1/212001458-1_3_1.png,510,0,557,147,1,whole
package_aa/000114455-1_1_1/000114455-1_1_1.png,617,0,659,168,10,thirty_second
package_aa/000114455-1_1_1/000114455-1_1_1.png,651,0,687,168,11,thirty_second
package_aa/000114455-1_1_1/000114455-1_1_1.png,678,0,720,168,12,thirty_second
package_aa/000114455-1_1_1/000114455-1_1_1.png,711,0,747,168,13,thirty_second
package_aa/000102183-1_1_1/000102183-1_1_1.png,156,0,203,135,0,whole
package_aa/000102183-1_1_1/000102183-1_1_1.png,592,0,639,135,3,whole
package_aa/000102183-1_1_1/000102183-1_1_1.png,818,0,865,135,4,whole
package_aa/000110859-1_1_1/000110859-1_1_1.png,470,0,506,152,2,thirty_second
package_aa/000110859-1_1_1/000110859-1_1_1.png,497,0,539,152,3,thirty_second
package_aa/000110859-1_1_1/000110859-1_1_1.png,530,0,566,152,4,thirty_second
package_aa/000110859-1_1_1/000110859-1_1_1.png,917,0,953,152,10,thirty_second
package_aa/000110859-1_1_1/000110859-1_1_1.png,944,0,986,152,11,thirty_second
package_aa/000110859-1_1_1/000110859-1_1_1.png,977,0,1013,152,12,thirty_second
package_aa/000103954-1_1_1/000103954-1_1_1.png,318,0,365,117,0,whole
package_aa/000103954-1_1_1/000103954-1_1_1.png,514,0,561,117,1,whole
package_aa/000103954-1_1_1/000103954-1_1_1.png,710,0,757,117,2,whole
package_aa/000103954-1_1_1/000103954-1_1_1.png,929,0,976,117,3,whole
package_aa/110002941-1_1_1/110002941-1_1_1.png,310,0,357,100,0,whole
package_aa/110002941-1_1_1/110002941-1_1_1.png,424,0,471,100,2,whole
package_aa/110002941-1_1_1/110002941-1_1_1.png,493,0,540,100,3,whole
package_aa/110002941-1_1_1/110002941-1_1_1.png,562,0,609,100,4,whole
package_aa/110002941-1_1_1/110002941-1_1_1.png,721,0,768,100,7,whole
package_aa/110002941-1_1_1/110002941-1_1_1.png,790,0,837,100,8,whole
package_ab/211008081-1_2_1/211008081-1_2_1.png,110,0,171,118,0,whole
package_ab/211008081-1_2_1/211008081-1_2_1.png,226,0,273,118,1,whole
package_ab/211008081-1_2_1/211008081-1_2_1.png,335,0,382,118,2,whole
package_ab/211008081-1_2_1/211008081-1_2_1.png,438,0,499,118,3,whole
package_ab/211008081-1_2_1/211008081-1_2_1.png,554,0,601,118,4,whole
package_ab/211008081-1_2_1/211008081-1_2_1.png,664,0,711,118,5,whole
package_ab/211008081-1_2_1/211008081-1_2_1.png,773,0,820,118,6,whole
package_ab/211008081-1_2_1/211008081-1_2_1.png,876,0,937,118,7,whole
package_ab/211008081-1_2_1/211008081-1_2_1.png,986,0,1047,118,8,whole
package_ab/211008081-1_2_1/211008081-1_2_1.png,1205,0,1266,118,9,whole
package_ab/211008081-1_2_1/211008081-1_2_1.png,1321,0,1368,118,10,whole
package_ab/211008081-1_2_1/211008081-1_2_1.png,1430,0,1477,118,11,whole
package_ab/211008081-1_2_1/211008081-1_2_1.png,1540,0,1587,118,12,whole
package_ab/211008081-1_2_1/211008081-1_2_1.png,1642,0,1703,118,13,whole
package_ab/211008081-1_2_1/211008081-1_2_1.png,1752,0,1813,118,14,whole
package_ab/211008081-1_2_1/211008081-1_2_1.png,1861,0,1922,118,15,whole
package_aa/000116291-1_1_1/000116291-1_1_1.png,805,0,841,175,13,thirty_second
package_aa/000116291-1_1_1/000116291-1_1_1.png,832,0,874,175,14,thirty_second
package_aa/000116291-1_1_1/000116291-1_1_1.png,865,0,901,175,15,thirty_second
package_aa/000116291-1_1_1/000116291-1_1_1.png,892,0,934,175,16,thirty_second
package_aa/000116291-1_1_1/000116291-1_1_1.png,983,0,1025,175,19,thirty_second
package_aa/000116291-1_1_1/000116291-1_1_1.png,1016,0,1052,175,20,thirty_second
package_aa/000116291-1_1_1/000116291-1_1_1.png,1043,0,1085,175,21,thirty_second
package_aa/000116291-1_1_1/000116291-1_1_1.png,1077,0,1113,175,22,thirty_second
package_ab/220010574-1_9_1/220010574-1_9_1.png,578,0,625,127,2,whole
package_ab/220010574-1_9_1/220010574-1_9_1.png,925,0,972,127,4,whole
package_ab/220010574-1_9_1/220010574-1_9_1.png,1272,0,1319,127,6,whole
package_ab/200045617-3_1_1/200045617-3_1_1.png,747,0,784,128,6,thirty_second
package_ab/200045617-3_1_1/200045617-3_1_1.png,779,0,815,128,7,thirty_second
package_ab/212000020-1_1_1/212000020-1_1_1.png,396,0,433,145,0,thirty_second
package_ab/212000020-1_1_1/212000020-1_1_1.png,427,0,464,145,1,thirty_second
package_ab/212000020-1_1_1/212000020-1_1_1.png,459,0,496,145,2,thirty_second
package_ab/212000020-1_1_1/212000020-1_1_1.png,491,0,528,145,3,thirty_second
package_ab/212000020-1_1_1/212000020-1_1_1.png,522,0,559,145,4,thirty_second
package_ab/212000020-1_1_1/212000020-1_1_1.png,554,0,591,145,5,thirty_second
package_ab/212000020-1_1_1/212000020-1_1_1.png,586,0,623,145,6,thirty_second
package_ab/212000020-1_1_1/212000020-1_1_1.png,618,0,655,145,7,thirty_second
package_ab/212000020-1_1_1/212000020-1_1_1.png,649,0,686,145,8,thirty_second
package_ab/212000020-1_1_1/212000020-1_1_1.png,681,0,718,145,9,thirty_second
package_ab/212000020-1_1_1/212000020-1_1_1.png,713,0,750,145,10,thirty_second
package_ab/212000020-1_1_1/212000020-1_1_1.png,744,0,781,145,11,thirty_second
package_ab/212000020-1_1_1/212000020-1_1_1.png,776,0,813,145,12,thirty_second
package_ab/212000020-1_1_1/212000020-1_1_1.png,808,0,845,145,13,thirty_second
package_ab/212000020-1_1_1/212000020-1_1_1.png,839,0,876,145,14,thirty_second
package_ab/212000020-1_1_1/212000020-1_1_1.png,871,0,908,145,15,thirty_second
package_ab/212000020-1_1_1/212000020-1_1_1.png,903,0,940,145,16,thirty_second
package_ab/212000020-1_1_1/212000020-1_1_1.png,935,0,972,145,17,thirty_second
package_ab/212000020-1_1_1/212000020-1_1_1.png,966,0,1003,145,18,thirty_second
package_ab/212000020-1_1_1/212000020-1_1_1.png,998,0,1035,145,19,thirty_second
package_ab/212000020-1_1_1/212000020-1_1_1.png,1051,0,1088,145,20,thirty_second
package_ab/212000020-1_1_1/212000020-1_1_1.png,1082,0,1119,145,21,thirty_second
package_ab/212000020-1_1_1/212000020-1_1_1.png,1114,0,1151,145,22,thirty_second
package_ab/212000020-1_1_1/212000020-1_1_1.png,1146,0,1183,145,23,thirty_second
package_ab/212000020-1_1_1/212000020-1_1_1.png,1424,0,1461,145,25,thirty_second
package_ab/212000020-1_1_1/212000020-1_1_1.png,1456,0,1493,145,26,thirty_second
package_ab/212000020-1_1_1/212000020-1_1_1.png,1488,0,1525,145,27,thirty_second
package_ab/212000020-1_1_1/212000020-1_1_1.png,1519,0,1556,145,28,thirty_second
package_aa/100500574-1_1_2/100500574-1_1_2.png,130,0,177,117,0,whole
package_aa/100500574-1_1_2/100500574-1_1_2.png,346,0,393,117,1,whole
package_aa/100500574-1_1_2/100500574-1_1_2.png,564,0,611,117,2,whole
package_aa/100500574-1_1_2/100500574-1_1_2.png,803,0,850,117,3,whole
package_aa/100500574-1_1_2/100500574-1_1_2.png,1020,0,1067,117,4,whole
package_aa/100500574-1_1_2/100500574-1_1_2.png,1237,0,1284,117,5,whole
package_aa/100500574-1_1_2/100500574-1_1_2.png,1454,0,1501,117,6,whole
package_ab/211006128-1_1_1/211006128-1_1_1.png,120,0,167,118,0,whole
package_ab/211006128-1_1_1/211006128-1_1_1.png,943,0,990,118,8,whole
package_aa/100198279-1_1_1/100198279-1_1_1.png,267,0,314,125,0,whole
package_aa/100198279-1_1_1/100198279-1_1_1.png,561,0,608,125,6,whole
package_aa/100198279-1_1_1/100198279-1_1_1.png,630,0,677,125,7,whole
package_aa/100198279-1_1_1/100198279-1_1_1.png,789,0,836,125,10,whole
package_aa/000116826-7_1_1/000116826-7_1_1.png,216,0,258,163,0,thirty_second
package_aa/000116826-7_1_1/000116826-7_1_1.png,249,0,285,163,1,thirty_second
package_aa/000116826-7_1_1/000116826-7_1_1.png,277,0,319,163,2,thirty_second
package_aa/000116826-7_1_1/000116826-7_1_1.png,310,0,346,163,3,thirty_second
package_aa/000116826-7_1_1/000116826-7_1_1.png,337,0,379,163,4,thirty_second
package_aa/000116826-7_1_1/000116826-7_1_1.png,370,0,406,163,5,thirty_second
package_aa/000116826-7_1_1/000116826-7_1_1.png,421,0,463,163,6,thirty_second
package_aa/000116826-7_1_1/000116826-7_1_1.png,572,0,614,163,11,thirty_second
package_aa/000116826-7_1_1/000116826-7_1_1.png,605,0,641,163,12,thirty_second
package_aa/000116826-7_1_1/000116826-7_1_1.png,633,0,675,163,13,thirty_second
package_aa/000116826-7_1_1/000116826-7_1_1.png,666,0,702,163,14,thirty_second
package_aa/000116826-7_1_1/000116826-7_1_1.png,693,0,735,163,15,thirty_second
package_aa/000116826-7_1_1/000116826-7_1_1.png,726,0,762,163,16,thirty_second
package_aa/000116826-7_1_1/000116826-7_1_1.png,753,0,795,163,17,thirty_second
package_aa/000116826-7_1_1/000116826-7_1_1.png,788,0,822,163,18,thirty_second
package_aa/000104165-1_1_1/000104165-1_1_1.png,637,0,684,126,5,whole
package_aa/000116748-1_1_1/000116748-1_1_1.png,206,0,253,136,0,whole
package_aa/000116748-1_1_1/000116748-1_1_1.png,539,0,586,136,3,whole
package_aa/000116748-1_1_1/000116748-1_1_1.png,871,0,918,136,6,whole
package_ab/211005502-1_1_1/211005502-1_1_1.png,119,0,166,126,0,whole
package_ab/211005502-1_1_1/211005502-1_1_1.png,224,0,271,126,1,whole
package_ab/211005502-1_1_1/211005502-1_1_1.png,329,0,376,126,2,whole
package_ab/211005502-1_1_1/211005502-1_1_1.png,765,0,812,126,3,whole
package_ab/211005502-1_1_1/211005502-1_1_1.png,870,0,917,126,4,whole
package_ab/211005502-1_1_1/211005502-1_1_1.png,975,0,1022,126,5,whole
package_ab/230005383-1_2_1/230005383-1_2_1.png,201,0,248,119,0,whole
package_ab/190026731-1_1_1/190026731-1_1_1.png,641,0,702,107,5,whole
package_ab/211006078-1_1_1/211006078-1_1_1.png,130,0,177,109,0,whole
package_ab/211006078-1_1_1/211006078-1_1_1.png,303,0,350,109,1,whole
package_ab/211006078-1_1_1/211006078-1_1_1.png,470,0,531,109,2,whole
package_ab/211006078-1_1_1/211006078-1_1_1.png,643,0,704,109,3,whole
package_ab/211006078-1_1_1/211006078-1_1_1.png,823,0,870,109,4,whole
package_ab/211006078-1_1_1/211006078-1_1_1.png,997,0,1044,109,5,whole
package_ab/211006078-1_1_1/211006078-1_1_1.png,1170,0,1217,109,6,whole
package_ab/211006078-1_1_1/211006078-1_1_1.png,1337,0,1398,109,7,whole
package_ab/211006078-1_1_1/211006078-1_1_1.png,1517,0,1564,109,8,whole
package_ab/211006078-1_1_1/211006078-1_1_1.png,1684,0,1745,109,9,whole
package_ab/225001201-1_1_1/225001201-1_1_1.png,124,0,171,118,0,whole
package_ab/225001201-1_1_1/225001201-1_1_1.png,1043,0,1090,118,7,whole
package_ab/220014274-1_10_1/220014274-1_10_1.png,582,0,629,161,4,whole
package_aa/000106560-1_1_1/000106560-1_1_1.png,119,0,180,127,0,whole
package_aa/000116789-1_1_1/000116789-1_1_1.png,1142,0,1179,129,24,thirty_second
package_aa/000116789-1_1_1/000116789-1_1_1.png,1173,0,1210,129,25,thirty_second
package_aa/000116789-1_1_1/000116789-1_1_1.png,1237,0,1274,129,27,thirty_second
package_aa/000116789-1_1_1/000116789-1_1_1.png,1269,0,1306,129,28,thirty_second
package_aa/000116789-1_1_1/000116789-1_1_1.png,1332,0,1369,129,30,thirty_second
package_aa/000116789-1_1_1/000116789-1_1_1.png,1363,0,1400,129,31,thirty_second
package_aa/000116789-1_1_1/000116789-1_1_1.png,1427,0,1464,129,33,thirty_second
package_aa/000116789-1_1_1/000116789-1_1_1.png,1459,0,1495,129,34,thirty_second
package_aa/000116613-1_1_1/000116613-1_1_1.png,328,0,365,172,1,thirty_second
package_aa/000116613-1_1_1/000116613-1_1_1.png,367,0,403,172,2,thirty_second
package_aa/000116613-1_1_1/000116613-1_1_1.png,550,0,586,172,4,thirty_second
package_aa/000116613-1_1_1/000116613-1_1_1.png,587,0,624,172,5,thirty_second
package_aa/000116613-1_1_1/000116613-1_1_1.png,807,0,844,172,7,thirty_second
package_aa/000116613-1_1_1/000116613-1_1_1.png,846,0,882,172,8,thirty_second
package_aa/000116613-1_1_1/000116613-1_1_1.png,1201,0,1238,172,11,thirty_second
package_aa/000116613-1_1_1/000116613-1_1_1.png,1240,0,1276,172,12,thirty_second
package_aa/000116613-1_1_1/000116613-1_1_1.png,1423,0,1459,172,14,thirty_second
package_aa/000116613-1_1_1/000116613-1_1_1.png,1460,0,1497,172,15,thirty_second
package_aa/000116613-1_1_1/000116613-1_1_1.png,1680,0,1716,172,17,thirty_second
package_aa/000116613-1_1_1/000116613-1_1_1.png,1718,0,1755,172,18,thirty_second
package_aa/000116613-1_1_1/000116613-1_1_1.png,1757,0,1793,172,19,thirty_second
package_aa/000114873-1_1_1/000114873-1_1_1.png,289,0,326,155,1,thirty_second
package_aa/000114873-1_1_1/000114873-1_1_1.png,321,0,357,155,2,thirty_second
package_aa/000114873-1_1_1/000114873-1_1_1.png,353,0,390,155,3,thirty_second
package_aa/000114873-1_1_1/000114873-1_1_1.png,385,0,421,155,4,thirty_second
package_aa/000114873-1_1_1/000114873-1_1_1.png,688,0,724,155,9,thirty_second
package_aa/000114873-1_1_1/000114873-1_1_1.png,720,0,757,155,10,thirty_second
package_aa/000114873-1_1_1/000114873-1_1_1.png,752,0,788,155,11,thirty_second
package_aa/000114873-1_1_1/000114873-1_1_1.png,783,0,820,155,12,thirty_second
package_aa/000114873-1_1_1/000114873-1_1_1.png,836,0,873,155,13,thirty_second
package_aa/000114873-1_1_1/000114873-1_1_1.png,868,0,904,155,14,thirty_second
package_aa/000114873-1_1_1/000114873-1_1_1.png,899,0,936,155,15,thirty_second
package_aa/000114873-1_1_1/000114873-1_1_1.png,931,0,967,155,16,thirty_second
package_ab/201001382-1_1_1/201001382-1_1_1.png,1636,0,1697,135,11,whole
package_ab/190003530-1_1_1/190003530-1_1_1.png,432,0,479,128,3,whole
package_ab/190003530-1_1_1/190003530-1_1_1.png,956,0,1003,128,9,whole
package_aa/000103993-1_3_1/000103993-1_3_1.png,674,0,721,127,4,whole
package_ab/212003897-1_5_1/212003897-1_5_1.png,350,0,397,137,0,whole
package_ab/212003897-1_5_1/212003897-1_5_1.png,455,0,502,137,1,whole
package_ab/212003897-1_5_1/212003897-1_5_1.png,1009,0,1056,137,9,whole
package_ab/212003897-1_5_1/212003897-1_5_1.png,1352,0,1399,137,13,whole
package_ab/220031977-1_4_1/220031977-1_4_1.png,317,0,364,127,0,whole
package_ab/220031977-1_4_1/220031977-1_4_1.png,484,0,545,127,2,whole
package_ab/220031977-1_4_1/220031977-1_4_1.png,658,0,719,127,4,whole
package_ab/220031977-1_4_1/220031977-1_4_1.png,908,0,955,127,7,whole
package_aa/000131780-1_1_1/000131780-1_1_1.png,280,0,341,172,0,whole
package_aa/000108551-1_2_1/000108551-1_2_1.png,377,0,414,147,0,thirty_second
package_aa/000108551-1_2_1/000108551-1_2_1.png,409,0,445,147,1,thirty_second
package_aa/000108551-1_2_1/000108551-1_2_1.png,463,0,500,147,2,thirty_second
package_aa/000108551-1_2_1/000108551-1_2_1.png,802,0,839,147,4,thirty_second
package_aa/000108551-1_2_1/000108551-1_2_1.png,835,0,871,147,5,thirty_second
package_aa/000108551-1_2_1/000108551-1_2_1.png,889,0,926,147,6,thirty_second
package_aa/000110939-11_1_1/000110939-11_1_1.png,1323,0,1370,133,9,whole
package_aa/000123359-1_1_1/000123359-1_1_1.png,833,0,870,139,10,thirty_second
package_aa/000123359-1_1_1/000123359-1_1_1.png,865,0,902,139,11,thirty_second
package_aa/000123359-1_1_1/000123359-1_1_1.png,897,0,934,139,12,thirty_second
package_aa/000123359-1_1_1/000123359-1_1_1.png,928,0,965,139,13,thirty_second
package_ab/211005564-1_1_1/211005564-1_1_1.png,316,0,363,142,0,whole
package_ab/211005564-1_1_1/211005564-1_1_1.png,614,0,661,142,1,whole
package_ab/211005564-1_1_1/211005564-1_1_1.png,905,0,966,142,2,whole
package_ab/211005564-1_1_1/211005564-1_1_1.png,1051,0,1098,142,3,whole
package_aa/000100298-1_1_1/000100298-1_1_1.png,321,0,368,147,0,whole
package_aa/000130615-1_1_1/000130615-1_1_1.png,317,0,378,147,0,whole
package_aa/000130615-1_1_1/000130615-1_1_1.png,428,0,475,147,1,whole
package_ab/211010191-1_4_1/211010191-1_4_1.png,835,0,882,135,6,whole
package_aa/000127282-1_1_1/000127282-1_1_1.png,190,0,226,181,0,thirty_second
package_aa/000127282-1_1_1/000127282-1_1_1.png,224,0,266,181,1,thirty_second
package_aa/000127282-1_1_1/000127282-1_1_1.png,265,0,301,181,2,thirty_second
package_aa/000100889-1_1_1/000100889-1_1_1.png,1192,0,1239,144,8,whole
package_ab/200021904-1_30_1/200021904-1_30_1.png,592,0,626,157,10,thirty_second
package_ab/200021904-1_30_1/200021904-1_30_1.png,618,0,660,157,11,thirty_second
package_ab/200021904-1_30_1/200021904-1_30_1.png,651,0,687,157,12,thirty_second
package_ab/200021904-1_30_1/200021904-1_30_1.png,678,0,720,157,13,thirty_second
package_ab/200021904-1_30_1/200021904-1_30_1.png,733,0,769,157,14,thirty_second
package_ab/200021904-1_30_1/200021904-1_30_1.png,761,0,803,157,15,thirty_second
package_ab/200021904-1_30_1/200021904-1_30_1.png,795,0,829,157,16,thirty_second
package_ab/200021904-1_30_1/200021904-1_30_1.png,821,0,863,157,17,thirty_second
package_aa/000110865-1_2_1/000110865-1_2_1.png,468,0,515,100,2,whole
package_aa/000110865-1_2_1/000110865-1_2_1.png,869,0,916,100,5,whole
package_aa/000110865-1_2_1/000110865-1_2_1.png,1064,0,1111,100,6,whole
package_aa/000122720-1_1_1/000122720-1_1_1.png,249,0,286,163,1,thirty_second
package_aa/000122720-1_1_1/000122720-1_1_1.png,304,0,341,163,2,thirty_second
package_aa/000122720-1_1_1/000122720-1_1_1.png,336,0,373,163,3,thirty_second
package_aa/000122720-1_1_1/000122720-1_1_1.png,368,0,404,163,4,thirty_second
package_aa/000122720-1_1_1/000122720-1_1_1.png,399,0,436,163,5,thirty_second
package_aa/000122720-1_1_1/000122720-1_1_1.png,431,0,467,163,6,thirty_second
package_aa/000122720-1_1_1/000122720-1_1_1.png,462,0,499,163,7,thirty_second
package_aa/000122720-1_1_1/000122720-1_1_1.png,495,0,531,163,8,thirty_second
package_aa/000122720-1_1_1/000122720-1_1_1.png,595,0,632,163,10,thirty_second
package_aa/000122720-1_1_1/000122720-1_1_1.png,626,0,663,163,11,thirty_second
package_aa/000122720-1_1_1/000122720-1_1_1.png,658,0,695,163,12,thirty_second
package_aa/000122720-1_1_1/000122720-1_1_1.png,691,0,727,163,13,thirty_second
package_aa/000122720-1_1_1/000122720-1_1_1.png,722,0,759,163,14,thirty_second
package_aa/000122720-1_1_1/000122720-1_1_1.png,754,0,790,163,15,thirty_second
package_aa/000122720-1_1_1/000122720-1_1_1.png,785,0,822,163,16,thirty_second
package_aa/000122720-1_1_1/000122720-1_1_1.png,817,0,853,163,17,thirty_second
package_aa/110002500-1_1_1/110002500-1_1_1.png,451,0,498,118,4,whole
package_aa/110002500-1_1_1/110002500-1_1_1.png,1807,0,1854,118,16,whole
package_aa/000108505-1_1_1/000108505-1_1_1.png,296,0,332,172,1,thirty_second
package_aa/000108505-1_1_1/000108505-1_1_1.png,327,0,364,172,2,thirty_second
package_aa/000108505-1_1_1/000108505-1_1_1.png,474,0,516,172,4,thirty_second
package_aa/000108505-1_1_1/000108505-1_1_1.png,507,0,543,172,5,thirty_second
package_aa/000108505-1_1_1/000108505-1_1_1.png,687,0,723,172,7,thirty_second
package_aa/000108505-1_1_1/000108505-1_1_1.png,715,0,757,172,8,thirty_second
package_aa/000108505-1_1_1/000108505-1_1_1.png,1016,0,1052,172,11,thirty_second
package_aa/000108505-1_1_1/000108505-1_1_1.png,1047,0,1089,172,12,thirty_second
package_aa/000103959-1_1_1/000103959-1_1_1.png,346,0,393,154,0,whole
package_aa/000103959-1_1_1/000103959-1_1_1.png,540,0,587,154,1,whole
package_aa/000103959-1_1_1/000103959-1_1_1.png,728,0,789,154,2,whole
package_aa/000103959-1_1_1/000103959-1_1_1.png,923,0,984,154,3,whole
package_ab/220013772-1_1_1/220013772-1_1_1.png,915,0,962,154,3,whole
package_ab/220010519-1_9_1/220010519-1_9_1.png,356,0,403,125,1,whole
package_ab/220010519-1_9_1/220010519-1_9_1.png,832,0,879,125,4,whole
package_ab/220010519-1_9_1/220010519-1_9_1.png,1021,0,1068,125,5,whole
package_ab/220010519-1_9_1/220010519-1_9_1.png,1249,0,1296,125,6,whole
package_ab/220010519-1_9_1/220010519-1_9_1.png,1437,0,1484,125,7,whole
package_ab/220010519-1_9_1/220010519-1_9_1.png,1665,0,1712,125,8,whole
package_ab/225001156-1_1_1/225001156-1_1_1.png,154,0,215,123,0,whole
package_ab/225001156-1_1_1/225001156-1_1_1.png,620,0,667,123,3,whole
package_ab/225001156-1_1_1/225001156-1_1_1.png,814,0,861,123,4,whole
package_ab/220034784-1_1_1/220034784-1_1_1.png,1096,0,1143,128,12,whole
package_aa/000104566-1_1_1/000104566-1_1_1.png,513,0,560,147,8,whole
package_aa/000104566-1_1_1/000104566-1_1_1.png,710,0,757,147,9,whole
package_aa/000104566-1_1_1/000104566-1_1_1.png,1296,0,1343,147,18,whole
package_ab/220014273-1_14_1/220014273-1_14_1.png,410,0,457,110,3,whole
package_ab/220014273-1_14_1/220014273-1_14_1.png,604,0,651,110,4,whole
package_ab/220014273-1_14_1/220014273-1_14_1.png,1008,0,1055,110,7,whole
package_ab/220014273-1_14_1/220014273-1_14_1.png,1168,0,1215,110,8,whole
package_aa/000103976-1_1_1/000103976-1_1_1.png,312,0,359,154,0,whole
package_aa/000103976-1_1_1/000103976-1_1_1.png,536,0,583,154,1,whole
package_aa/000103976-1_1_1/000103976-1_1_1.png,761,0,808,154,2,whole
package_aa/000103976-1_1_1/000103976-1_1_1.png,985,0,1032,154,3,whole
package_aa/000103976-1_1_1/000103976-1_1_1.png,1233,0,1280,154,4,whole
package_aa/100030336-1_1_1/100030336-1_1_1.png,256,0,303,128,1,whole
package_aa/100030336-1_1_1/100030336-1_1_1.png,659,0,706,128,4,whole
package_aa/000100472-1_1_1/000100472-1_1_1.png,176,0,223,125,0,whole
package_aa/000100472-1_1_1/000100472-1_1_1.png,473,0,520,125,3,whole
package_ab/220015055-1_1_1/220015055-1_1_1.png,217,0,264,137,0,whole
package_ab/220015055-1_1_1/220015055-1_1_1.png,748,0,795,137,3,whole
package_ab/220015055-1_1_1/220015055-1_1_1.png,985,0,1032,137,4,whole
package_ab/220015622-1_1_1/220015622-1_1_1.png,986,0,1033,152,8,whole
package_aa/100000047-1_1_1/100000047-1_1_1.png,281,0,328,154,0,whole
package_aa/100000047-1_1_1/100000047-1_1_1.png,716,0,763,154,3,whole
package_ab/220030333-1_1_1/220030333-1_1_1.png,113,0,160,127,0,whole
package_ab/220030333-1_1_1/220030333-1_1_1.png,754,0,801,127,7,whole
package_ab/220030333-1_1_1/220030333-1_1_1.png,1762,0,1809,127,18,whole
package_aa/000113575-1_1_1/000113575-1_1_1.png,442,0,489,137,1,whole
package_aa/000113575-1_1_1/000113575-1_1_1.png,743,0,790,137,3,whole
package_aa/000113575-1_1_1/000113575-1_1_1.png,1044,0,1091,137,5,whole
package_aa/000113575-1_1_1/000113575-1_1_1.png,1345,0,1392,137,7,whole
package_ab/150203587-1_1_1/150203587-1_1_1.png,306,0,348,138,1,thirty_second
package_ab/150203587-1_1_1/150203587-1_1_1.png,339,0,375,138,2,thirty_second
package_ab/150203587-1_1_1/150203587-1_1_1.png,370,0,407,138,3,thirty_second
package_ab/150203587-1_1_1/150203587-1_1_1.png,1018,0,1060,138,11,thirty_second
package_ab/150203587-1_1_1/150203587-1_1_1.png,1051,0,1087,138,12,thirty_second
package_ab/150203587-1_1_1/150203587-1_1_1.png,1078,0,1120,138,13,thirty_second
package_ab/225000492-1_1_1/225000492-1_1_1.png,274,0,311,141,3,thirty_second
package_ab/225000492-1_1_1/225000492-1_1_1.png,306,0,342,141,4,thirty_second
package_ab/225000492-1_1_1/225000492-1_1_1.png,762,0,799,141,13,thirty_second
package_ab/225000492-1_1_1/225000492-1_1_1.png,794,0,830,141,14,thirty_second
package_aa/000103753-1_1_1/000103753-1_1_1.png,1320,0,1367,137,10,whole
package_aa/000100312-1_1_1/000100312-1_1_1.png,1176,0,1223,147,9,whole
package_aa/000100035-1_1_1/000100035-1_1_1.png,353,0,390,137,4,thirty_second
package_aa/000100035-1_1_1/000100035-1_1_1.png,384,0,421,137,5,thirty_second
package_aa/000100035-1_1_1/000100035-1_1_1.png,734,0,771,137,11,thirty_second
package_aa/000100035-1_1_1/000100035-1_1_1.png,767,0,803,137,12,thirty_second
package_aa/100030470-1_1_1/100030470-1_1_1.png,903,0,950,154,3,whole
package_aa/100030470-1_1_1/100030470-1_1_1.png,1638,0,1685,154,8,whole
package_ab/200021900-1_30_1/200021900-1_30_1.png,166,0,208,143,1,thirty_second
package_ab/200021900-1_30_1/200021900-1_30_1.png,194,0,241,143,2,thirty_second
package_ab/200021900-1_30_1/200021900-1_30_1.png,227,0,269,143,3,thirty_second
package_ab/200021900-1_30_1/200021900-1_30_1.png,254,0,301,143,4,thirty_second
package_ab/200021900-1_30_1/200021900-1_30_1.png,575,0,611,143,10,thirty_second
package_ab/200021900-1_30_1/200021900-1_30_1.png,602,0,644,143,11,thirty_second
package_ab/200021900-1_30_1/200021900-1_30_1.png,636,0,672,143,12,thirty_second
package_ab/200021900-1_30_1/200021900-1_30_1.png,663,0,705,143,13,thirty_second
package_ab/220032133-1_1_1/220032133-1_1_1.png,473,0,534,118,0,whole
package_ab/220032133-1_1_1/220032133-1_1_1.png,716,0,777,118,3,whole
package_ab/220032133-1_1_1/220032133-1_1_1.png,1103,0,1150,118,8,whole
package_aa/000105007-1_1_1/000105007-1_1_1.png,526,0,573,153,1,whole
package_ab/225003185-1_1_1/225003185-1_1_1.png,280,0,341,147,0,whole
package_ab/225003185-1_1_1/225003185-1_1_1.png,481,0,528,147,1,whole
package_ab/225003185-1_1_1/225003185-1_1_1.png,676,0,723,147,2,whole
package_ab/225003185-1_1_1/225003185-1_1_1.png,864,0,925,147,3,whole
package_aa/000125171-1_1_1/000125171-1_1_1.png,465,0,507,150,7,thirty_second
package_aa/000125171-1_1_1/000125171-1_1_1.png,522,0,556,150,8,thirty_second
package_aa/100017127-1_1_1/100017127-1_1_1.png,154,0,201,130,0,whole
package_aa/100017127-1_1_1/100017127-1_1_1.png,314,0,361,130,1,whole
package_ab/211005779-1_1_2/211005779-1_1_2.png,1785,0,1832,118,14,whole
package_ab/220031737-1_1_2/220031737-1_1_2.png,581,0,628,118,3,whole
package_ab/220031737-1_1_2/220031737-1_1_2.png,803,0,850,118,7,whole
package_ab/220031737-1_1_2/220031737-1_1_2.png,872,0,919,118,8,whole
package_aa/000131020-1_1_1/000131020-1_1_1.png,868,0,902,202,10,thirty_second
package_aa/000131020-1_1_1/000131020-1_1_1.png,964,0,998,202,12,thirty_second
package_aa/000131020-1_1_1/000131020-1_1_1.png,1055,0,1097,202,14,thirty_second
package_aa/000131020-1_1_1/000131020-1_1_1.png,1150,0,1192,202,16,thirty_second
package_ab/211005523-1_4_1/211005523-1_4_1.png,200,0,247,127,0,whole
package_ab/220017828-1_1_1/220017828-1_1_1.png,191,0,238,137,0,whole
package_ab/220017828-1_1_1/220017828-1_1_1.png,595,0,642,137,3,whole
package_ab/220017828-1_1_1/220017828-1_1_1.png,1450,0,1497,137,9,whole
package_aa/000105041-1_1_1/000105041-1_1_1.png,701,0,748,154,1,whole
package_aa/000105041-1_1_1/000105041-1_1_1.png,1000,0,1047,154,3,whole
package_aa/000105041-1_1_1/000105041-1_1_1.png,1299,0,1346,154,5,whole
package_ab/190020489-1_1_1/190020489-1_1_1.png,885,0,932,147,3,whole
package_ab/190020489-1_1_1/190020489-1_1_1.png,1075,0,1122,147,4,whole
package_ab/220031842-1_1_1/220031842-1_1_1.png,152,0,199,118,0,whole
package_ab/220031842-1_1_1/220031842-1_1_1.png,522,0,569,118,3,whole
package_ab/220031842-1_1_1/220031842-1_1_1.png,682,0,729,118,4,whole
package_ab/220031842-1_1_1/220031842-1_1_1.png,1052,0,1099,118,7,whole
package_ab/225002188-1_1_1/225002188-1_1_1.png,575,0,622,127,4,whole
package_ab/225002188-1_1_1/225002188-1_1_1.png,1006,0,1067,127,8,whole
package_ab/225002188-1_1_1/225002188-1_1_1.png,1173,0,1220,127,9,whole
package_ab/190004432-1_1_1/190004432-1_1_1.png,505,0,542,182,6,thirty_second
package_ab/190004432-1_1_1/190004432-1_1_1.png,537,0,573,182,7,thirty_second
package_ab/190004432-1_1_1/190004432-1_1_1.png,645,0,682,182,10,thirty_second
package_ab/190004432-1_1_1/190004432-1_1_1.png,677,0,713,182,11,thirty_second
package_ab/190004432-1_1_1/190004432-1_1_1.png,829,0,876,182,15,thirty_second
package_ab/190004432-1_1_1/190004432-1_1_1.png,866,0,903,182,16,thirty_second
package_ab/190004432-1_1_1/190004432-1_1_1.png,892,0,939,182,17,thirty_second
package_ab/190004432-1_1_1/190004432-1_1_1.png,929,0,966,182,18,thirty_second
package_aa/000102208-1_1_1/000102208-1_1_1.png,168,0,215,139,0,whole
package_aa/000102208-1_1_1/000102208-1_1_1.png,303,0,350,139,1,whole
package_aa/000102208-1_1_1/000102208-1_1_1.png,439,0,486,139,2,whole
package_aa/000102208-1_1_1/000102208-1_1_1.png,574,0,621,139,3,whole
package_aa/000102208-1_1_1/000102208-1_1_1.png,709,0,756,139,4,whole
package_aa/000102208-1_1_1/000102208-1_1_1.png,845,0,892,139,5,whole
package_aa/000102208-1_1_1/000102208-1_1_1.png,980,0,1027,139,6,whole
package_aa/000102208-1_1_1/000102208-1_1_1.png,1116,0,1163,139,7,whole
package_aa/000102208-1_1_1/000102208-1_1_1.png,1251,0,1298,139,8,whole
package_aa/000102208-1_1_1/000102208-1_1_1.png,1387,0,1434,139,9,whole
package_aa/000102208-1_1_1/000102208-1_1_1.png,1522,0,1569,139,10,whole
package_aa/100500671-1_3_1/100500671-1_3_1.png,1194,0,1241,127,8,whole
package_aa/100017452-1_1_1/100017452-1_1_1.png,1353,0,1400,141,9,whole
package_aa/100017452-1_1_1/100017452-1_1_1.png,1799,0,1846,141,12,whole
package_ab/211006619-1_1_1/211006619-1_1_1.png,309,0,370,101,0,whole
package_ab/211006619-1_1_1/211006619-1_1_1.png,421,0,468,101,1,whole
package_ab/211006619-1_1_1/211006619-1_1_1.png,686,0,733,101,2,whole
package_ab/211006619-1_1_1/211006619-1_1_1.png,1067,0,1114,101,7,whole
package_ab/212003487-1_1_1/212003487-1_1_1.png,161,0,208,123,0,whole
package_ab/212003487-1_1_1/212003487-1_1_1.png,356,0,403,123,1,whole
package_ab/212003487-1_1_1/212003487-1_1_1.png,544,0,605,123,2,whole
package_ab/212003487-1_1_1/212003487-1_1_1.png,745,0,792,123,3,whole
package_ab/212003487-1_1_1/212003487-1_1_1.png,939,0,986,123,4,whole
package_ab/212003487-1_1_1/212003487-1_1_1.png,1134,0,1181,123,5,whole
package_ab/212003487-1_1_1/212003487-1_1_1.png,1329,0,1376,123,6,whole
package_ab/210000126-1_1_1/210000126-1_1_1.png,640,0,687,141,4,whole
package_ab/210000126-1_1_1/210000126-1_1_1.png,1323,0,1370,141,9,whole
package_ab/211005861-1_1_1/211005861-1_1_1.png,1442,0,1503,128,16,whole
package_ab/211005861-1_1_1/211005861-1_1_1.png,1618,0,1679,128,17,whole
package_ab/210000109-1_1_1/210000109-1_1_1.png,692,0,739,127,5,whole
package_ab/230001940-1_15_1/230001940-1_15_1.png,842,0,889,137,6,whole
package_ab/230001940-1_15_1/230001940-1_15_1.png,1036,0,1083,137,7,whole
package_aa/110001995-1_1_1/110001995-1_1_1.png,1009,0,1056,139,12,whole
package_ab/200021894-1_26_1/200021894-1_26_1.png,366,0,403,165,3,thirty_second
package_ab/200021894-1_26_1/200021894-1_26_1.png,398,0,434,165,4,thirty_second
package_ab/200021894-1_26_1/200021894-1_26_1.png,429,0,466,165,5,thirty_second
package_ab/200021894-1_26_1/200021894-1_26_1.png,461,0,497,165,6,thirty_second
package_ab/200021894-1_26_1/200021894-1_26_1.png,492,0,529,165,7,thirty_second
package_ab/200021894-1_26_1/200021894-1_26_1.png,524,0,560,165,8,thirty_second
package_ab/200021894-1_26_1/200021894-1_26_1.png,556,0,593,165,9,thirty_second
package_ab/220030123-1_1_1/220030123-1_1_1.png,235,0,282,127,0,whole
package_ab/220030123-1_1_1/220030123-1_1_1.png,465,0,512,127,2,whole
package_ab/220030123-1_1_1/220030123-1_1_1.png,786,0,833,127,5,whole
package_ab/220030123-1_1_1/220030123-1_1_1.png,924,0,971,127,6,whole
package_ab/220030123-1_1_1/220030123-1_1_1.png,1609,0,1656,127,12,whole
package_ab/220030123-1_1_1/220030123-1_1_1.png,1748,0,1795,127,13,whole
package_ab/220030032-1_1_1/220030032-1_1_1.png,286,0,347,127,0,whole
package_ab/220030032-1_1_1/220030032-1_1_1.png,520,0,581,127,1,whole
package_ab/220030032-1_1_1/220030032-1_1_1.png,755,0,816,127,2,whole
package_ab/220030032-1_1_1/220030032-1_1_1.png,989,0,1050,127,3,whole
package_ab/220030032-1_1_1/220030032-1_1_1.png,1223,0,1284,127,4,whole
package_ab/220030032-1_1_1/220030032-1_1_1.png,1458,0,1519,127,5,whole
package_ab/220030032-1_1_1/220030032-1_1_1.png,1557,0,1604,127,6,whole
package_ab/220030032-1_1_1/220030032-1_1_1.png,1644,0,1705,127,7,whole
package_ab/220030032-1_1_1/220030032-1_1_1.png,1736,0,1797,127,8,whole
package_aa/000100666-1_1_1/000100666-1_1_1.png,122,0,169,126,0,whole
package_aa/000100666-1_1_1/000100666-1_1_1.png,588,0,635,126,5,whole
package_aa/000100666-1_1_1/000100666-1_1_1.png,748,0,795,126,6,whole
package_aa/000100666-1_1_1/000100666-1_1_1.png,908,0,955,126,7,whole
package_ab/212003493-1_1_1/212003493-1_1_1.png,557,0,604,153,1,whole
package_ab/212003493-1_1_1/212003493-1_1_1.png,1168,0,1215,153,6,whole
package_ab/211002986-1_1_1/211002986-1_1_1.png,281,0,328,127,0,whole
package_ab/211002986-1_1_1/211002986-1_1_1.png,387,0,434,127,1,whole
package_ab/211002986-1_1_1/211002986-1_1_1.png,1302,0,1349,127,11,whole
package_ab/211002986-1_1_1/211002986-1_1_1.png,1476,0,1523,127,13,whole
package_ab/220018422-1_2_1/220018422-1_2_1.png,735,0,782,119,5,whole
package_ab/220018422-1_2_1/220018422-1_2_1.png,1542,0,1589,119,12,whole
package_aa/000104051-1_1_1/000104051-1_1_1.png,122,0,169,126,0,whole
package_aa/000104051-1_1_1/000104051-1_1_1.png,316,0,363,126,1,whole
package_aa/000130515-1_1_1/000130515-1_1_1.png,159,0,206,118,0,whole
package_aa/000130515-1_1_1/000130515-1_1_1.png,1078,0,1125,118,7,whole
package_aa/000105922-1_1_1/000105922-1_1_1.png,366,0,413,145,0,whole
package_aa/000105922-1_1_1/000105922-1_1_1.png,1080,0,1127,145,3,whole
package_aa/000105922-1_1_1/000105922-1_1_1.png,1610,0,1657,145,6,whole
package_ab/225001228-1_1_1/225001228-1_1_1.png,1251,0,1298,127,12,whole
package_aa/000121762-1_4_1/000121762-1_4_1.png,167,0,203,171,0,thirty_second
package_aa/000121762-1_4_1/000121762-1_4_1.png,202,0,244,171,1,thirty_second
package_aa/000121762-1_4_1/000121762-1_4_1.png,242,0,278,171,2,thirty_second
package_ab/211002299-1_1_1/211002299-1_1_1.png,290,0,337,127,0,whole
package_ab/211002299-1_1_1/211002299-1_1_1.png,432,0,479,127,1,whole
package_ab/211002299-1_1_1/211002299-1_1_1.png,1335,0,1382,127,9,whole
package_ab/211002299-1_1_1/211002299-1_1_1.png,1600,0,1647,127,12,whole
package_ab/211003434-1_1_1/211003434-1_1_1.png,509,0,556,126,1,whole
package_ab/211003434-1_1_1/211003434-1_1_1.png,773,0,820,126,5,whole
package_ab/211010766-1_1_1/211010766-1_1_1.png,673,0,720,119,6,whole
package_aa/100029499-1_5_1/100029499-1_5_1.png,157,0,204,124,0,whole
package_aa/100029499-1_5_1/100029499-1_5_1.png,317,0,364,124,1,whole
package_aa/100029499-1_5_1/100029499-1_5_1.png,582,0,629,124,3,whole
package_aa/100029499-1_5_1/100029499-1_5_1.png,847,0,894,124,5,whole
package_aa/100029499-1_5_1/100029499-1_5_1.png,1007,0,1054,124,6,whole
package_aa/100029499-1_5_1/100029499-1_5_1.png,1167,0,1214,124,7,whole
package_aa/100029499-1_5_1/100029499-1_5_1.png,1327,0,1374,124,8,whole
package_ab/225001318-1_1_1/225001318-1_1_1.png,152,0,199,125,0,whole
package_ab/225001318-1_1_1/225001318-1_1_1.png,1101,0,1148,125,8,whole
package_aa/000130946-1_1_1/000130946-1_1_1.png,295,0,332,172,1,thirty_second
package_aa/000130946-1_1_1/000130946-1_1_1.png,327,0,363,172,2,thirty_second
package_aa/000130946-1_1_1/000130946-1_1_1.png,479,0,515,172,4,thirty_second
package_aa/000130946-1_1_1/000130946-1_1_1.png,510,0,547,172,5,thirty_second
package_aa/000130946-1_1_1/000130946-1_1_1.png,693,0,730,172,7,thirty_second
package_aa/000130946-1_1_1/000130946-1_1_1.png,725,0,761,172,8,thirty_second
package_aa/000130946-1_1_1/000130946-1_1_1.png,1020,0,1057,172,11,thirty_second
package_aa/000130946-1_1_1/000130946-1_1_1.png,1053,0,1089,172,12,thirty_second
package_aa/000130946-1_1_1/000130946-1_1_1.png,1204,0,1240,172,14,thirty_second
package_aa/000130946-1_1_1/000130946-1_1_1.png,1235,0,1272,172,15,thirty_second
package_aa/000130946-1_1_1/000130946-1_1_1.png,1419,0,1455,172,17,thirty_second
package_aa/000130946-1_1_1/000130946-1_1_1.png,1450,0,1487,172,18,thirty_second
package_aa/000100657-1_1_1/000100657-1_1_1.png,279,0,326,126,0,whole
package_aa/100501223-1_1_2/100501223-1_1_2.png,323,0,370,169,3,thirty_second
package_aa/100501223-1_1_2/100501223-1_1_2.png,356,0,398,169,4,thirty_second
package_aa/100501223-1_1_2/100501223-1_1_2.png,531,0,573,169,8,thirty_second
package_aa/100501223-1_1_2/100501223-1_1_2.png,558,0,605,169,9,thirty_second
package_aa/100501223-1_1_2/100501223-1_1_2.png,756,0,798,169,13,thirty_second
package_aa/100501223-1_1_2/100501223-1_1_2.png,790,0,826,169,14,thirty_second
package_aa/100501223-1_1_2/100501223-1_1_2.png,892,0,934,169,17,thirty_second
package_aa/100501223-1_1_2/100501223-1_1_2.png,925,0,961,169,18,thirty_second
package_aa/100501223-1_1_2/100501223-1_1_2.png,1030,0,1066,169,21,thirty_second
package_aa/100501223-1_1_2/100501223-1_1_2.png,1058,0,1100,169,22,thirty_second
package_ab/230000075-1_1_1/230000075-1_1_1.png,633,0,680,147,6,whole
package_ab/200230140-1_1_1/200230140-1_1_1.png,702,0,763,127,4,whole
package_ab/220017832-1_1_1/220017832-1_1_1.png,944,0,1005,135,8,whole
package_aa/100030700-1_1_1/100030700-1_1_1.png,151,0,198,125,0,whole
package_aa/100030700-1_1_1/100030700-1_1_1.png,555,0,602,125,3,whole
package_aa/100030700-1_1_1/100030700-1_1_1.png,715,0,762,125,4,whole
package_aa/100030700-1_1_1/100030700-1_1_1.png,909,0,956,125,5,whole
package_aa/100030700-1_1_1/100030700-1_1_1.png,1313,0,1360,125,8,whole
package_ab/150204509-1_1_1/150204509-1_1_1.png,608,0,655,118,6,whole
package_ab/180000683-1_1_1/180000683-1_1_1.png,808,0,845,162,18,thirty_second
package_ab/180000683-1_1_1/180000683-1_1_1.png,835,0,877,162,19,thirty_second
package_ab/180000683-1_1_1/180000683-1_1_1.png,865,0,907,162,20,thirty_second
package_ab/180000683-1_1_1/180000683-1_1_1.png,895,0,937,162,21,thirty_second
package_ab/180000683-1_1_1/180000683-1_1_1.png,930,0,964,162,22,thirty_second
package_ab/180000683-1_1_1/180000683-1_1_1.png,959,0,996,162,23,thirty_second
package_ab/190019914-1_1_1/190019914-1_1_1.png,162,0,198,155,0,thirty_second
package_ab/190019914-1_1_1/190019914-1_1_1.png,193,0,230,155,1,thirty_second
package_ab/190019914-1_1_1/190019914-1_1_1.png,225,0,261,155,2,thirty_second
package_aa/000104007-1_1_1/000104007-1_1_1.png,318,0,365,153,0,whole
package_aa/000104007-1_1_1/000104007-1_1_1.png,478,0,525,153,1,whole
package_aa/000104007-1_1_1/000104007-1_1_1.png,915,0,962,153,4,whole
package_aa/100030124-1_1_1/100030124-1_1_1.png,910,0,957,153,6,whole
package_ab/150200728-1_1_1/150200728-1_1_1.png,1625,0,1672,143,11,whole
package_aa/000102270-1_27_1/000102270-1_27_1.png,208,0,255,122,0,whole
package_aa/000102270-1_27_1/000102270-1_27_1.png,706,0,767,122,4,whole
package_ab/230002206-1_1_1/230002206-1_1_1.png,564,0,611,128,4,whole
package_ab/230002206-1_1_1/230002206-1_1_1.png,758,0,805,128,5,whole
package_aa/000101720-1_1_1/000101720-1_1_1.png,1661,0,1708,157,10,whole
package_aa/000121448-1_1_1/000121448-1_1_1.png,234,0,281,157,0,thirty_second
package_aa/000121448-1_1_1/000121448-1_1_1.png,266,0,308,157,1,thirty_second
package_aa/000121448-1_1_1/000121448-1_1_1.png,386,0,433,157,4,thirty_second
package_aa/000121448-1_1_1/000121448-1_1_1.png,419,0,461,157,5,thirty_second
package_aa/000121448-1_1_1/000121448-1_1_1.png,569,0,616,157,8,thirty_second
package_aa/000121448-1_1_1/000121448-1_1_1.png,602,0,644,157,9,thirty_second
package_aa/000121448-1_1_1/000121448-1_1_1.png,722,0,769,157,12,thirty_second
package_aa/000121448-1_1_1/000121448-1_1_1.png,755,0,797,157,13,thirty_second
package_aa/000121448-1_1_1/000121448-1_1_1.png,907,0,949,157,16,thirty_second
package_aa/000121448-1_1_1/000121448-1_1_1.png,937,0,979,157,17,thirty_second
package_aa/000121448-1_1_1/000121448-1_1_1.png,1060,0,1102,157,20,thirty_second
package_aa/000121448-1_1_1/000121448-1_1_1.png,1090,0,1132,157,21,thirty_second
package_ab/150202644-1_1_2/150202644-1_1_2.png,120,0,181,118,0,whole
package_ab/150202644-1_1_2/150202644-1_1_2.png,496,0,543,118,3,whole
package_ab/150202644-1_1_2/150202644-1_1_2.png,1286,0,1333,118,9,whole
package_aa/000106551-1_1_1/000106551-1_1_1.png,128,0,175,106,0,whole
package_aa/000106551-1_1_1/000106551-1_1_1.png,1099,0,1146,106,7,whole
package_aa/000115987-6_1_1/000115987-6_1_1.png,1336,0,1373,155,19,thirty_second
package_aa/000115987-6_1_1/000115987-6_1_1.png,1367,0,1404,155,20,thirty_second
package_ab/211008099-1_7_1/211008099-1_7_1.png,162,0,209,127,0,whole
package_ab/211008099-1_7_1/211008099-1_7_1.png,586,0,633,127,3,whole
package_ab/211008099-1_7_1/211008099-1_7_1.png,769,0,816,127,4,whole
package_ab/211008099-1_7_1/211008099-1_7_1.png,1793,0,1840,127,11,whole
package_ab/230001888-1_1_1/230001888-1_1_1.png,505,0,552,145,4,whole
package_aa/100028701-1_1_1/100028701-1_1_1.png,1409,0,1456,147,12,whole
package_aa/000105841-2_1_1/000105841-2_1_1.png,125,0,172,173,0,whole
package_ab/211005970-1_1_2/211005970-1_1_2.png,147,0,194,125,0,whole
package_ab/211005970-1_1_2/211005970-1_1_2.png,937,0,984,125,7,whole
package_ab/211005970-1_1_2/211005970-1_1_2.png,1097,0,1144,125,8,whole
package_ab/211006251-1_5_1/211006251-1_5_1.png,178,0,239,123,0,whole
package_ab/211006251-1_5_1/211006251-1_5_1.png,338,0,399,123,1,whole
package_ab/211006251-1_5_1/211006251-1_5_1.png,715,0,762,123,4,whole
package_ab/211006251-1_5_1/211006251-1_5_1.png,1085,0,1132,123,7,whole
package_ab/211002244-1_1_2/211002244-1_1_2.png,1054,0,1101,129,0,whole
package_ab/211002244-1_1_2/211002244-1_1_2.png,1105,0,1166,129,1,whole
package_ab/211002244-1_1_2/211002244-1_1_2.png,1169,0,1216,129,2,whole
package_ab/211002244-1_1_2/211002244-1_1_2.png,1314,0,1361,129,3,whole
package_ab/211002244-1_1_2/211002244-1_1_2.png,1459,0,1506,129,4,whole
package_ab/211002244-1_1_2/211002244-1_1_2.png,1516,0,1563,129,5,whole
package_ab/211002244-1_1_2/211002244-1_1_2.png,1573,0,1620,129,6,whole
package_ab/211002244-1_1_2/211002244-1_1_2.png,1631,0,1678,129,7,whole
package_ab/211002244-1_1_2/211002244-1_1_2.png,1775,0,1822,129,8,whole
package_ab/211002244-1_1_2/211002244-1_1_2.png,1920,0,1967,129,9,whole
package_ab/220032329-1_1_1/220032329-1_1_1.png,1340,0,1387,137,14,whole
package_ab/190026790-1_1_1/190026790-1_1_1.png,108,0,155,127,0,whole
package_ab/190026790-1_1_1/190026790-1_1_1.png,213,0,260,127,1,whole
package_ab/190026790-1_1_1/190026790-1_1_1.png,317,0,364,127,2,whole
package_ab/190026790-1_1_1/190026790-1_1_1.png,421,0,468,127,3,whole
package_ab/190026790-1_1_1/190026790-1_1_1.png,526,0,573,127,4,whole
package_ab/190026790-1_1_1/190026790-1_1_1.png,836,0,883,127,8,whole
package_ab/190026790-1_1_1/190026790-1_1_1.png,1009,0,1056,127,10,whole
package_ab/190026790-1_1_1/190026790-1_1_1.png,1217,0,1264,127,11,whole
package_ab/190026790-1_1_1/190026790-1_1_1.png,1459,0,1506,127,14,whole
package_ab/190026790-1_1_1/190026790-1_1_1.png,1563,0,1610,127,15,whole
package_ab/190026790-1_1_1/190026790-1_1_1.png,1873,0,1920,127,19,whole
package_ab/150205075-1_1_1/150205075-1_1_1.png,223,0,259,128,1,thirty_second
package_ab/150205075-1_1_1/150205075-1_1_1.png,255,0,292,128,2,thirty_second
package_ab/150205075-1_1_1/150205075-1_1_1.png,422,0,458,128,6,thirty_second
package_ab/150205075-1_1_1/150205075-1_1_1.png,453,0,490,128,7,thirty_second
package_ab/220031102-1_1_1/220031102-1_1_1.png,158,0,205,123,0,whole
package_ab/220031102-1_1_1/220031102-1_1_1.png,257,0,318,123,1,whole
package_ab/220031102-1_1_1/220031102-1_1_1.png,362,0,423,123,2,whole
package_ab/220031102-1_1_1/220031102-1_1_1.png,627,0,688,123,3,whole
package_ab/220031102-1_1_1/220031102-1_1_1.png,892,0,953,123,4,whole
package_aa/000105266-1_1_1/000105266-1_1_1.png,122,0,169,126,0,whole
package_aa/000105266-1_1_1/000105266-1_1_1.png,316,0,363,126,1,whole
package_aa/100500725-1_3_1/100500725-1_3_1.png,316,0,363,147,0,whole
package_aa/100500725-1_3_1/100500725-1_3_1.png,992,0,1039,147,5,whole
package_ab/211002333-1_1_1/211002333-1_1_1.png,1610,0,1657,130,13,whole
package_ab/211002333-1_1_1/211002333-1_1_1.png,1794,0,1841,130,14,whole
package_aa/000126849-1_1_1/000126849-1_1_1.png,549,0,585,164,5,thirty_second
package_aa/000126849-1_1_1/000126849-1_1_1.png,580,0,617,164,6,thirty_second
package_aa/000126849-1_1_1/000126849-1_1_1.png,612,0,648,164,7,thirty_second
package_aa/000126849-1_1_1/000126849-1_1_1.png,643,0,680,164,8,thirty_second
package_aa/000126849-1_1_1/000126849-1_1_1.png,1055,0,1091,164,15,thirty_second
package_aa/000126849-1_1_1/000126849-1_1_1.png,1086,0,1123,164,16,thirty_second
package_aa/000126849-1_1_1/000126849-1_1_1.png,1118,0,1154,164,17,thirty_second
package_aa/000126849-1_1_1/000126849-1_1_1.png,1149,0,1186,164,18,thirty_second
package_ab/220018740-1_2_1/220018740-1_2_1.png,327,0,374,135,2,whole
package_ab/190100674-1_1_1/190100674-1_1_1.png,204,0,251,118,0,whole
package_aa/000113557-1_1_1/000113557-1_1_1.png,809,0,856,125,7,whole
package_ab/230005931-1_6_1/230005931-1_6_1.png,851,0,898,148,5,whole
package_aa/000116826-9_1_1/000116826-9_1_1.png,172,0,209,157,0,thirty_second
package_aa/000116826-9_1_1/000116826-9_1_1.png,204,0,241,157,1,thirty_second
package_aa/000116826-9_1_1/000116826-9_1_1.png,236,0,273,157,2,thirty_second
package_aa/000116826-9_1_1/000116826-9_1_1.png,288,0,325,157,3,thirty_second
package_aa/000116826-9_1_1/000116826-9_1_1.png,319,0,356,157,4,thirty_second
package_aa/000116826-9_1_1/000116826-9_1_1.png,351,0,388,157,5,thirty_second
package_aa/000116826-9_1_1/000116826-9_1_1.png,382,0,419,157,6,thirty_second
package_aa/000116826-9_1_1/000116826-9_1_1.png,414,0,451,157,7,thirty_second
package_aa/000116826-9_1_1/000116826-9_1_1.png,445,0,482,157,8,thirty_second
package_aa/000116826-9_1_1/000116826-9_1_1.png,477,0,514,157,9,thirty_second
package_aa/000116826-9_1_1/000116826-9_1_1.png,509,0,546,157,10,thirty_second
package_aa/000116826-9_1_1/000116826-9_1_1.png,540,0,577,157,11,thirty_second
package_aa/000116826-9_1_1/000116826-9_1_1.png,572,0,609,157,12,thirty_second
package_aa/000116826-9_1_1/000116826-9_1_1.png,603,0,640,157,13,thirty_second
package_aa/000116826-9_1_1/000116826-9_1_1.png,635,0,672,157,14,thirty_second
package_aa/000116826-9_1_1/000116826-9_1_1.png,666,0,703,157,15,thirty_second
package_aa/000116826-9_1_1/000116826-9_1_1.png,740,0,777,157,16,thirty_second
package_aa/000116826-9_1_1/000116826-9_1_1.png,771,0,808,157,17,thirty_second
package_aa/000116826-9_1_1/000116826-9_1_1.png,803,0,840,157,18,thirty_second
package_aa/000116826-9_1_1/000116826-9_1_1.png,852,0,888,157,19,thirty_second
package_aa/000116826-9_1_1/000116826-9_1_1.png,883,0,920,157,20,thirty_second
package_aa/000116826-9_1_1/000116826-9_1_1.png,914,0,951,157,21,thirty_second
package_aa/000116826-9_1_1/000116826-9_1_1.png,946,0,983,157,22,thirty_second
package_aa/000116826-9_1_1/000116826-9_1_1.png,978,0,1015,157,23,thirty_second
package_aa/000116826-9_1_1/000116826-9_1_1.png,1010,0,1047,157,24,thirty_second
package_aa/000116826-9_1_1/000116826-9_1_1.png,1041,0,1078,157,25,thirty_second
package_aa/000116826-9_1_1/000116826-9_1_1.png,1072,0,1109,157,26,thirty_second
package_aa/000116826-9_1_1/000116826-9_1_1.png,1104,0,1141,157,27,thirty_second
package_aa/000116826-9_1_1/000116826-9_1_1.png,1136,0,1173,157,28,thirty_second
package_aa/000116826-9_1_1/000116826-9_1_1.png,1168,0,1205,157,29,thirty_second
package_aa/000116826-9_1_1/000116826-9_1_1.png,1199,0,1236,157,30,thirty_second
package_aa/000116826-9_1_1/000116826-9_1_1.png,1231,0,1268,157,31,thirty_second
package_aa/000137493-1_2_1/000137493-1_2_1.png,202,0,244,179,0,thirty_second
package_aa/000137493-1_2_1/000137493-1_2_1.png,254,0,296,179,1,thirty_second
package_aa/000137493-1_2_1/000137493-1_2_1.png,398,0,440,179,3,thirty_second
package_aa/000137493-1_2_1/000137493-1_2_1.png,432,0,468,179,4,thirty_second
package_aa/000137493-1_2_1/000137493-1_2_1.png,540,0,576,179,6,thirty_second
package_aa/000137493-1_2_1/000137493-1_2_1.png,570,0,606,179,7,thirty_second
package_aa/100028759-1_3_1/100028759-1_3_1.png,124,0,171,127,0,whole
package_ab/230004664-1_1_1/230004664-1_1_1.png,950,0,997,134,8,whole
package_ab/211010085-1_2_1/211010085-1_2_1.png,774,0,810,137,10,thirty_second
package_ab/211010085-1_2_1/211010085-1_2_1.png,802,0,844,137,11,thirty_second
package_ab/211010085-1_2_1/211010085-1_2_1.png,835,0,871,137,12,thirty_second
package_ab/211010085-1_2_1/211010085-1_2_1.png,862,0,904,137,13,thirty_second
package_aa/000108524-1_2_1/000108524-1_2_1.png,377,0,414,147,0,thirty_second
package_aa/000108524-1_2_1/000108524-1_2_1.png,409,0,445,147,1,thirty_second
package_aa/000108524-1_2_1/000108524-1_2_1.png,463,0,500,147,2,thirty_second
package_aa/000108524-1_2_1/000108524-1_2_1.png,802,0,839,147,4,thirty_second
package_aa/000108524-1_2_1/000108524-1_2_1.png,835,0,871,147,5,thirty_second
package_aa/000108524-1_2_1/000108524-1_2_1.png,889,0,926,147,6,thirty_second
package_aa/000108524-1_2_1/000108524-1_2_1.png,1228,0,1265,147,8,thirty_second
package_aa/000108524-1_2_1/000108524-1_2_1.png,1260,0,1297,147,9,thirty_second
package_aa/000108524-1_2_1/000108524-1_2_1.png,1291,0,1328,147,10,thirty_second
package_ab/225001130-1_1_1/225001130-1_1_1.png,881,0,928,127,6,whole
package_ab/230005066-1_5_1/230005066-1_5_1.png,392,0,439,125,2,whole
package_ab/230005066-1_5_1/230005066-1_5_1.png,872,0,919,125,5,whole
package_aa/000100146-1_1_1/000100146-1_1_1.png,188,0,225,173,1,thirty_second
package_aa/000100146-1_1_1/000100146-1_1_1.png,219,0,256,173,2,thirty_second
package_aa/000100146-1_1_1/000100146-1_1_1.png,474,0,510,173,10,thirty_second
package_aa/000100146-1_1_1/000100146-1_1_1.png,505,0,542,173,11,thirty_second
package_aa/000100146-1_1_1/000100146-1_1_1.png,632,0,668,173,15,thirty_second
package_aa/000100146-1_1_1/000100146-1_1_1.png,663,0,700,173,16,thirty_second
package_aa/000104029-1_1_1/000104029-1_1_1.png,320,0,367,120,0,whole
package_aa/000104029-1_1_1/000104029-1_1_1.png,516,0,563,120,1,whole
package_aa/000104029-1_1_1/000104029-1_1_1.png,712,0,759,120,2,whole
package_aa/000104029-1_1_1/000104029-1_1_1.png,907,0,954,120,3,whole
package_aa/000104029-1_1_1/000104029-1_1_1.png,1103,0,1150,120,4,whole
package_aa/000104029-1_1_1/000104029-1_1_1.png,1299,0,1346,120,5,whole
package_aa/000104047-1_1_1/000104047-1_1_1.png,124,0,171,133,0,whole
package_aa/000104047-1_1_1/000104047-1_1_1.png,320,0,367,133,1,whole
package_ab/230004492-1_1_1/230004492-1_1_1.png,1642,0,1689,143,11,whole
package_ab/212001425-1_3_1/212001425-1_3_1.png,277,0,338,127,1,whole
package_ab/212001425-1_3_1/212001425-1_3_1.png,916,0,977,127,8,whole
package_aa/000117083-1_2_1/000117083-1_2_1.png,427,0,463,149,3,thirty_second
package_aa/000117083-1_2_1/000117083-1_2_1.png,454,0,496,149,4,thirty_second
package_aa/000117083-1_2_1/000117083-1_2_1.png,777,0,813,149,11,thirty_second
package_aa/000117083-1_2_1/000117083-1_2_1.png,804,0,846,149,12,thirty_second
package_ab/220017829-1_1_1/220017829-1_1_1.png,912,0,973,135,6,whole
package_ab/220017829-1_1_1/220017829-1_1_1.png,1624,0,1671,135,11,whole
package_ab/230001267-1_4_1/230001267-1_4_1.png,521,0,568,137,3,whole
package_ab/230001267-1_4_1/230001267-1_4_1.png,822,0,869,137,5,whole
package_ab/230001267-1_4_1/230001267-1_4_1.png,1123,0,1170,137,7,whole
package_aa/000105049-1_1_1/000105049-1_1_1.png,1036,0,1097,163,6,whole
package_aa/100028663-1_4_1/100028663-1_4_1.png,450,0,497,126,5,whole
package_aa/000123548-1_1_1/000123548-1_1_1.png,572,0,609,137,9,thirty_second
package_aa/000123548-1_1_1/000123548-1_1_1.png,603,0,640,137,10,thirty_second
package_aa/000120798-1_1_1/000120798-1_1_1.png,740,0,787,109,8,whole
package_aa/000140585-1_1_1/000140585-1_1_1.png,1417,0,1464,126,0,whole
package_aa/000140585-1_1_1/000140585-1_1_1.png,1554,0,1615,126,1,whole
package_aa/000140585-1_1_1/000140585-1_1_1.png,1669,0,1716,126,2,whole
package_aa/000142007-1_1_1/000142007-1_1_1.png,250,0,284,136,1,thirty_second
package_aa/000142007-1_1_1/000142007-1_1_1.png,279,0,321,136,2,thirty_second
package_aa/000121769-1_1_1/000121769-1_1_1.png,162,0,199,156,0,thirty_second
package_aa/000121769-1_1_1/000121769-1_1_1.png,194,0,230,156,1,thirty_second
package_aa/000121769-1_1_1/000121769-1_1_1.png,225,0,262,156,2,thirty_second
package_aa/000121769-1_1_1/000121769-1_1_1.png,357,0,394,156,4,thirty_second
package_aa/000121769-1_1_1/000121769-1_1_1.png,389,0,425,156,5,thirty_second
package_aa/000121769-1_1_1/000121769-1_1_1.png,421,0,458,156,6,thirty_second
package_aa/000121769-1_1_1/000121769-1_1_1.png,532,0,569,156,8,thirty_second
package_aa/000121769-1_1_1/000121769-1_1_1.png,564,0,600,156,9,thirty_second
package_aa/000121769-1_1_1/000121769-1_1_1.png,595,0,632,156,10,thirty_second
package_ab/225001157-1_1_1/225001157-1_1_1.png,536,0,583,124,3,whole
package_ab/190005289-1_1_1/190005289-1_1_1.png,1144,0,1191,147,9,whole
package_ab/190005107-1_1_1/190005107-1_1_1.png,329,0,376,152,0,whole
package_ab/190005107-1_1_1/190005107-1_1_1.png,627,0,674,152,1,whole
package_ab/190005107-1_1_1/190005107-1_1_1.png,925,0,972,152,2,whole
package_ab/190005107-1_1_1/190005107-1_1_1.png,1224,0,1271,152,3,whole
package_aa/100500529-1_1_2/100500529-1_1_2.png,1490,0,1537,153,10,whole
package_aa/000101042-1_1_2/000101042-1_1_2.png,367,0,414,147,0,whole
package_aa/000101042-1_1_2/000101042-1_1_2.png,593,0,640,147,1,whole
package_aa/000108318-1_1_1/000108318-1_1_1.png,199,0,246,138,0,whole
package_aa/000108318-1_1_1/000108318-1_1_1.png,395,0,442,138,1,whole
package_aa/000108318-1_1_1/000108318-1_1_1.png,590,0,637,138,2,whole
package_aa/000108318-1_1_1/000108318-1_1_1.png,1039,0,1076,138,6,thirty_second
package_aa/000108318-1_1_1/000108318-1_1_1.png,1071,0,1108,138,7,thirty_second
package_aa/000108318-1_1_1/000108318-1_1_1.png,1102,0,1139,138,8,thirty_second
package_aa/000108318-1_1_1/000108318-1_1_1.png,1134,0,1171,138,9,thirty_second
package_ab/190005506-1_2_1/190005506-1_2_1.png,279,0,326,109,0,whole
package_ab/190005506-1_2_1/190005506-1_2_1.png,439,0,486,109,1,whole
package_ab/190005506-1_2_1/190005506-1_2_1.png,634,0,681,109,2,whole
package_ab/190005506-1_2_1/190005506-1_2_1.png,787,0,848,109,3,whole
package_ab/190005506-1_2_1/190005506-1_2_1.png,954,0,1001,109,4,whole
package_ab/190005506-1_2_1/190005506-1_2_1.png,1142,0,1203,109,5,whole
package_aa/000123419-1_1_1/000123419-1_1_1.png,891,0,938,141,6,whole
package_ab/230005073-1_15_1/230005073-1_15_1.png,419,0,466,110,3,whole
package_ab/230005073-1_15_1/230005073-1_15_1.png,615,0,662,110,4,whole
package_ab/230005073-1_15_1/230005073-1_15_1.png,1021,0,1068,110,7,whole
package_ab/230005073-1_15_1/230005073-1_15_1.png,1181,0,1228,110,8,whole
package_ab/225001134-1_1_1/225001134-1_1_1.png,1188,0,1235,119,9,whole
package_aa/000130556-1_1_1/000130556-1_1_1.png,451,0,498,145,3,whole
package_ab/230002742-1_3_1/230002742-1_3_1.png,1102,0,1149,164,24,whole
package_ab/220017657-1_1_1/220017657-1_1_1.png,126,0,173,113,0,whole
package_ab/220017657-1_1_1/220017657-1_1_1.png,265,0,312,113,1,whole
package_ab/220017657-1_1_1/220017657-1_1_1.png,542,0,589,113,3,whole
package_ab/220017657-1_1_1/220017657-1_1_1.png,819,0,866,113,6,whole
package_ab/220017657-1_1_1/220017657-1_1_1.png,924,0,971,113,7,whole
package_ab/220017657-1_1_1/220017657-1_1_1.png,1063,0,1110,113,8,whole
package_ab/220017657-1_1_1/220017657-1_1_1.png,1168,0,1215,113,9,whole
package_aa/000126181-1_1_1/000126181-1_1_1.png,199,0,260,127,0,whole
package_ab/150202474-1_1_1/150202474-1_1_1.png,119,0,166,127,0,whole
package_ab/150202474-1_1_1/150202474-1_1_1.png,975,0,1022,127,9,whole
package_aa/100219113-1_1_1/100219113-1_1_1.png,286,0,333,147,0,whole
package_ab/220030298-1_1_1/220030298-1_1_1.png,366,0,413,127,0,whole
package_ab/210097473-1_14_1/210097473-1_14_1.png,450,0,497,127,2,whole
package_ab/220015063-1_1_1/220015063-1_1_1.png,161,0,208,139,0,whole
package_ab/220015063-1_1_1/220015063-1_1_1.png,595,0,642,139,3,whole
package_ab/220015063-1_1_1/220015063-1_1_1.png,796,0,843,139,4,whole
package_ab/230005553-1_18_2/230005553-1_18_2.png,783,0,819,159,10,thirty_second
package_ab/230005553-1_18_2/230005553-1_18_2.png,811,0,853,159,11,thirty_second
package_aa/000122046-1_1_1/000122046-1_1_1.png,732,0,779,137,7,whole
package_aa/000116873-1_1_1/000116873-1_1_1.png,550,0,592,138,8,thirty_second
package_aa/000116873-1_1_1/000116873-1_1_1.png,585,0,619,138,9,thirty_second
package_aa/000116873-1_1_1/000116873-1_1_1.png,777,0,819,138,13,thirty_second
package_aa/000116873-1_1_1/000116873-1_1_1.png,812,0,846,138,14,thirty_second
package_ab/150202064-1_1_1/150202064-1_1_1.png,432,0,479,118,0,whole
package_ab/220016912-1_8_1/220016912-1_8_1.png,426,0,487,160,1,whole
package_ab/220016912-1_8_1/220016912-1_8_1.png,901,0,948,160,5,whole
package_ab/220016912-1_8_1/220016912-1_8_1.png,1334,0,1381,160,7,whole
package_ab/220016912-1_8_1/220016912-1_8_1.png,1796,0,1857,160,11,whole
package_ab/220032255-1_1_2/220032255-1_1_2.png,278,0,325,100,0,whole
package_ab/220032255-1_1_2/220032255-1_1_2.png,383,0,430,100,1,whole
package_ab/220032255-1_1_2/220032255-1_1_2.png,488,0,535,100,2,whole
package_ab/220032255-1_1_2/220032255-1_1_2.png,662,0,709,100,4,whole
package_aa/000142661-1_14_1/000142661-1_14_1.png,168,0,215,127,0,whole
package_aa/000142661-1_14_1/000142661-1_14_1.png,860,0,921,127,5,whole
package_ab/211004155-1_1_1/211004155-1_1_1.png,120,0,167,118,0,whole
package_ab/211004155-1_1_1/211004155-1_1_1.png,489,0,536,118,3,whole
package_ab/211004155-1_1_1/211004155-1_1_1.png,998,0,1045,118,8,whole
package_ab/211004155-1_1_1/211004155-1_1_1.png,1263,0,1310,118,10,whole
package_aa/000138068-1_2_1/000138068-1_2_1.png,277,0,311,156,1,thirty_second
package_aa/000138068-1_2_1/000138068-1_2_1.png,303,0,345,156,2,thirty_second
package_aa/000138068-1_2_1/000138068-1_2_1.png,337,0,371,156,3,thirty_second
package_aa/000138068-1_2_1/000138068-1_2_1.png,363,0,405,156,4,thirty_second
package_aa/100500761-1_4_1/100500761-1_4_1.png,316,0,363,145,0,whole
package_aa/000104169-1_1_1/000104169-1_1_1.png,286,0,333,147,0,whole
package_aa/000104169-1_1_1/000104169-1_1_1.png,481,0,528,147,1,whole
package_aa/000104169-1_1_1/000104169-1_1_1.png,675,0,722,147,2,whole
package_aa/000104169-1_1_1/000104169-1_1_1.png,1344,0,1405,147,7,whole
package_ab/220018664-1_1_1/220018664-1_1_1.png,947,0,994,147,9,whole
package_aa/000110778-1_1_1/000110778-1_1_1.png,1351,0,1398,127,10,whole
package_aa/000103929-1_1_1/000103929-1_1_1.png,299,0,360,154,0,whole
package_aa/000103929-1_1_1/000103929-1_1_1.png,511,0,572,154,1,whole
package_aa/000103929-1_1_1/000103929-1_1_1.png,729,0,776,154,2,whole
package_aa/000103929-1_1_1/000103929-1_1_1.png,941,0,988,154,3,whole
package_aa/000103929-1_1_1/000103929-1_1_1.png,1147,0,1208,154,4,whole
package_aa/000103929-1_1_1/000103929-1_1_1.png,1802,0,1849,154,6,whole
package_ab/211005794-1_1_1/211005794-1_1_1.png,147,0,194,150,0,whole
package_ab/211005794-1_1_1/211005794-1_1_1.png,285,0,332,150,1,whole
package_ab/211005794-1_1_1/211005794-1_1_1.png,514,0,561,150,3,whole
package_ab/211005794-1_1_1/211005794-1_1_1.png,924,0,971,150,7,whole
package_ab/211005794-1_1_1/211005794-1_1_1.png,1062,0,1109,150,8,whole
package_ab/211005794-1_1_1/211005794-1_1_1.png,1201,0,1248,150,9,whole
package_ab/211005794-1_1_1/211005794-1_1_1.png,1429,0,1476,150,11,whole
package_ab/211005794-1_1_1/211005794-1_1_1.png,1839,0,1886,150,15,whole
package_ab/220034375-1_15_1/220034375-1_15_1.png,1555,0,1616,127,9,whole
package_ab/220034375-1_15_1/220034375-1_15_1.png,1782,0,1843,127,10,whole
package_aa/000111369-1_1_2/000111369-1_1_2.png,498,0,534,180,4,thirty_second
package_aa/000111369-1_1_2/000111369-1_1_2.png,525,0,567,180,5,thirty_second
package_aa/000138446-1_1_1/000138446-1_1_1.png,377,0,424,147,0,whole
package_aa/000138446-1_1_1/000138446-1_1_1.png,800,0,847,147,3,whole
package_aa/000138446-1_1_1/000138446-1_1_1.png,967,0,1014,147,4,whole
package_aa/000138446-1_1_1/000138446-1_1_1.png,1641,0,1688,147,9,whole
package_aa/100500763-1_8_1/100500763-1_8_1.png,320,0,367,147,0,whole
package_aa/100500763-1_8_1/100500763-1_8_1.png,749,0,810,147,3,whole
package_aa/100500763-1_8_1/100500763-1_8_1.png,943,0,1004,147,4,whole
package_aa/100500763-1_8_1/100500763-1_8_1.png,1138,0,1199,147,5,whole
package_aa/100500763-1_8_1/100500763-1_8_1.png,1333,0,1394,147,6,whole
package_ab/225001271-1_1_1/225001271-1_1_1.png,159,0,206,110,0,whole
package_ab/225001271-1_1_1/225001271-1_1_1.png,1351,0,1398,110,10,whole
package_ab/210000305-1_5_1/210000305-1_5_1.png,581,0,617,142,7,thirty_second
package_ab/210000305-1_5_1/210000305-1_5_1.png,613,0,650,142,8,thirty_second
package_ab/210000305-1_5_1/210000305-1_5_1.png,644,0,681,142,9,thirty_second
package_ab/210000305-1_5_1/210000305-1_5_1.png,676,0,713,142,10,thirty_second
package_aa/000104123-1_2_1/000104123-1_2_1.png,118,0,179,127,0,whole
package_aa/000104123-1_2_1/000104123-1_2_1.png,319,0,366,127,1,whole
package_aa/000104123-1_2_1/000104123-1_2_1.png,988,0,1049,127,6,whole
package_ab/211005497-1_4_1/211005497-1_4_1.png,191,0,238,123,0,whole
package_ab/220018022-1_1_1/220018022-1_1_1.png,991,0,1052,135,7,whole
package_ab/200230051-1_1_1/200230051-1_1_1.png,302,0,338,190,1,thirty_second
package_ab/200230051-1_1_1/200230051-1_1_1.png,334,0,370,190,2,thirty_second
package_ab/200230051-1_1_1/200230051-1_1_1.png,365,0,401,190,3,thirty_second
package_ab/200230051-1_1_1/200230051-1_1_1.png,396,0,433,190,4,thirty_second
package_ab/200230051-1_1_1/200230051-1_1_1.png,428,0,464,190,5,thirty_second
package_ab/200230051-1_1_1/200230051-1_1_1.png,459,0,496,190,6,thirty_second
package_ab/200230051-1_1_1/200230051-1_1_1.png,491,0,528,190,7,thirty_second
package_ab/200230051-1_1_1/200230051-1_1_1.png,523,0,560,190,8,thirty_second
package_ab/200230051-1_1_1/200230051-1_1_1.png,600,0,647,190,9,thirty_second
package_ab/200230051-1_1_1/200230051-1_1_1.png,637,0,674,190,10,thirty_second
package_ab/200230051-1_1_1/200230051-1_1_1.png,669,0,705,190,11,thirty_second
package_ab/200230051-1_1_1/200230051-1_1_1.png,700,0,737,190,12,thirty_second
package_ab/200230051-1_1_1/200230051-1_1_1.png,732,0,768,190,13,thirty_second
package_ab/200230051-1_1_1/200230051-1_1_1.png,763,0,800,190,14,thirty_second
package_ab/200230051-1_1_1/200230051-1_1_1.png,795,0,831,190,15,thirty_second
package_ab/200230051-1_1_1/200230051-1_1_1.png,827,0,864,190,16,thirty_second
package_ab/220015027-1_1_1/220015027-1_1_1.png,910,0,957,125,5,whole
package_ab/220015027-1_1_1/220015027-1_1_1.png,1104,0,1151,125,6,whole
package_aa/000103965-1_1_1/000103965-1_1_1.png,118,0,179,127,0,whole
package_aa/000103965-1_1_1/000103965-1_1_1.png,337,0,398,127,1,whole
package_aa/000103965-1_1_1/000103965-1_1_1.png,538,0,585,127,2,whole
package_aa/000103965-1_1_1/000103965-1_1_1.png,748,0,809,127,3,whole
package_ab/220032498-1_1_2/220032498-1_1_2.png,538,0,585,118,5,whole
package_ab/220032498-1_1_2/220032498-1_1_2.png,607,0,654,118,6,whole
package_ab/190024280-1_1_1/190024280-1_1_1.png,402,0,449,135,3,thirty_second
package_ab/190024280-1_1_1/190024280-1_1_1.png,439,0,476,135,4,thirty_second
package_ab/190024280-1_1_1/190024280-1_1_1.png,548,0,585,135,7,thirty_second
package_ab/190024280-1_1_1/190024280-1_1_1.png,580,0,616,135,8,thirty_second
package_ab/230001422-1_1_1/230001422-1_1_1.png,1172,0,1208,146,12,thirty_second
package_ab/230001422-1_1_1/230001422-1_1_1.png,1199,0,1241,146,13,thirty_second
package_aa/000124016-1_1_1/000124016-1_1_1.png,169,0,205,139,1,thirty_second
package_aa/000124016-1_1_1/000124016-1_1_1.png,200,0,237,139,2,thirty_second
package_aa/000124016-1_1_1/000124016-1_1_1.png,233,0,269,139,3,thirty_second
package_aa/000124016-1_1_1/000124016-1_1_1.png,264,0,301,139,4,thirty_second
package_aa/000124016-1_1_1/000124016-1_1_1.png,341,0,377,139,6,thirty_second
package_aa/000124016-1_1_1/000124016-1_1_1.png,372,0,409,139,7,thirty_second
package_aa/000124016-1_1_1/000124016-1_1_1.png,404,0,440,139,8,thirty_second
package_aa/000124016-1_1_1/000124016-1_1_1.png,435,0,472,139,9,thirty_second
package_aa/000124016-1_1_1/000124016-1_1_1.png,682,0,718,139,12,thirty_second
package_aa/000124016-1_1_1/000124016-1_1_1.png,713,0,750,139,13,thirty_second
package_aa/000124016-1_1_1/000124016-1_1_1.png,745,0,781,139,14,thirty_second
package_aa/000124016-1_1_1/000124016-1_1_1.png,776,0,813,139,15,thirty_second
package_aa/000124016-1_1_1/000124016-1_1_1.png,853,0,889,139,17,thirty_second
package_aa/000124016-1_1_1/000124016-1_1_1.png,884,0,921,139,18,thirty_second
package_aa/000124016-1_1_1/000124016-1_1_1.png,917,0,953,139,19,thirty_second
package_aa/000124016-1_1_1/000124016-1_1_1.png,948,0,985,139,20,thirty_second
package_aa/000124087-1_1_1/000124087-1_1_1.png,200,0,237,136,1,thirty_second
package_aa/000124087-1_1_1/000124087-1_1_1.png,232,0,268,136,2,thirty_second
package_aa/000124087-1_1_1/000124087-1_1_1.png,263,0,300,136,3,thirty_second
package_aa/000124087-1_1_1/000124087-1_1_1.png,318,0,354,136,4,thirty_second
package_aa/000124087-1_1_1/000124087-1_1_1.png,675,0,711,136,11,thirty_second
package_aa/000124087-1_1_1/000124087-1_1_1.png,725,0,762,136,12,thirty_second
package_aa/000124087-1_1_1/000124087-1_1_1.png,757,0,793,136,13,thirty_second
package_aa/000124087-1_1_1/000124087-1_1_1.png,788,0,825,136,14,thirty_second
package_aa/000120458-1_1_1/000120458-1_1_1.png,317,0,359,138,1,thirty_second
package_aa/000120458-1_1_1/000120458-1_1_1.png,351,0,387,138,2,thirty_second
package_aa/000120458-1_1_1/000120458-1_1_1.png,378,0,420,138,3,thirty_second
package_aa/000120458-1_1_1/000120458-1_1_1.png,411,0,447,138,4,thirty_second
package_aa/000120458-1_1_1/000120458-1_1_1.png,552,0,594,138,6,thirty_second
package_aa/000120458-1_1_1/000120458-1_1_1.png,585,0,621,138,7,thirty_second
package_aa/000120458-1_1_1/000120458-1_1_1.png,613,0,655,138,8,thirty_second
package_aa/000120458-1_1_1/000120458-1_1_1.png,646,0,682,138,9,thirty_second
package_ab/190019428-1_1_1/190019428-1_1_1.png,1066,0,1108,138,21,thirty_second
package_ab/190019428-1_1_1/190019428-1_1_1.png,1101,0,1135,138,22,thirty_second
package_aa/000110958-1_1_1/000110958-1_1_1.png,168,0,210,147,1,thirty_second
package_aa/000110958-1_1_1/000110958-1_1_1.png,209,0,243,147,2,thirty_second
package_aa/000107463-2_1_1/000107463-2_1_1.png,508,0,545,133,6,thirty_second
package_aa/000107463-2_1_1/000107463-2_1_1.png,540,0,577,133,7,thirty_second
package_ab/211008433-1_6_1/211008433-1_6_1.png,1144,0,1181,134,13,thirty_second
package_ab/211008433-1_6_1/211008433-1_6_1.png,1171,0,1218,134,14,thirty_second
package_aa/000123832-1_1_1/000123832-1_1_1.png,559,0,595,170,10,thirty_second
package_aa/000123832-1_1_1/000123832-1_1_1.png,590,0,627,170,11,thirty_second
package_aa/000123832-1_1_1/000123832-1_1_1.png,700,0,736,170,14,thirty_second
package_aa/000123832-1_1_1/000123832-1_1_1.png,731,0,768,170,15,thirty_second
package_ab/212001726-1_1_1/212001726-1_1_1.png,763,0,800,150,15,thirty_second
package_ab/212001726-1_1_1/212001726-1_1_1.png,795,0,831,150,16,thirty_second
package_ab/212001726-1_1_1/212001726-1_1_1.png,826,0,863,150,17,thirty_second
package_ab/212001726-1_1_1/212001726-1_1_1.png,858,0,895,150,18,thirty_second
package_ab/212001726-1_1_1/212001726-1_1_1.png,890,0,927,150,19,thirty_second
package_ab/212001726-1_1_1/212001726-1_1_1.png,921,0,958,150,20,thirty_second
package_ab/210000097-1_1_1/210000097-1_1_1.png,769,0,806,145,13,thirty_second
package_ab/210000097-1_1_1/210000097-1_1_1.png,800,0,837,145,14,thirty_second
package_ab/210000097-1_1_1/210000097-1_1_1.png,864,0,901,145,16,thirty_second
package_ab/210000097-1_1_1/210000097-1_1_1.png,896,0,932,145,17,thirty_second
package_ab/190010979-1_1_1/190010979-1_1_1.png,600,0,637,128,5,thirty_second
package_ab/190010979-1_1_1/190010979-1_1_1.png,631,0,668,128,6,thirty_second
package_aa/000110884-1_1_1/000110884-1_1_1.png,330,0,366,162,1,thirty_second
package_aa/000110884-1_1_1/000110884-1_1_1.png,362,0,399,162,2,thirty_second
package_aa/000110884-1_1_1/000110884-1_1_1.png,488,0,524,162,6,thirty_second
package_aa/000110884-1_1_1/000110884-1_1_1.png,520,0,557,162,7,thirty_second
package_aa/000110884-1_1_1/000110884-1_1_1.png,1047,0,1083,162,18,thirty_second
package_aa/000110884-1_1_1/000110884-1_1_1.png,1079,0,1116,162,19,thirty_second
package_aa/000110884-1_1_1/000110884-1_1_1.png,1110,0,1146,162,20,thirty_second
package_aa/000110884-1_1_1/000110884-1_1_1.png,1142,0,1179,162,21,thirty_second
package_aa/000110884-1_1_1/000110884-1_1_1.png,1174,0,1210,162,22,thirty_second
