image_path,n_regions,n_notes,notes_kept_preview,reason
package_ab/211006043-1_1_2/211006043-1_1_2.png,5,7,note.whole-S4 note.half-L4 note.half-S3 note.half-L4 note.half-S3,count_mismatch
package_aa/000120839-1_1_1/000120839-1_1_1.png,24,23,note.quarter-L1 note.beamedRight1-L1 note.beamedLeft1-L1 note.quarter-S2 note.quarter-L1,count_mismatch
package_ab/220030886-1_1_1/220030886-1_1_1.png,8,10,note.whole-S4 note.half-S4 note.half-S4 note.whole-L3 note.half-S3,count_mismatch
package_aa/000120495-1_1_1/000120495-1_1_1.png,12,14,note.half-S0 note.eighth-S1 note.eighth-S2 note.half-L0 note.quarter-S0,count_mismatch
package_ab/150200721-1_1_1/150200721-1_1_1.png,13,14,note.half-L2 note.half-L2 note.half-L2 note.half-L4 note.half-S3,count_mismatch
package_aa/000107492-1_1_1/000107492-1_1_1.png,16,18,note.half-S0 note.half-S0 note.quarter-S0 note.eighth-L-1 note.beamedRight1-S0,count_mismatch
package_ab/190012521-1_1_1/190012521-1_1_1.png,21,23,note.whole-S3 note.quarter-S3 note.half-S4 note.half-L4 note.half-S3,count_mismatch
package_ab/150204814-1_1_1/150204814-1_1_1.png,10,11,note.half-S1 note.half-S3 note.half-S3 note.half-S3 note.half-L3,count_mismatch
package_aa/000135667-1_1_1/000135667-1_1_1.png,9,12,note.half-L1 note.half-S-1 note.half-L0 note.half-S-2 note.half-L-1,count_mismatch
package_ab/190005420-1_1_1/190005420-1_1_1.png,11,12,note.half-S2 note.half-L-1 note.quarter-S2 note.quarter-S0 note.quarter-L1,count_mismatch
package_aa/100198189-1_1_1/100198189-1_1_1.png,9,10,note.whole-L5 note.half-L5 note.whole-L5 note.half-S4 note.whole-L5,count_mismatch
package_aa/000107624-1_1_1/000107624-1_1_1.png,11,12,note.quarter-L7 note.half-L7 note.quarter-S5 note.half-S5 note.quarter-S4,count_mismatch
package_ab/220000525-1_1_2/220000525-1_1_2.png,7,9,note.half-L2 note.half-L3 note.half-L1 note.half-S3 note.half-L4,count_mismatch
package_aa/100030727-1_2_1/100030727-1_2_1.png,9,10,note.eighth-S3 note.eighth-S3 note.eighth-S3 note.eighth-S3 note.eighth-S4,count_mismatch
package_aa/000119191-1_1_1/000119191-1_1_1.png,21,22,note.half-S0 note.half-S1 note.quarter-S2 note.quarter-S2 note.quarter-S2,count_mismatch
package_aa/100500921-1_1_3/100500921-1_1_3.png,12,14,note.quarter-L1 note.quarter-S0 note.quarter-L1 note.quarter-S1 note.half-L2,count_mismatch
package_ab/211004987-1_3_1/211004987-1_3_1.png,6,12,note.half-S3 note.half-L4 note.half-S3 note.half-L5 note.half-L5,count_mismatch
package_ab/225001714-1_1_1/225001714-1_1_1.png,6,7,note.half-L0 note.half-L2 note.half-L2 note.half-S2 note.half-L3,count_mismatch
package_ab/190005829-1_1_1/190005829-1_1_1.png,7,8,note.half-S1 note.beamedRight1-S2 note.beamedBoth1-S2 note.beamedLeft1-L0 note.quarter-S0,count_mismatch
package_ab/212000176-1_4_1/212000176-1_4_1.png,15,16,note.quarter-L2 note.quarter-S0 note.quarter-S-1 note.half-S-2 note.beamedRight1-L3,count_mismatch
package_ab/220017951-1_1_1/220017951-1_1_1.png,10,11,note.half-S2 note.half-S1 note.quarter-S1 note.half-L2 note.half-S1,count_mismatch
package_aa/000106746-1_1_1/000106746-1_1_1.png,20,21,note.half-S3 note.half-S1 note.half-S2 note.half-L2 note.half-S1,count_mismatch
package_ab/230001909-1_1_1/230001909-1_1_1.png,16,17,note.half-L0 note.beamedRight1-L2 note.beamedBoth1-L2 note.beamedLeft1-L2 note.quarter-L0,count_mismatch
package_aa/000105384-1_1_1/000105384-1_1_1.png,22,23,note.quarter-S3 note.beamedRight1-S6 note.beamedLeft1-L6 note.beamedRight1-S5 note.beamedBoth1-L6,count_mismatch
package_ab/190007440-1_1_1/190007440-1_1_1.png,14,15,note.half-L2 note.quarter-L2 note.quarter-L2 note.half-S1 note.half-L1,count_mismatch
package_ab/225003173-1_2_1/225003173-1_2_1.png,11,12,note.quarter-S3 note.quarter-L5 note.quarter-S4 note.quarter-L6 note.quarter-S5,count_mismatch
package_ab/211006663-1_1_1/211006663-1_1_1.png,8,10,note.whole-S0 note.half-S0 note.half-S2 note.whole-L4 note.half-L4,count_mismatch
package_ab/190016621-1_1_1/190016621-1_1_1.png,6,13,note.whole-S4 note.whole-S4 note.whole-L3 note.half-S4 note.quarter-S4,count_mismatch
package_aa/000101781-1_1_1/000101781-1_1_1.png,14,15,note.half-L6 note.half-L7 note.half-L4 note.beamedRight2-S4 note.beamedBoth2-L5,count_mismatch
package_aa/000119869-4_1_1/000119869-4_1_1.png,19,20,note.quarter-L2 note.quarter-L3 note.quarter-L3 note.beamedRight1-S2 note.beamedLeft1-L2,count_mismatch
package_ab/230002227-1_4_1/230002227-1_4_1.png,5,7,note.half-L1 note.half-L2 note.half-L2 note.half-S3 note.half-L4,count_mismatch
package_ab/230004428-1_1_1/230004428-1_1_1.png,10,11,note.quarter-L2 note.quarter-L2 note.quarter-S1 note.quarter-S1 note.half-L1,count_mismatch
package_aa/000109252-1_1_1/000109252-1_1_1.png,7,9,note.whole-L4 note.half-L4 note.half-S4 note.half-S3 note.half-S4,count_mismatch
package_aa/000104092-1_1_1/000104092-1_1_1.png,4,5,note.whole-L5 note.whole-S5 note.whole-L5 note.half-L5 note.quarter-L5,count_mismatch
package_ab/180000201-1_1_1/180000201-1_1_1.png,15,13,note.eighth-L2 note.beamedRight1-L4 note.beamedBoth2-S3 note.beamedLeft2-L3 note.beamedRight1-S2,count_mismatch
package_aa/000106882-1_1_1/000106882-1_1_1.png,14,15,note.half-S0 note.half-L1 note.quarter-S1 note.quarter-S0 note.half-L2,count_mismatch
package_aa/000141854-1_1_1/000141854-1_1_1.png,12,13,note.half-L3 note.half-S3 note.half-L4 note.half-S4 note.quarter-L4,count_mismatch
package_ab/211005900-1_1_1/211005900-1_1_1.png,10,11,note.whole-L3 note.half-L3 note.half-S3 note.whole-L4 note.whole-L3,count_mismatch
package_ab/190012372-1_1_1/190012372-1_1_1.png,21,22,note.beamedRight1-S2 note.beamedBoth1-S1 note.beamedBoth1-S0 note.beamedBoth1-S1 note.beamedBoth1-S2,count_mismatch
package_aa/000120666-1_1_1/000120666-1_1_1.png,18,17,note.half-L7 note.half-L7 note.whole-L7 note.beamedRight1-L0 note.beamedLeft1-L0,count_mismatch
package_ab/212000229-1_1_1/212000229-1_1_1.png,15,16,note.half-S0 note.half-S1 note.quarter-S2 note.beamedRight2-S2 note.beamedBoth3-L3,count_mismatch
package_ab/190006163-1_1_1/190006163-1_1_1.png,13,14,note.half-L4 note.beamedRight1-S3 note.beamedBoth1-S3 note.beamedLeft1-S3 note.half-L3,count_mismatch
package_aa/000115979-1_1_1/000115979-1_1_1.png,10,12,note.quarter-L2 note.half-S3 note.quarter-S4 note.half-L2 note.quarter-L2,count_mismatch
package_ab/190005784-1_1_1/190005784-1_1_1.png,9,10,note.whole-L2 note.whole-L2 note.whole-S1 note.half-S1 note.half-L3,count_mismatch
package_ab/211002738-1_1_1/211002738-1_1_1.png,18,19,note.quarter-S4 note.quarter-S4 note.quarter-S4 note.quarter-S4 note.quarter-S4,count_mismatch
package_ab/220000182-1_1_2/220000182-1_1_2.png,13,15,note.half-S0 note.half-S1 note.half-S0 note.half-S2 note.beamedRight1-S2,count_mismatch
package_ab/225001175-1_1_1/225001175-1_1_1.png,5,6,note.whole-S3 note.half-L3 note.half-S3 note.half-S4 note.half-L5,count_mismatch
package_aa/000107740-1_1_1/000107740-1_1_1.png,14,15,note.half-S2 note.beamedRight1-L2 note.beamedBoth1-S2 note.beamedBoth1-L3 note.beamedLeft1-S2,count_mismatch
package_ab/211006650-1_1_1/211006650-1_1_1.png,10,11,note.half-L3 note.half-S4 note.half-L1 note.half-L3 note.half-S2,count_mismatch
package_ab/220020037-1_1_1/220020037-1_1_1.png,9,10,note.half-S0 note.half-S1 note.half-S2 note.half-L4 note.whole-L5,count_mismatch
package_aa/110000004-1_1_1/110000004-1_1_1.png,10,12,note.whole-S4 note.whole-L5 note.half-S5 note.half-S5 note.half-S5,count_mismatch
package_ab/201001329-1_1_1/201001329-1_1_1.png,9,12,note.half-S1 note.half-L1 note.half-S0 note.half-L3 note.half-S2,count_mismatch
package_ab/211003777-1_1_1/211003777-1_1_1.png,14,15,note.half-L3 note.half-L3 note.half-S3 note.quarter-L4 note.quarter-L3,count_mismatch
package_aa/000123905-1_1_1/000123905-1_1_1.png,11,13,note.whole-L5 note.half-L5 note.half-L5 note.half-S3 note.half-S3,count_mismatch
package_ab/211003333-1_1_1/211003333-1_1_1.png,10,11,note.whole-S4 note.half-L4 note.half-S4 note.half-L1 note.half-L2,count_mismatch
package_ab/220034819-1_4_1/220034819-1_4_1.png,14,15,note.half-S0 note.quarter-S1 note.quarter-S2 note.half-L4 note.half-S1,count_mismatch
package_aa/000106558-1_1_1/000106558-1_1_1.png,10,11,note.half-S2 note.whole-S2 note.half-L3 note.whole-S2 note.half-L2,count_mismatch
package_ab/190101764-1_1_1/190101764-1_1_1.png,11,12,note.whole-S7 note.half-S6 note.half-S6 note.quarter-L6 note.quarter-S6,count_mismatch
package_ab/230003697-1_23_1/230003697-1_23_1.png,18,19,note.quarter-L3 note.half-S4 note.half-L1 note.beamedRight1-L2 note.beamedBoth2-L1,count_mismatch
package_ab/190001360-1_1_1/190001360-1_1_1.png,23,22,note.quarter-L5 note.eighth-L5 note.eighth-L4 note.quarter-S3 note.quarter-L4,count_mismatch
package_ab/230000051-1_29_2/230000051-1_29_2.png,12,13,note.quarter-L5 note.quarter-S5 note.quarter-L6 note.half-S6 note.quarter-S4,count_mismatch
package_aa/000100355-1_1_1/000100355-1_1_1.png,16,15,note.beamedRight1-L1 note.beamedBoth1-L2 note.beamedLeft1-L3 note.beamedRight1-S4 note.beamedBoth1-L1,count_mismatch
package_aa/000101667-1_1_1/000101667-1_1_1.png,10,9,note.quarter-L6 note.quarter-S4 note.quarter-L5 note.quarter-S4 note.quarter-L4,count_mismatch
package_ab/220030076-1_1_2/220030076-1_1_2.png,11,12,note.quarter-L4 note.quarter-S3 note.quarter-L4 note.quarter-L3 note.half-S2,count_mismatch
package_aa/000115105-1_1_1/000115105-1_1_1.png,19,17,note.beamedRight2-L-1 note.beamedBoth3-S-1 note.beamedLeft3-L0 note.eighth-S0 note.beamedRight3-L-1,count_mismatch
package_ab/211002407-1_1_1/211002407-1_1_1.png,9,11,note.whole-S3 note.whole-S3 note.whole-S1 note.whole-L2 note.half-S3,count_mismatch
package_aa/000121093-1_1_1/000121093-1_1_1.png,16,15,note.quarter-S3 note.quarter-S4 note.quarter-L4 note.quarter-L2 note.quarter-S2,count_mismatch
package_aa/000105037-1_1_1/000105037-1_1_1.png,13,14,note.beamedRight1-S3 note.beamedBoth2-L3 note.beamedBoth2-S3 note.beamedBoth1-L4 note.beamedBoth2-S3,count_mismatch
package_ab/190004982-1_1_1/190004982-1_1_1.png,7,8,note.whole-L6 note.half-L6 note.half-S5 note.whole-L5 note.half-L5,count_mismatch
package_ab/230003728-1_3_1/230003728-1_3_1.png,8,9,note.half-S3 note.half-L3 note.quarter-S1 note.quarter-L1 note.half-S0,count_mismatch
package_ab/211004822-1_6_1/211004822-1_6_1.png,14,15,note.half-L3 note.quarter-S1 note.quarter-S0 note.quarter-L2 note.quarter-S2,count_mismatch
package_aa/000103266-1_1_1/000103266-1_1_1.png,7,8,note.half-L5 note.half-S4 note.half-L4 note.half-S4 note.half-S3,count_mismatch
package_aa/100500517-1_1_2/100500517-1_1_2.png,11,12,note.half-S4 note.half-L5 note.half-L5 note.half-L6 note.half-L5,count_mismatch
package_ab/230003806-1_1_2/230003806-1_1_2.png,6,8,note.half-S4 note.half-L3 note.half-S3 note.half-S4 note.half-L5,count_mismatch
package_aa/000113584-1_1_1/000113584-1_1_1.png,16,17,note.quarter-L0 note.quarter-L0 note.quarter-L1 note.quarter-L2 note.quarter-S3,count_mismatch
package_ab/190009531-1_1_1/190009531-1_1_1.png,33,34,note.half-S0 note.half-S1 note.half-S2 note.half-L4 note.half-L5,count_mismatch
package_ab/200020988-1_1_1/200020988-1_1_1.png,14,15,note.half-S1 note.quarter-S-1 note.quarter-L3 note.quarter-S2 note.eighth-L2,count_mismatch
package_aa/000101726-1_2_1/000101726-1_2_1.png,10,9,note.quarter-L3 note.eighth-L3 note.eighth-L2 note.half-L4 note.quarter-S5,count_mismatch
package_aa/000103951-1_1_1/000103951-1_1_1.png,10,11,note.whole-L2 note.half-L2 note.half-L2 note.whole-S3 note.half-L4,count_mismatch
package_aa/000114584-1_1_1/000114584-1_1_1.png,18,19,note.quarter-L3 note.beamedRight1-L3 note.beamedLeft1-L3 note.beamedRight1-L3 note.beamedBoth1-L1,count_mismatch
package_ab/190021772-1_1_1/190021772-1_1_1.png,10,11,note.eighth-S0 note.half-S0 note.eighth-S1 note.half-S1 note.eighth-S2,count_mismatch
package_aa/000119656-1_1_1/000119656-1_1_1.png,21,20,note.quarter-S3 note.quarter-L4 note.quarter-S4 note.beamedRight1-L5 note.beamedLeft1-S4,count_mismatch
package_aa/000112617-1_1_1/000112617-1_1_1.png,16,17,note.half-S2 note.beamedRight1-S2 note.beamedLeft1-L3 note.quarter-S2 note.half-L1,count_mismatch
package_ab/211005968-1_1_2/211005968-1_1_2.png,8,11,note.whole-L4 note.half-L4 note.half-L4 note.whole-L4 note.half-L5,count_mismatch
package_aa/000121402-1_1_1/000121402-1_1_1.png,17,18,note.eighth-L2 note.eighth-S2 note.eighth-L2 note.eighth-L1 note.eighth-L2,count_mismatch
package_ab/220034494-1_1_1/220034494-1_1_1.png,10,12,note.quarter-S3 note.quarter-S3 note.quarter-S3 note.quarter-S1 note.half-S3,count_mismatch
package_aa/000125135-1_1_1/000125135-1_1_1.png,8,9,note.whole-S0 note.half-S0 note.half-S1 note.half-L1 note.quarter-L1,count_mismatch
package_ab/150204320-1_1_1/150204320-1_1_1.png,16,17,note.half-L5 note.quarter-L5 note.quarter-L5 note.half-S4 note.half-L6,count_mismatch
package_ab/220020085-1_1_1/220020085-1_1_1.png,6,7,note.quarter-L1 note.eighth-L1 note.eighth-L1 note.eighth-S0 note.sixteenth-L1,count_mismatch
package_ab/200021899-1_40_1/200021899-1_40_1.png,17,15,note.quarter-S5 note.quarter-L5 note.quarter-S5 note.beamedRight3-L4 note.beamedBoth3-S4,count_mismatch
package_aa/000100005-1_1_2/000100005-1_1_2.png,14,15,note.half-L2 note.quarter-L2 note.quarter-S1 note.half-L3 note.quarter-L3,count_mismatch
package_aa/000105942-1_1_1/000105942-1_1_1.png,10,11,note.whole-L5 note.whole-S5 note.whole-L5 note.beamedRight1-S4 note.beamedLeft1-L5,count_mismatch
package_aa/100030423-1_1_1/100030423-1_1_1.png,7,8,note.quarter-L6 note.quarter-L6 note.quarter-L6 note.half-L6 note.whole-S5,count_mismatch
package_aa/000103980-1_2_1/000103980-1_2_1.png,5,6,note.whole-L2 note.whole-S2 note.whole-L2 note.whole-L3 note.half-S3,count_mismatch
package_ab/211002896-1_1_1/211002896-1_1_1.png,12,13,note.whole-S3 note.half-S4 note.quarter-S3 note.quarter-S3 note.half-S3,count_mismatch
package_aa/000120138-1_1_1/000120138-1_1_1.png,19,18,note.half-L3 note.beamedRight1-S0 note.beamedBoth1-L2 note.beamedBoth1-L3 note.beamedLeft1-S3,count_mismatch
package_aa/000120722-1_1_1/000120722-1_1_1.png,19,20,note.quarter-L3 note.beamedRight1-L3 note.beamedLeft1-L3 note.beamedRight1-L3 note.beamedBoth2-S3,count_mismatch
package_ab/211000385-1_1_1/211000385-1_1_1.png,16,17,note.quarter-S0 note.quarter-L2 note.eighth-L2 note.eighth-L2 note.quarter-L3,count_mismatch
package_ab/190006166-1_1_1/190006166-1_1_1.png,9,11,note.whole-L0 note.half-L0 note.half-L0 note.whole-S1 note.half-S0,count_mismatch
package_ab/201005195-1_2_1/201005195-1_2_1.png,10,11,note.quarter-S1 note.quarter-L0 note.quarter-S0 note.half-L0 note.half-L1,count_mismatch
package_aa/000106151-1_1_1/000106151-1_1_1.png,14,15,note.beamedRight1-L3 note.beamedBoth2-S3 note.beamedBoth2-L3 note.beamedBoth2-S2 note.beamedLeft2-L3,count_mismatch
package_aa/000100360-1_1_2/000100360-1_1_2.png,15,14,note.beamedRight1-L1 note.beamedBoth1-L2 note.beamedBoth1-S1 note.beamedLeft1-L1 note.half-L1,count_mismatch
package_ab/211008336-1_1_1/211008336-1_1_1.png,39,40,note.half-S0 note.beamedRight2-S0 note.beamedBoth2-L0 note.beamedBoth2-S-1 note.beamedLeft2-L-1,count_mismatch
package_ab/150202580-1_1_1/150202580-1_1_1.png,8,9,note.half-L3 note.quarter-L3 note.quarter-L3 note.quarter-S3 note.quarter-S3,count_mismatch
package_ab/211005490-1_2_1/211005490-1_2_1.png,9,10,note.quarter-S4 note.eighth-S4 note.quarter-L4 note.eighth-L4 note.eighth-S4,count_mismatch
package_aa/000116158-1_1_1/000116158-1_1_1.png,12,13,note.quarter-S0 note.quarter-L2 note.quarter-L2 note.beamedRight1-L2 note.beamedBoth2-S2,count_mismatch
package_aa/000104461-1_1_1/000104461-1_1_1.png,12,14,note.quarter-S0 note.half-L-1 note.beamedRight1-L4 note.beamedBoth1-S2 note.beamedBoth1-S1,count_mismatch
package_ab/230002059-1_3_1/230002059-1_3_1.png,11,12,note.half-L1 note.half-L1 note.half-L1 note.whole-S2 note.half-S1,count_mismatch
package_ab/190100146-1_1_1/190100146-1_1_1.png,17,18,note.half-L4 note.half-L5 note.quarter-L5 note.beamedRight1-S4 note.beamedLeft1-L4,count_mismatch
package_ab/190005678-1_1_1/190005678-1_1_1.png,7,8,note.half-L4 note.quarter-S2 note.half-L4 note.quarter-L5 note.quarter-S4,count_mismatch
package_ab/220000196-1_1_1/220000196-1_1_1.png,14,15,note.half-L1 note.half-S-1 note.half-L0 note.half-L0 note.half-S-2,count_mismatch
package_ab/220017653-1_1_1/220017653-1_1_1.png,8,9,note.quarter-L1 note.quarter-L1 note.quarter-L1 note.quarter-L2 note.quarter-S1,count_mismatch
package_aa/000106981-1_1_1/000106981-1_1_1.png,12,15,note.whole-L0 note.whole-L1 note.half-L1 note.quarter-S0 note.quarter-L0,count_mismatch
package_ab/211008002-1_1_1/211008002-1_1_1.png,6,7,note.whole-S2 note.whole-L3 note.whole-S3 note.whole-S2 note.whole-L3,count_mismatch
package_ab/230002351-1_1_1/230002351-1_1_1.png,8,9,note.half-S0 note.quarter-L0 note.quarter-S-1 note.quarter-L2 note.quarter-S1,count_mismatch
package_aa/000117829-1_2_1/000117829-1_2_1.png,16,17,note.eighth-S5 note.eighth-L4 note.quarter-L6 note.quarter-L3 note.quarter-L4,count_mismatch
package_ab/225001253-1_1_1/225001253-1_1_1.png,9,10,note.whole-S4 note.half-S4 note.half-S4 note.half-L3 note.half-L4,count_mismatch
package_aa/000100144-1_1_2/000100144-1_1_2.png,10,9,note.whole-S5 note.half-S5 note.half-S5 note.half-S3 note.quarter-L4,count_mismatch
package_ab/201008057-1_1_2/201008057-1_1_2.png,8,9,note.half-S0 note.quarter-S1 note.quarter-S2 note.half-L4 note.quarter-L4,count_mismatch
package_ab/190016443-1_1_1/190016443-1_1_1.png,22,21,note.eighth-S4 note.quarter-S6 note.eighth-L6 note.quarter-S5 note.eighth-L5,count_mismatch
package_ab/190004688-1_1_1/190004688-1_1_1.png,18,19,note.half-S3 note.quarter-L4 note.quarter-S4 note.half-L5 note.half-S4,count_mismatch
package_aa/000120166-1_1_1/000120166-1_1_1.png,22,21,note.quarter-S4 note.eighth-L4 note.eighth-S3 note.quarter-L4 note.quarter-L2,count_mismatch
package_ab/190005774-1_1_1/190005774-1_1_1.png,4,5,note.whole-S0 note.half-S0 note.half-S2 note.half-S2 note.half-L0,count_mismatch
package_aa/100198200-1_1_1/100198200-1_1_1.png,10,11,note.half-S0 note.half-S2 note.half-S2 note.half-L2 note.half-L4,count_mismatch
package_ab/220000675-1_9_1/220000675-1_9_1.png,3,12,note.quarter-S4 note.quarter-S4 note.quarter-S4 note.quarter-S4 note.quarter-S4,count_mismatch
package_ab/230002034-1_1_1/230002034-1_1_1.png,8,9,note.quarter-S3 note.quarter-L3 note.quarter-S3 note.whole-S2 note.whole-L2,count_mismatch
package_aa/100015633-1_3_1/100015633-1_3_1.png,6,7,note.sixteenth-L3 note.sixteenth-L3 note.eighth-S4 note.sixteenth-S4 note.sixteenth-L4,count_mismatch
package_ab/220017730-1_3_1/220017730-1_3_1.png,11,12,note.half-L0 note.half-L2 note.half-S1 note.half-L1 note.half-S0,count_mismatch
package_ab/211008189-1_2_1/211008189-1_2_1.png,12,13,note.whole-L3 note.whole-S2 note.half-L3 note.whole-S3 note.half-L3,count_mismatch
package_ab/220030724-1_1_2/220030724-1_1_2.png,10,11,note.whole-L2 note.whole-L3 note.whole-S3 note.whole-L2 note.whole-L2,count_mismatch
package_ab/230005077-1_1_1/230005077-1_1_1.png,8,9,note.quarter-S3 note.quarter-L3 note.quarter-S3 note.whole-S2 note.whole-L2,count_mismatch
package_ab/150200782-1_1_1/150200782-1_1_1.png,14,15,note.half-L2 note.quarter-L2 note.quarter-S2 note.half-L3 note.half-L4,count_mismatch
package_aa/000132419-1_1_1/000132419-1_1_1.png,14,13,note.quarter-S1 note.quarter-L3 note.quarter-L3 note.quarter-L3 note.quarter-S3,count_mismatch
package_ab/190007351-1_1_1/190007351-1_1_1.png,21,22,note.whole-S4 note.half-L4 note.whole-S3 note.half-L3 note.half-S2,count_mismatch
package_ab/220014644-1_1_2/220014644-1_1_2.png,9,10,note.quarter-L1 note.quarter-S1 note.quarter-S1 note.quarter-L2 note.quarter-S1,count_mismatch
package_ab/190016329-1_1_1/190016329-1_1_1.png,23,24,note.beamedRight1-S2 note.beamedLeft1-L3 note.quarter-S3 note.beamedRight1-S3 note.beamedLeft1-L4,count_mismatch
package_aa/000100902-1_1_1/000100902-1_1_1.png,13,14,note.whole-S1 note.half-S1 note.quarter-L2 note.quarter-S2 note.half-L3,count_mismatch
package_ab/220001174-1_3_1/220001174-1_3_1.png,10,11,note.quarter-L2 note.quarter-L2 note.quarter-S1 note.quarter-S1 note.half-L1,count_mismatch
package_aa/000115213-1_1_1/000115213-1_1_1.png,8,10,note.half-S1 note.quarter-L5 note.quarter-S5 note.half-S4 note.half-S1,count_mismatch
package_ab/230004731-1_3_1/230004731-1_3_1.png,7,8,note.quarter-L3 note.quarter-S4 note.quarter-L3 note.quarter-L2 note.quarter-L1,count_mismatch
package_ab/230004797-1_1_1/230004797-1_1_1.png,5,6,note.quarter-L3 note.whole-S4 note.whole-S5 note.whole-S6 note.whole-L4,count_mismatch
package_aa/000115577-1_1_1/000115577-1_1_1.png,9,10,note.half-S5 note.quarter-S5 note.half-L6 note.quarter-L6 note.half-S5,count_mismatch
package_aa/000128903-3_1_1/000128903-3_1_1.png,14,15,note.half-S3 note.half-L0 note.half-L2 note.quarter-L2 note.quarter-S2,count_mismatch
package_ab/230003357-1_1_2/230003357-1_1_2.png,11,12,note.beamedRight1-L4 note.beamedLeft1-S2 note.quarter-S2 note.beamedRight1-S2 note.beamedLeft1-L2,count_mismatch
package_aa/000132574-1_1_1/000132574-1_1_1.png,18,19,note.half-S7 note.half-L4 note.half-S0 note.beamedRight2-S7 note.beamedBoth2-L7,count_mismatch
package_ab/225001304-1_1_1/225001304-1_1_1.png,6,8,note.whole-S4 note.half-S4 note.half-S4 note.half-L4 note.half-L3,count_mismatch
package_aa/000125234-1_1_1/000125234-1_1_1.png,17,20,note.quarter-S0 note.half-L2 note.quarter-S1 note.eighth-S0 note.quarter-L2,count_mismatch
package_ab/150200119-1_1_1/150200119-1_1_1.png,13,12,note.quarter-L3 note.beamedRight1-S4 note.beamedLeft1-L4 note.quarter-S3 note.beamedRight1-L5,count_mismatch
package_ab/190006177-1_1_1/190006177-1_1_1.png,11,12,note.half-S0 note.quarter-L2 note.quarter-S1 note.half-L3 note.half-S2,count_mismatch
package_aa/110001105-1_1_1/110001105-1_1_1.png,8,10,note.whole-L2 note.half-L2 note.half-L2 note.half-S3 note.half-S4,count_mismatch
package_ab/211003870-1_1_2/211003870-1_1_2.png,11,14,note.quarter-L4 note.quarter-S4 note.quarter-L4 note.quarter-L3 note.quarter-S4,count_mismatch
package_aa/000132676-1_1_1/000132676-1_1_1.png,20,21,note.beamedRight1-S4 note.beamedBoth1-L4 note.beamedLeft1-S3 note.quarter-L3 note.half-S-1,count_mismatch
package_aa/000101481-1_2_1/000101481-1_2_1.png,4,5,note.whole-L1 note.half-L2 note.half-L3 note.whole-S3 note.half-L3,count_mismatch
package_aa/000117618-1_1_1/000117618-1_1_1.png,22,23,note.quarter-L3 note.beamedRight1-L3 note.beamedLeft1-S3 note.quarter-L4 note.quarter-L3,count_mismatch
package_ab/211010703-1_11_1/211010703-1_11_1.png,26,25,note.quarter-L1 note.beamedRight1-S2 note.beamedBoth1-S3 note.beamedBoth1-L3 note.beamedLeft1-L4,count_mismatch
package_aa/000121179-1_1_1/000121179-1_1_1.png,14,15,note.half-L4 note.half-S3 note.quarter-L4 note.quarter-S2 note.quarter-L3,count_mismatch
package_ab/220030025-1_1_1/220030025-1_1_1.png,10,12,note.whole-L3 note.half-L3 note.half-S2 note.whole-L2 note.half-L2,count_mismatch
package_aa/000100638-1_1_1/000100638-1_1_1.png,9,10,note.whole-S2 note.half-L3 note.half-S3 note.half-L3 note.whole-S3,count_mismatch
package_ab/201001236-1_1_1/201001236-1_1_1.png,14,15,note.quarter-L0 note.half-S1 note.quarter-S1 note.half-L1 note.quarter-L1,count_mismatch
package_ab/225000940-1_1_1/225000940-1_1_1.png,7,9,note.whole-L2 note.half-L2 note.half-L2 note.half-S2 note.half-L2,count_mismatch
package_aa/000105489-1_1_1/000105489-1_1_1.png,10,11,note.eighth-L0 note.eighth-S0 note.eighth-L1 note.eighth-S1 note.half-S0,count_mismatch
package_ab/190013678-1_1_1/190013678-1_1_1.png,17,18,note.half-S4 note.half-S4 note.half-S5 note.half-L4 note.half-S2,count_mismatch
package_ab/150205518-1_1_1/150205518-1_1_1.png,16,15,note.sixteenth-L3 note.sixteenth-S3 note.sixteenth-L4 note.beamedRight2-S4 note.beamedBoth2-L3,count_mismatch
package_ab/150200246-1_1_1/150200246-1_1_1.png,14,15,note.half-S3 note.quarter-L4 note.quarter-S4 note.beamedRight1-L4 note.beamedBoth1-S3,count_mismatch
package_ab/220030662-1_1_2/220030662-1_1_2.png,3,5,note.whole-S0 note.whole-S0 note.whole-S2 note.whole-S1 note.whole-L2,count_mismatch
package_ab/220019645-1_1_1/220019645-1_1_1.png,9,10,note.half-S2 note.eighth-L2 note.eighth-S1 note.quarter-S1 note.quarter-L3,count_mismatch
package_aa/000100052-1_1_1/000100052-1_1_1.png,9,11,note.half-L5 note.half-S4 note.quarter-L5 note.quarter-L5 note.quarter-L5,count_mismatch
package_aa/000128699-1_1_1/000128699-1_1_1.png,11,12,note.half-L0 note.quarter-L1 note.quarter-L2 note.quarter-S3 note.quarter-S4,count_mismatch
package_aa/000121694-1_1_1/000121694-1_1_1.png,19,20,note.half-L4 note.quarter-S3 note.quarter-S3 note.quarter-L3 note.quarter-L3,count_mismatch
package_ab/201008289-1_1_1/201008289-1_1_1.png,26,25,note.beamedRight2-S7 note.beamedBoth2-S6 note.beamedBoth2-L4 note.beamedBoth2-S6 note.beamedLeft2-S7,count_mismatch
package_ab/211005663-1_1_1/211005663-1_1_1.png,8,9,note.whole-S3 note.half-S1 note.half-S3 note.half-S3 note.half-S3,count_mismatch
package_aa/000128367-1_1_1/000128367-1_1_1.png,25,26,note.quarter-S0 note.beamedRight1-S0 note.beamedLeft1-S0 note.quarter-S1 note.beamedRight1-S1,count_mismatch
package_ab/220016585-1_1_1/220016585-1_1_1.png,11,12,note.quarter-L2 note.quarter-S2 note.quarter-L2 note.half-S1 note.quarter-L1,count_mismatch
package_aa/000131630-1_2_1/000131630-1_2_1.png,19,7,note.eighth-L3 note.eighth-L4 note.eighth-L5 note.eighth-S4 note.eighth-S5,count_mismatch
package_aa/110000264-1_1_1/110000264-1_1_1.png,5,13,note.quarter-S4 note.quarter-L4 note.quarter-S3 note.quarter-L4 note.quarter-S4,count_mismatch
package_ab/211004481-1_2_1/211004481-1_2_1.png,9,12,note.whole-S4 note.whole-S4 note.half-S4 note.half-S4 note.half-S4,count_mismatch
package_ab/220012867-1_1_2/220012867-1_1_2.png,8,9,note.half-L2 note.quarter-L2 note.quarter-S2 note.quarter-S2 note.quarter-S2,count_mismatch
package_aa/000109273-1_1_1/000109273-1_1_1.png,8,9,note.quarter-S4 note.half-S2 note.quarter-S3 note.quarter-S4 note.half-L6,count_mismatch
package_ab/225001204-1_1_1/225001204-1_1_1.png,5,6,note.half-L2 note.half-L2 note.half-S2 note.half-L3 note.half-S3,count_mismatch
package_ab/201001999-1_7_1/201001999-1_7_1.png,14,16,note.quarter-S2 note.beamedRight1-L3 note.beamedLeft1-S3 note.quarter-S2 note.quarter-S2,count_mismatch
package_ab/211008381-1_15_1/211008381-1_15_1.png,21,17,note.beamedRight2-L6 note.beamedBoth3-S6 note.beamedLeft3-L7 note.beamedRight2-S7 note.beamedBoth2-S7,count_mismatch
package_aa/000105410-1_1_1/000105410-1_1_1.png,19,20,note.beamedRight2-S5 note.beamedBoth2-L5 note.beamedLeft2-S5 note.beamedRight2-L4 note.beamedBoth2-S4,count_mismatch
package_aa/000107571-1_1_1/000107571-1_1_1.png,9,11,note.whole-L3 note.half-S1 note.half-S0 note.half-L1 note.half-L0,count_mismatch
package_aa/000116152-1_1_1/000116152-1_1_1.png,12,14,note.quarter-L4 note.beamedRight1-L4 note.beamedLeft1-S4 note.quarter-L5 note.quarter-L4,count_mismatch
package_aa/100500742-1_3_1/100500742-1_3_1.png,7,9,note.whole-L1 note.whole-L1 note.whole-L1 note.whole-S1 note.whole-L2,count_mismatch
package_ab/200231864-1_2_1/200231864-1_2_1.png,7,8,note.half-L2 note.half-L3 note.half-S3 note.half-L4 note.half-S3,count_mismatch
package_ab/140000058-1_12_1/140000058-1_12_1.png,6,8,note.whole-L2 note.half-S1 note.half-L1 note.half-S0 note.half-L1,count_mismatch
package_ab/211005868-1_1_1/211005868-1_1_1.png,10,11,note.whole-S5 note.eighth-L2 note.eighth-S2 note.eighth-L3 note.half-S3,count_mismatch
package_aa/000100417-1_1_1/000100417-1_1_1.png,12,13,note.half-S4 note.quarter-S3 note.quarter-S2 note.quarter-S4 note.quarter-S3,count_mismatch
package_aa/000120789-1_1_1/000120789-1_1_1.png,10,12,note.quarter-S3 note.quarter-S4 note.quarter-S5 note.quarter-L6 note.half-S6,count_mismatch
package_aa/000104297-1_1_1/000104297-1_1_1.png,8,9,note.whole-L3 note.whole-S3 note.whole-L4 note.whole-S4 note.whole-L5,count_mismatch
package_aa/000109861-4_1_1/000109861-4_1_1.png,25,24,note.beamedRight2-S0 note.beamedBoth2-L0 note.beamedLeft2-S0 note.beamedRight2-L1 note.beamedBoth2-L0,count_mismatch
package_aa/000138484-1_2_1/000138484-1_2_1.png,9,10,note.quarter-S5 note.quarter-S4 note.quarter-L4 note.quarter-S3 note.half-L2,count_mismatch
package_ab/211021870-1_1_1/211021870-1_1_1.png,11,12,note.half-L2 note.beamedRight1-L3 note.beamedLeft1-S3 note.quarter-L4 note.quarter-L3,count_mismatch
package_ab/211008145-1_1_1/211008145-1_1_1.png,13,15,note.whole-L2 note.whole-S2 note.whole-L3 note.whole-L2 note.whole-S2,count_mismatch
package_ab/211006959-1_1_1/211006959-1_1_1.png,10,11,note.whole-S2 note.whole-L3 note.whole-S2 note.half-L2 note.whole-S3,count_mismatch
package_aa/000127382-1_1_1/000127382-1_1_1.png,7,8,note.half-S0 note.whole-S2 note.half-S1 note.whole-L4 note.half-S2,count_mismatch
package_aa/000105238-1_1_1/000105238-1_1_1.png,10,11,note.quarter-L2 note.beamedRight1-S1 note.beamedBoth1-L1 note.beamedBoth1-S0 note.beamedLeft1-L0,count_mismatch
package_ab/201008130-1_2_1/201008130-1_2_1.png,5,6,note.eighth-L0 note.half-L0 note.eighth-L0 note.eighth-L0 note.half-L0,count_mismatch
package_aa/100016960-1_5_1/100016960-1_5_1.png,13,14,note.half-L6 note.half-S5 note.half-L5 note.half-S4 note.quarter-L6,count_mismatch
package_aa/000116669-23_1_1/000116669-23_1_1.png,18,17,note.beamedRight1-S2 note.beamedBoth1-L3 note.beamedBoth1-S3 note.beamedLeft1-L4 note.quarter-S4,count_mismatch
package_ab/180000211-1_1_1/180000211-1_1_1.png,12,13,note.quarter-S3 note.quarter-L3 note.quarter-S2 note.quarter-L2 note.quarter-S2,count_mismatch
package_aa/000112361-1_1_1/000112361-1_1_1.png,16,17,note.quarter-L0 note.eighth-L1 note.eighth-S1 note.quarter-L2 note.beamedRight1-S2,count_mismatch
package_ab/230002467-1_5_1/230002467-1_5_1.png,5,7,note.half-S3 note.half-L5 note.half-L5 note.half-S4 note.half-L4,count_mismatch
package_ab/225000016-1_1_1/225000016-1_1_1.png,14,15,note.half-S-1 note.beamedRight1-S0 note.beamedLeft2-S0 note.beamedRight1-L2 note.beamedLeft2-L2,count_mismatch
package_ab/220019383-1_1_2/220019383-1_1_2.png,9,10,note.half-L1 note.quarter-L1 note.quarter-S0 note.half-L1 note.half-L2,count_mismatch
package_ab/110003394-1_1_1/110003394-1_1_1.png,15,16,note.whole-S5 note.half-S5 note.half-L5 note.whole-S4 note.half-L4,count_mismatch
package_aa/000107360-1_3_2/000107360-1_3_2.png,10,9,note.eighth-L5 note.quarter-L6 note.quarter-L7 note.eighth-L5 note.eighth-S6,count_mismatch
package_aa/000107032-11_1_2/000107032-11_1_2.png,12,13,note.beamedRight1-L1 note.beamedBoth1-S4 note.beamedLeft1-L4 note.beamedRight1-S3 note.beamedBoth1-L3,count_mismatch
package_ab/211008185-1_1_2/211008185-1_1_2.png,8,11,note.whole-L3 note.whole-S1 note.whole-L3 note.half-S2 note.half-S1,count_mismatch
package_aa/000122795-1_1_2/000122795-1_1_2.png,9,11,note.half-S3 note.half-L2 note.half-L0 note.beamedRight1-L0 note.beamedBoth2-S0,count_mismatch
package_aa/000104349-1_1_1/000104349-1_1_1.png,12,14,note.quarter-S2 note.half-S2 note.beamedRight1-S2 note.beamedBoth1-L2 note.beamedLeft1-S1,count_mismatch
package_ab/211002931-1_1_1/211002931-1_1_1.png,7,8,note.half-S1 note.quarter-S2 note.quarter-L3 note.half-S3 note.half-S3,count_mismatch
package_ab/210097091-1_5_1/210097091-1_5_1.png,8,10,note.half-L2 note.quarter-L3 note.quarter-L2 note.half-S0 note.half-S6,count_mismatch
package_ab/190019348-1_1_1/190019348-1_1_1.png,9,10,note.eighth-S5 note.half-L7 note.half-S6 note.half-L6 note.quarter-S5,count_mismatch
package_ab/201004005-1_2_2/201004005-1_2_2.png,8,9,note.quarter-L1 note.half-L2 note.quarter-L2 note.quarter-S2 note.quarter-L2,count_mismatch
package_aa/100500904-1_1_3/100500904-1_1_3.png,8,9,note.quarter-L3 note.eighth-L3 note.quarter-L3 note.quarter-L1 note.quarter-S-1,count_mismatch
package_aa/000117362-3_1_1/000117362-3_1_1.png,7,8,note.whole-L1 note.whole-S4 note.whole-S3 note.whole-L5 note.whole-S4,count_mismatch
package_ab/211005521-1_4_1/211005521-1_4_1.png,12,13,note.half-S4 note.half-S5 note.half-L6 note.whole-S6 note.half-L5,count_mismatch
package_ab/190003051-1_1_1/190003051-1_1_1.png,20,21,note.half-S-1 note.quarter-L3 note.quarter-L2 note.quarter-L1 note.quarter-S0,count_mismatch
package_ab/230005246-1_1_1/230005246-1_1_1.png,16,17,note.quarter-L3 note.quarter-L3 note.quarter-S3 note.quarter-L4 note.quarter-S4,count_mismatch
package_aa/000107277-1_1_1/000107277-1_1_1.png,20,21,note.half-S0 note.quarter-L2 note.quarter-S2 note.quarter-L3 note.beamedRight1-L3,count_mismatch
package_aa/000105846-1_1_1/000105846-1_1_1.png,16,17,note.quarter-S3 note.eighth-S5 note.beamedRight1-S4 note.beamedBoth1-S3 note.beamedBoth1-S4,count_mismatch
package_ab/220034094-1_7_1/220034094-1_7_1.png,7,8,note.half-L5 note.half-S4 note.half-L4 note.half-S4 note.half-S3,count_mismatch
package_aa/000108650-1_1_1/000108650-1_1_1.png,14,13,note.quarter-L2 note.quarter-S2 note.half-L3 note.eighth-S2 note.eighth-L3,count_mismatch
package_ab/220030329-1_1_1/220030329-1_1_1.png,14,15,note.half-S3 note.half-S3 note.half-S2 note.half-L3 note.half-S3,count_mismatch
package_ab/150202552-1_1_2/150202552-1_1_2.png,7,10,note.whole-L3 note.half-S1 note.half-L2 note.half-L1 note.half-L1,count_mismatch
package_aa/000100154-1_1_1/000100154-1_1_1.png,9,14,note.eighth-L3 note.eighth-L3 note.eighth-L3 note.eighth-L3 note.eighth-L3,count_mismatch
package_ab/212002054-1_2_1/212002054-1_2_1.png,18,17,note.quarter-L4 note.beamedRight1-S3 note.beamedLeft1-L3 note.beamedRight1-S2 note.beamedBoth1-L6,count_mismatch
package_aa/110002137-1_1_1/110002137-1_1_1.png,17,18,note.quarter-L4 note.quarter-S3 note.eighth-S3 note.eighth-L4 note.quarter-S4,count_mismatch
package_aa/000110672-1_2_1/000110672-1_2_1.png,10,11,note.half-S-1 note.beamedRight1-S-1 note.beamedBoth2-L-1 note.beamedLeft2-S-1 note.beamedRight2-L0,count_mismatch
package_ab/220011439-1_1_1/220011439-1_1_1.png,13,14,note.half-L4 note.half-S3 note.half-L4 note.half-S2 note.quarter-L3,count_mismatch
package_aa/000122513-1_1_1/000122513-1_1_1.png,18,19,note.half-S0 note.half-S1 note.quarter-S2 note.quarter-S2 note.quarter-S2,count_mismatch
package_aa/000131787-1_1_1/000131787-1_1_1.png,20,21,note.half-S3 note.quarter-S3 note.quarter-L3 note.quarter-S2 note.quarter-L2,count_mismatch
package_ab/220015751-1_1_1/220015751-1_1_1.png,11,12,note.half-S0 note.half-S1 note.half-S2 note.half-L4 note.half-L5,count_mismatch
package_aa/000101647-1_1_1/000101647-1_1_1.png,14,13,note.half-S3 note.eighth-L2 note.eighth-L2 note.eighth-S2 note.eighth-L3,count_mismatch
package_ab/220017473-1_1_1/220017473-1_1_1.png,5,7,note.half-L2 note.whole-L2 note.half-L2 note.half-S1 note.half-L1,count_mismatch
package_ab/190006543-1_3_1/190006543-1_3_1.png,3,4,note.whole-L2 note.whole-S4 note.half-S1 note.half-L2,count_mismatch
package_ab/220020044-1_6_1/220020044-1_6_1.png,18,19,note.half-S4 note.half-L6 note.half-S2 note.quarter-S2 note.quarter-S2,count_mismatch
package_ab/211005791-1_1_2/211005791-1_1_2.png,13,14,note.half-L3 note.half-S3 note.quarter-S3 note.half-S4 note.quarter-L4,count_mismatch
package_aa/000120379-1_1_1/000120379-1_1_1.png,16,17,note.quarter-S5 note.quarter-S4 note.beamedRight1-L5 note.beamedBoth1-S4 note.beamedBoth1-L4,count_mismatch
package_aa/000105169-1_1_1/000105169-1_1_1.png,12,13,note.half-L2 note.quarter-L2 note.half-L4 note.quarter-S5 note.half-L5,count_mismatch
package_ab/201007008-1_1_1/201007008-1_1_1.png,7,9,note.whole-L4 note.whole-S4 note.half-L5 note.quarter-L5 note.quarter-L4,count_mismatch
package_aa/000105619-1_1_1/000105619-1_1_1.png,9,10,note.half-S2 note.half-S1 note.half-L2 note.quarter-L1 note.quarter-S1,count_mismatch
package_ab/220031228-1_1_2/220031228-1_1_2.png,5,7,note.half-S2 note.half-L3 note.half-S1 note.half-S0 note.half-L2,count_mismatch
package_ab/211005672-1_2_1/211005672-1_2_1.png,9,10,note.whole-S2 note.whole-L3 note.whole-S2 note.whole-S1 note.half-L2,count_mismatch
package_ab/230005542-1_1_1/230005542-1_1_1.png,15,16,note.beamedRight1-L2 note.beamedBoth1-S3 note.beamedBoth1-S3 note.beamedBoth1-S3 note.beamedBoth1-S3,count_mismatch
package_ab/211008208-1_1_1/211008208-1_1_1.png,10,11,note.whole-L3 note.whole-L5 note.whole-S5 note.whole-L5 note.whole-S4,count_mismatch
package_ab/211006984-1_2_2/211006984-1_2_2.png,10,13,note.whole-S4 note.whole-S3 note.whole-L4 note.whole-S4 note.half-S4,count_mismatch
package_ab/150203664-1_1_1/150203664-1_1_1.png,19,20,note.half-S0 note.half-S1 note.half-S2 note.half-L4 note.beamedRight2-L5,count_mismatch
package_ab/201004902-1_10_1/201004902-1_10_1.png,10,12,note.half-L2 note.quarter-L2 note.half-L2 note.quarter-L2 note.eighth-S2,count_mismatch
package_ab/211008134-1_1_1/211008134-1_1_1.png,14,16,note.whole-L2 note.whole-S2 note.whole-L3 note.whole-S1 note.whole-L3,count_mismatch
package_aa/000100817-1_1_1/000100817-1_1_1.png,10,11,note.quarter-L5 note.quarter-S3 note.quarter-S2 note.quarter-S1 note.quarter-L0,count_mismatch
package_aa/000116631-1_1_1/000116631-1_1_1.png,17,16,note.quarter-S-1 note.quarter-L3 note.quarter-S-1 note.quarter-S1 note.quarter-L1,count_mismatch
package_ab/150204248-1_1_1/150204248-1_1_1.png,13,16,note.whole-S2 note.half-L2 note.half-S2 note.half-S1 note.half-L1,count_mismatch
package_aa/000100349-1_1_1/000100349-1_1_1.png,25,24,note.beamedRight1-S-2 note.beamedBoth1-S-1 note.beamedBoth1-S0 note.beamedLeft1-S-1 note.beamedRight1-L2,count_mismatch
package_aa/100501022-1_7_3/100501022-1_7_3.png,4,5,note.whole-S3 note.whole-S4 note.whole-L4 note.whole-L4 note.whole-L4,count_mismatch
package_aa/000122389-1_1_1/000122389-1_1_1.png,21,20,note.quarter-S4 note.quarter-L4 note.beamedRight1-S3 note.beamedLeft1-L4 note.beamedRight1-L3,count_mismatch
package_ab/170000085-1_1_1/170000085-1_1_1.png,9,10,note.half-L2 note.half-L2 note.half-S2 note.half-S0 note.half-L4,count_mismatch
package_ab/211008117-1_2_1/211008117-1_2_1.png,15,16,note.whole-S3 note.whole-L3 note.whole-S3 note.whole-L3 note.whole-S2,count_mismatch
package_aa/100501020-1_2_2/100501020-1_2_2.png,10,11,note.whole-S4 note.whole-L5 note.whole-S5 note.whole-S4 note.whole-S4,count_mismatch
package_ab/220017970-1_1_1/220017970-1_1_1.png,12,13,note.half-L1 note.half-L2 note.quarter-S2 note.quarter-L3 note.half-S3,count_mismatch
package_aa/000123440-1_1_1/000123440-1_1_1.png,13,14,note.quarter-S3 note.quarter-S3 note.quarter-L3 note.quarter-L3 note.quarter-S2,count_mismatch
package_ab/211004669-1_4_1/211004669-1_4_1.png,7,8,note.half-S2 note.half-S3 note.half-S4 note.half-S4 note.half-L6,count_mismatch
package_ab/220017573-1_3_1/220017573-1_3_1.png,5,7,note.half-L2 note.half-L1 note.half-S0 note.half-S0 note.quarter-L1,count_mismatch
package_ab/110003195-1_4_1/110003195-1_4_1.png,9,11,note.half-L5 note.half-L5 note.quarter-L5 note.quarter-S3 note.quarter-L4,count_mismatch
package_aa/000108726-1_1_1/000108726-1_1_1.png,11,12,note.half-S4 note.half-S3 note.whole-S5 note.half-S5 note.half-S4,count_mismatch
package_ab/230005022-1_1_1/230005022-1_1_1.png,7,8,note.half-L2 note.half-S2 note.half-L3 note.half-S2 note.half-L2,count_mismatch
package_aa/000140195-1_1_1/000140195-1_1_1.png,21,22,note.quarter-L-1 note.half-S0 note.beamedRight1-S1 note.beamedBoth1-L1 note.beamedBoth1-S0,count_mismatch
package_ab/220019467-1_1_1/220019467-1_1_1.png,5,8,note.half-S1 note.half-S1 note.half-L2 note.half-S2 note.half-S2,count_mismatch
package_ab/201008539-1_8_1/201008539-1_8_1.png,13,14,note.quarter-L7 note.quarter-S7 note.half-S6 note.quarter-L7 note.quarter-S7,count_mismatch
package_aa/000119289-1_3_1/000119289-1_3_1.png,18,19,note.half-L6 note.half-S2 note.quarter-L4 note.quarter-L5 note.quarter-S4,count_mismatch
package_ab/201007184-1_10_1/201007184-1_10_1.png,9,10,note.sixteenth-L3 note.beamedRight1-L3 note.beamedLeft1-S3 note.beamedRight1-L3 note.beamedLeft1-S2,count_mismatch
package_aa/000113831-1_1_1/000113831-1_1_1.png,3,4,note.whole-L4 note.whole-L5 note.whole-S5 note.whole-S6,count_mismatch
package_aa/000105407-1_1_1/000105407-1_1_1.png,12,13,note.beamedRight1-S1 note.beamedBoth1-L1 note.beamedLeft1-S0 note.beamedRight1-S3 note.beamedBoth1-L3,count_mismatch
package_aa/000127105-1_1_1/000127105-1_1_1.png,15,8,note.quarter-L3 note.eighth-L3 note.beamedRight1-S6 note.beamedLeft2-S6 note.beamedRight1-L6,count_mismatch
package_ab/150206399-1_1_1/150206399-1_1_1.png,12,11,note.half-S4 note.half-S5 note.half-S6 note.beamedRight1-S6 note.beamedBoth1-L7,count_mismatch
package_aa/000103095-1_1_1/000103095-1_1_1.png,9,10,note.half-L3 note.whole-S2 note.half-L2 note.whole-S1 note.half-L4,count_mismatch
package_aa/000101333-1_1_2/000101333-1_1_2.png,18,19,note.quarter-L1 note.eighth-L1 note.eighth-L1 note.eighth-L1 note.eighth-L1,count_mismatch
package_aa/100500803-1_7_1/100500803-1_7_1.png,10,12,note.half-L4 note.quarter-L4 note.half-S4 note.quarter-S4 note.half-L4,count_mismatch
package_aa/000106183-1_1_2/000106183-1_1_2.png,13,17,note.beamedRight1-L4 note.beamedBoth1-S3 note.beamedLeft1-L4 note.beamedRight1-S4 note.beamedBoth1-L4,count_mismatch
package_aa/000108031-1_1_1/000108031-1_1_1.png,14,15,note.half-S-1 note.quarter-S6 note.beamedRight2-S6 note.beamedBoth2-L6 note.beamedBoth2-S5,count_mismatch
package_ab/211004638-1_1_1/211004638-1_1_1.png,11,12,note.eighth-L3 note.eighth-L3 note.eighth-S3 note.eighth-S3 note.eighth-L4,count_mismatch
package_aa/000118439-1_1_1/000118439-1_1_1.png,15,16,note.beamedRight1-L2 note.beamedBoth1-S1 note.beamedBoth1-L2 note.beamedBoth1-S2 note.beamedBoth1-L3,count_mismatch
package_aa/000130521-1_1_1/000130521-1_1_1.png,9,10,note.half-L2 note.half-L2 note.half-S2 note.half-L3 note.whole-S2,count_mismatch
package_aa/000103384-1_1_1/000103384-1_1_1.png,16,17,note.half-S0 note.beamedRight1-S2 note.beamedLeft1-S1 note.quarter-S0 note.quarter-S2,count_mismatch
package_ab/211008147-1_1_2/211008147-1_1_2.png,8,9,note.whole-S0 note.whole-L1 note.whole-S1 note.whole-L2 note.whole-S2,count_mismatch
package_aa/000115598-1_1_1/000115598-1_1_1.png,7,8,note.whole-S3 note.half-L5 note.half-L6 note.half-S5 note.half-S3,count_mismatch
package_ab/220013090-1_1_1/220013090-1_1_1.png,12,13,note.whole-S6 note.half-S5 note.half-S4 note.whole-L5 note.whole-L4,count_mismatch
package_ab/220017285-1_1_1/220017285-1_1_1.png,7,8,note.half-S0 note.quarter-S1 note.quarter-L2 note.half-S2 note.half-S4,count_mismatch
package_aa/000106864-1_1_1/000106864-1_1_1.png,9,10,note.half-S3 note.half-S4 note.half-S5 note.half-L6 note.half-L3,count_mismatch
package_ab/230005363-1_2_1/230005363-1_2_1.png,15,16,note.quarter-L1 note.quarter-S1 note.quarter-L1 note.quarter-S0 note.quarter-L2,count_mismatch
package_aa/000138222-1_1_1/000138222-1_1_1.png,17,18,note.quarter-L6 note.half-S-1 note.quarter-S6 note.quarter-L6 note.half-S1,count_mismatch
package_ab/201009258-1_60_1/201009258-1_60_1.png,22,23,note.half-L4 note.quarter-L2 note.quarter-S5 note.quarter-L5 note.quarter-S4,count_mismatch
package_aa/000141841-1_1_1/000141841-1_1_1.png,14,15,note.quarter-S3 note.half-L3 note.quarter-L3 note.quarter-L3 note.eighth-L3,count_mismatch
package_aa/000110767-1_2_1/000110767-1_2_1.png,5,8,note.whole-L3 note.half-S2 note.half-L2 note.whole-S0 note.whole-L0,count_mismatch
package_ab/211002966-1_4_1/211002966-1_4_1.png,12,13,note.whole-L3 note.whole-S2 note.whole-L3 note.whole-S3 note.whole-S3,count_mismatch
package_aa/000122114-1_1_1/000122114-1_1_1.png,33,32,note.beamedRight1-L2 note.beamedBoth1-S2 note.beamedBoth1-L3 note.beamedLeft1-S3 note.beamedRight1-L4,count_mismatch
package_ab/150200722-1_1_1/150200722-1_1_1.png,13,14,note.half-L2 note.half-L2 note.half-L4 note.half-L3 note.half-S2,count_mismatch
package_ab/211007103-1_8_1/211007103-1_8_1.png,24,18,note.beamedRight1-S0 note.beamedBoth3-L-1 note.beamedRight1-S0 note.beamedBoth3-L-1 note.beamedRight1-S0,count_mismatch
package_ab/220014623-1_1_1/220014623-1_1_1.png,13,14,note.quarter-S3 note.half-L5 note.quarter-S3 note.quarter-S3 note.half-S4,count_mismatch
package_ab/220000843-1_1_1/220000843-1_1_1.png,17,18,note.half-L3 note.beamedRight1-S2 note.beamedLeft1-L4 note.half-L2 note.eighth-L2,count_mismatch
package_aa/100501275-1_1_1/100501275-1_1_1.png,6,7,note.eighth-L-1 note.half-S-1 note.eighth-S0 note.half-S0 note.eighth-L1,count_mismatch
package_ab/190009386-1_1_1/190009386-1_1_1.png,11,12,note.half-S1 note.half-L0 note.beamedRight1-S1 note.beamedBoth1-S1 note.beamedLeft1-S1,count_mismatch
package_ab/190019664-1_1_1/190019664-1_1_1.png,11,12,note.half-S0 note.half-S1 note.quarter-S2 note.quarter-L4 note.beamedRight1-S2,count_mismatch
package_aa/000118927-1_1_1/000118927-1_1_1.png,20,21,note.half-S0 note.half-S1 note.quarter-S2 note.quarter-S2 note.quarter-S2,count_mismatch
package_aa/000111569-1_1_1/000111569-1_1_1.png,10,9,note.half-S2 note.half-S2 note.half-S0 note.half-L1 note.half-S1,count_mismatch
package_ab/201111135-1_1_1/201111135-1_1_1.png,7,8,note.half-S0 note.half-L2 note.half-S2 note.half-L3 note.half-S4,count_mismatch
package_ab/211003016-1_1_1/211003016-1_1_1.png,13,14,note.half-S2 note.quarter-S1 note.quarter-S1 note.quarter-S1 note.half-S1,count_mismatch
package_aa/000120872-1_1_1/000120872-1_1_1.png,16,15,note.quarter-S1 note.quarter-L3 note.quarter-S2 note.quarter-L3 note.quarter-S3,count_mismatch
package_ab/211004614-1_3_1/211004614-1_3_1.png,7,8,note.whole-L6 note.half-S5 note.half-L5 note.half-S5 note.half-S4,count_mismatch
package_ab/230002203-1_2_1/230002203-1_2_1.png,7,8,note.half-L1 note.half-L2 note.half-L3 note.half-S1 note.half-L2,count_mismatch
package_ab/220020006-1_1_1/220020006-1_1_1.png,13,14,note.half-L4 note.half-S2 note.whole-S1 note.half-S2 note.half-S1,count_mismatch
package_ab/230002338-1_5_1/230002338-1_5_1.png,7,8,note.half-L5 note.half-L4 note.half-S4 note.half-L5 note.half-L6,count_mismatch
package_aa/110001316-1_8_1/110001316-1_8_1.png,12,13,note.half-S4 note.half-S4 note.half-S4 note.half-S4 note.whole-S5,count_mismatch
package_ab/211002399-1_1_1/211002399-1_1_1.png,0,3,note.whole-S0 note.whole-S0 note.half-S0,count_mismatch
package_aa/000123583-1_1_1/000123583-1_1_1.png,21,22,note.quarter-L3 note.eighth-S3 note.eighth-L4 note.half-L2 note.quarter-L4,count_mismatch
package_ab/220000584-1_3_1/220000584-1_3_1.png,11,12,note.half-L1 note.half-L1 note.half-L1 note.whole-S2 note.half-S1,count_mismatch
package_ab/190005788-1_1_1/190005788-1_1_1.png,11,12,note.whole-L2 note.half-L1 note.half-S0 note.beamedRight1-L1 note.beamedBoth1-S0,count_mismatch
package_aa/100501013-1_2_3/100501013-1_2_3.png,14,15,note.half-S2 note.half-S2 note.whole-L3 note.half-S2 note.whole-L4,count_mismatch
package_ab/220034024-1_2_1/220034024-1_2_1.png,11,12,note.quarter-S2 note.quarter-S4 note.quarter-S4 note.quarter-L5 note.quarter-S5,count_mismatch
package_aa/000120044-1_2_1/000120044-1_2_1.png,13,12,note.quarter-S4 note.quarter-S4 note.quarter-S3 note.half-L4 note.quarter-L4,count_mismatch
package_ab/211002965-1_1_1/211002965-1_1_1.png,10,11,note.whole-L3 note.whole-S2 note.whole-L3 note.whole-L4 note.whole-S4,count_mismatch
package_ab/201002909-1_1_1/201002909-1_1_1.png,14,16,note.half-S0 note.beamedRight2-L5 note.beamedBoth2-S4 note.beamedLeft2-L4 note.beamedRight2-S3,count_mismatch
package_aa/100500951-1_1_2/100500951-1_1_2.png,8,11,note.whole-S0 note.half-L2 note.half-S0 note.half-L2 note.half-L4,count_mismatch
package_ab/230002044-1_1_1/230002044-1_1_1.png,8,9,note.half-S3 note.half-S3 note.half-L3 note.half-S3 note.half-L2,count_mismatch
package_ab/230001362-1_6_1/230001362-1_6_1.png,7,8,note.whole-S4 note.half-S4 note.half-L4 note.half-S3 note.half-L3,count_mismatch
package_ab/210000063-1_6_1/210000063-1_6_1.png,8,9,note.half-S2 note.half-S2 note.half-S2 note.half-L4 note.half-L5,count_mismatch
package_aa/110000773-1_1_1/110000773-1_1_1.png,6,7,note.whole-S4 note.half-S4 note.half-S4 note.half-L4 note.half-S3,count_mismatch
package_ab/190005920-1_1_1/190005920-1_1_1.png,14,16,note.quarter-S4 note.half-L6 note.quarter-S4 note.beamedRight1-L5 note.beamedLeft1-S4,count_mismatch
package_aa/000104129-1_5_1/000104129-1_5_1.png,12,13,note.half-S0 note.quarter-L1 note.quarter-S1 note.quarter-L2 note.quarter-L1,count_mismatch
package_ab/211003462-1_6_1/211003462-1_6_1.png,8,9,note.whole-L4 note.half-L4 note.whole-S3 note.half-S3 note.whole-L4,count_mismatch
package_aa/000107813-1_2_1/000107813-1_2_1.png,16,18,note.quarter-L2 note.quarter-S1 note.quarter-L2 note.half-S0 note.quarter-L3,count_mismatch
package_aa/110001803-1_1_1/110001803-1_1_1.png,13,9,note.beamedRight1-L3 note.beamedBoth2-L3 note.beamedRight1-L5 note.beamedLeft1-L5 note.beamedRight2-L5,count_mismatch
package_aa/000137989-1_1_1/000137989-1_1_1.png,9,10,note.half-L0 note.half-S3 note.half-S3 note.quarter-L3 note.quarter-S2,count_mismatch
package_ab/212003664-1_4_2/212003664-1_4_2.png,5,6,note.whole-S4 note.whole-L3 note.whole-S5 note.whole-S4 note.whole-S6,count_mismatch
package_aa/000141875-1_1_1/000141875-1_1_1.png,11,12,note.half-L2 note.half-S1 note.half-L2 note.half-L0 note.half-S0,count_mismatch
package_ab/220000172-1_3_2/220000172-1_3_2.png,14,15,note.quarter-S3 note.half-L5 note.quarter-S3 note.quarter-L5 note.half-L6,count_mismatch
package_ab/201003105-1_1_1/201003105-1_1_1.png,9,10,note.half-S0 note.half-L3 note.beamedRight1-L3 note.beamedLeft1-L3 note.beamedRight1-L3,count_mismatch
package_aa/000141872-1_1_1/000141872-1_1_1.png,7,9,note.half-L3 note.whole-S4 note.half-L4 note.whole-S3 note.half-S3,count_mismatch
package_ab/230001698-1_1_1/230001698-1_1_1.png,10,16,note.quarter-S4 note.quarter-S4 note.quarter-S4 note.half-S4 note.quarter-S4,count_mismatch
package_ab/220030196-1_1_1/220030196-1_1_1.png,7,8,note.whole-S3 note.quarter-L2 note.quarter-S3 note.half-L3 note.quarter-L1,count_mismatch
package_aa/000119480-1_1_1/000119480-1_1_1.png,19,20,note.half-S0 note.quarter-S0 note.beamedRight1-L0 note.beamedLeft1-S0 note.half-S1,count_mismatch
package_ab/201008387-1_1_1/201008387-1_1_1.png,13,14,note.beamedRight1-S0 note.beamedLeft1-L0 note.half-S0 note.beamedRight1-S1 note.beamedLeft1-L1,count_mismatch
package_ab/220011469-1_1_1/220011469-1_1_1.png,12,13,note.half-S3 note.half-S3 note.half-S3 note.half-S3 note.whole-L4,count_mismatch
package_aa/000123565-1_1_1/000123565-1_1_1.png,19,18,note.beamedRight1-L4 note.beamedBoth1-S3 note.beamedBoth1-L3 note.beamedLeft1-S2 note.beamedRight1-L2,count_mismatch
package_ab/201008025-1_1_1/201008025-1_1_1.png,10,11,note.quarter-S0 note.quarter-L2 note.quarter-S5 note.quarter-L2 note.quarter-L1,count_mismatch
package_ab/190010415-1_1_1/190010415-1_1_1.png,6,7,note.half-S0 note.half-S1 note.half-S2 note.whole-L4 note.half-S3,count_mismatch
package_ab/150205736-1_1_1/150205736-1_1_1.png,13,14,note.whole-S5 note.quarter-S5 note.quarter-L4 note.half-L4 note.quarter-L4,count_mismatch
package_aa/100500917-1_3_2/100500917-1_3_2.png,5,8,note.whole-S3 note.half-S3 note.half-L2 note.whole-L2 note.half-L2,count_mismatch
package_aa/100500917-1_6_1/100500917-1_6_1.png,5,8,note.whole-S3 note.half-L5 note.whole-S5 note.half-S3 note.whole-S5,count_mismatch
package_aa/000125088-5_1_1/000125088-5_1_1.png,7,8,note.whole-L1 note.whole-L4 note.whole-S1 note.whole-S4 note.whole-L2,count_mismatch
package_aa/000100134-3_1_1/000100134-3_1_1.png,18,19,note.half-S0 note.whole-L4 note.whole-S3 note.whole-L4 note.beamedRight2-L3,count_mismatch
package_ab/110003893-1_1_1/110003893-1_1_1.png,15,9,note.beamedBoth3-L5 note.beamedLeft2-L6 note.beamedBoth3-L5 note.beamedLeft2-L6 note.beamedBoth3-L5,count_mismatch
package_ab/220013356-1_2_1/220013356-1_2_1.png,19,20,note.half-L1 note.half-S1 note.beamedRight1-L2 note.beamedBoth1-L2 note.beamedBoth1-S2,count_mismatch
package_aa/000135130-1_1_1/000135130-1_1_1.png,26,22,note.whole-L1 note.half-L1 note.sixteenth-L1 note.beamedRight1-S2 note.beamedBoth1-S2,count_mismatch
package_ab/220034598-1_1_1/220034598-1_1_1.png,9,11,note.half-S2 note.half-L6 note.half-S5 note.half-L6 note.half-S5,count_mismatch
package_ab/150205400-1_1_1/150205400-1_1_1.png,2,4,note.half-S0 note.quarter-S0 note.half-S0 note.quarter-S0,count_mismatch
package_ab/211010614-1_1_1/211010614-1_1_1.png,12,14,note.half-L3 note.half-L3 note.quarter-S2 note.quarter-L2 note.half-S1,count_mismatch
package_aa/000110286-1_2_1/000110286-1_2_1.png,12,13,note.whole-S4 note.quarter-L4 note.quarter-S3 note.quarter-L3 note.quarter-S2,count_mismatch
package_aa/100500932-1_1_3/100500932-1_1_3.png,11,12,note.half-L1 note.half-L3 note.half-L1 note.half-S0 note.half-L1,count_mismatch
package_aa/000110470-1_1_1/000110470-1_1_1.png,10,11,note.quarter-S0 note.half-L2 note.half-S2 note.quarter-L3 note.quarter-S3,count_mismatch
package_aa/100501200-1_1_2/100501200-1_1_2.png,10,12,note.half-L4 note.half-S2 note.half-L3 note.half-L2 note.half-S2,count_mismatch
package_aa/110002955-1_4_1/110002955-1_4_1.png,5,9,note.sixteenth-L3 note.sixteenth-L3 note.eighth-S4 note.sixteenth-S4 note.sixteenth-L4,count_mismatch
package_ab/230006147-1_1_1/230006147-1_1_1.png,21,23,note.quarter-L1 note.half-L1 note.half-L2 note.half-L3 note.quarter-L3,count_mismatch
package_ab/210000316-1_1_2/210000316-1_1_2.png,21,20,note.whole-L4 note.quarter-L4 note.quarter-S5 note.quarter-S5 note.quarter-S5,count_mismatch
package_ab/230002321-1_1_1/230002321-1_1_1.png,7,8,note.quarter-L0 note.quarter-L-1 note.quarter-L0 note.quarter-S1 note.half-L0,count_mismatch
package_ab/211017887-1_1_1/211017887-1_1_1.png,10,12,note.half-L4 note.beamedRight1-S3 note.beamedLeft1-L4 note.beamedRight1-S4 note.beamedLeft1-S3,count_mismatch
package_ab/190006082-1_1_1/190006082-1_1_1.png,15,16,note.quarter-L4 note.half-L4 note.beamedRight1-L4 note.beamedLeft1-S2 note.beamedRight1-L2,count_mismatch
package_aa/000120938-1_1_1/000120938-1_1_1.png,14,16,note.quarter-L3 note.quarter-S3 note.beamedRight2-L3 note.beamedBoth2-S2 note.beamedBoth2-L3,count_mismatch
package_ab/211005533-1_6_1/211005533-1_6_1.png,8,9,note.half-S4 note.half-S4 note.half-S4 note.half-L3 note.half-S3,count_mismatch
package_aa/100500929-1_1_2/100500929-1_1_2.png,13,14,note.quarter-L2 note.quarter-L2 note.quarter-L2 note.quarter-L2 note.half-S1,count_mismatch
package_aa/100017122-1_4_1/100017122-1_4_1.png,11,12,note.whole-S2 note.half-S2 note.half-L2 note.quarter-L2 note.half-S2,count_mismatch
package_ab/201004121-1_1_1/201004121-1_1_1.png,11,12,note.whole-L3 note.half-L3 note.quarter-L3 note.quarter-S2 note.quarter-S2,count_mismatch
package_aa/000113717-1_1_1/000113717-1_1_1.png,23,21,note.beamedRight2-S5 note.beamedBoth2-L4 note.beamedBoth2-S3 note.beamedLeft2-L4 note.beamedRight2-S5,count_mismatch
package_ab/190013211-1_1_1/190013211-1_1_1.png,8,9,note.whole-S3 note.half-L4 note.whole-S4 note.half-S3 note.half-L5,count_mismatch
package_ab/201007042-1_9_1/201007042-1_9_1.png,14,15,note.quarter-S0 note.half-S0 note.quarter-S0 note.quarter-L3 note.beamedRight1-S2,count_mismatch
package_ab/211005432-1_3_1/211005432-1_3_1.png,13,14,note.beamedRight1-S4 note.beamedBoth2-S3 note.beamedBoth2-L4 note.beamedBoth2-S4 note.beamedBoth2-L5,count_mismatch
package_aa/000105694-1_1_1/000105694-1_1_1.png,10,11,note.quarter-L1 note.quarter-S1 note.quarter-L2 note.half-S2 note.half-L2,count_mismatch
package_ab/201008579-1_4_1/201008579-1_4_1.png,26,27,note.beamedRight1-S-1 note.beamedBoth1-S0 note.beamedLeft1-L0 note.beamedRight1-S-1 note.beamedBoth1-S1,count_mismatch
package_aa/000127465-1_1_1/000127465-1_1_1.png,11,10,note.half-S2 note.quarter-S2 note.quarter-L3 note.half-S3 note.half-L4,count_mismatch
package_ab/200185906-1_1_1/200185906-1_1_1.png,10,11,note.half-L2 note.half-L3 note.half-S4 note.half-S3 note.half-S2,count_mismatch
package_aa/000117399-1_1_1/000117399-1_1_1.png,8,9,note.whole-L7 note.whole-L7 note.quarter-S6 note.quarter-L6 note.half-S5,count_mismatch
package_ab/211006731-1_1_1/211006731-1_1_1.png,9,11,note.whole-L1 note.whole-S2 note.whole-S1 note.whole-L2 note.whole-S2,count_mismatch
package_ab/211006034-1_1_2/211006034-1_1_2.png,4,5,note.whole-S5 note.whole-S4 note.whole-L5 note.whole-S4 note.whole-L5,count_mismatch
package_aa/000108591-1_1_1/000108591-1_1_1.png,16,17,note.whole-L3 note.quarter-L3 note.quarter-S6 note.quarter-S6 note.quarter-S6,count_mismatch
package_aa/000100014-1_1_1/000100014-1_1_1.png,20,21,note.half-S0 note.quarter-S1 note.beamedRight1-L1 note.beamedLeft1-S0 note.beamedRight1-S2,count_mismatch
package_ab/150204853-1_1_1/150204853-1_1_1.png,13,14,note.half-S0 note.half-L4 note.beamedRight2-S3 note.beamedBoth2-L4 note.beamedBoth2-S3,count_mismatch
package_ab/201009125-1_1_1/201009125-1_1_1.png,7,9,note.half-L1 note.half-L1 note.half-L1 note.half-S0 note.half-L1,count_mismatch
package_ab/230005482-1_1_1/230005482-1_1_1.png,13,14,note.half-S3 note.half-L3 note.half-S3 note.half-S4 note.half-L5,count_mismatch
package_ab/230002910-1_1_2/230002910-1_1_2.png,14,15,note.quarter-S3 note.half-L5 note.quarter-S3 note.quarter-L5 note.half-L6,count_mismatch
package_aa/000100794-1_1_1/000100794-1_1_1.png,14,17,note.half-L0 note.half-S0 note.half-L1 note.half-S1 note.quarter-S1,count_mismatch
package_aa/000141883-1_1_1/000141883-1_1_1.png,5,7,note.half-S2 note.quarter-S2 note.quarter-L2 note.half-S1 note.half-L1,count_mismatch
package_aa/000108441-1_1_2/000108441-1_1_2.png,6,7,note.quarter-L0 note.half-S-1 note.half-L-1 note.half-L5 note.half-S4,count_mismatch
package_ab/220000472-1_1_1/220000472-1_1_1.png,13,15,note.half-L1 note.half-S-1 note.half-L0 note.half-L0 note.half-S-2,count_mismatch
package_ab/190005779-1_1_1/190005779-1_1_1.png,2,5,note.half-S-2 note.half-L-1 note.half-S-1 note.half-S-1 note.whole-L-1,count_mismatch
package_ab/211003760-1_1_1/211003760-1_1_1.png,10,11,note.whole-L3 note.half-S1 note.half-S1 note.whole-S2 note.whole-L2,count_mismatch
package_ab/190100445-1_1_1/190100445-1_1_1.png,10,11,note.half-S0 note.quarter-S1 note.quarter-S2 note.quarter-S1 note.quarter-S0,count_mismatch
package_ab/190019916-1_2_1/190019916-1_2_1.png,20,22,note.half-S-1 note.half-L0 note.quarter-S0 note.quarter-L1 note.quarter-L-1,count_mismatch
package_aa/000101563-1_1_1/000101563-1_1_1.png,13,12,note.eighth-L4 note.quarter-L4 note.quarter-S4 note.quarter-L5 note.quarter-S5,count_mismatch
package_ab/211001903-1_1_1/211001903-1_1_1.png,9,10,note.half-S0 note.half-L2 note.half-S2 note.half-L3 note.half-S2,count_mismatch
package_aa/000109852-1_1_2/000109852-1_1_2.png,11,12,note.half-L3 note.half-L3 note.eighth-L3 note.eighth-S2 note.beamedRight1-L2,count_mismatch
package_aa/000117782-1_2_1/000117782-1_2_1.png,26,10,note.eighth-L1 note.eighth-S6 note.beamedRight2-S6 note.beamedBoth3-L7 note.beamedBoth3-S6,count_mismatch
package_ab/225001336-1_1_1/225001336-1_1_1.png,4,7,note.whole-L2 note.whole-S1 note.whole-L3 note.whole-S3 note.whole-S4,count_mismatch
package_ab/230003385-1_1_1/230003385-1_1_1.png,14,16,note.half-S0 note.beamedRight2-L5 note.beamedBoth2-S4 note.beamedLeft2-L4 note.beamedRight2-S3,count_mismatch
package_aa/000127399-1_1_1/000127399-1_1_1.png,10,11,note.half-S2 note.half-S1 note.half-L1 note.half-S0 note.quarter-S2,count_mismatch
package_aa/000103204-1_1_1/000103204-1_1_1.png,8,12,note.quarter-S3 note.half-S3 note.half-L1 note.half-S1 note.half-L2,count_mismatch
package_ab/220018171-1_1_1/220018171-1_1_1.png,9,11,note.half-S1 note.half-S0 note.half-S2 note.half-L3 note.half-S2,count_mismatch
package_ab/230002355-1_5_1/230002355-1_5_1.png,5,7,note.half-S3 note.half-L5 note.half-L5 note.half-S4 note.half-L4,count_mismatch
package_aa/000100644-1_1_1/000100644-1_1_1.png,9,10,note.half-L4 note.half-L3 note.whole-S3 note.half-L3 note.whole-S2,count_mismatch
package_aa/000100144-1_1_1/000100144-1_1_1.png,11,10,note.whole-S4 note.half-S4 note.half-S4 note.half-S2 note.quarter-L3,count_mismatch
package_aa/000139007-1_1_1/000139007-1_1_1.png,7,8,note.sixteenth-S3 note.quarter-S3 note.sixteenth-S4 note.quarter-S4 note.sixteenth-L6,count_mismatch
package_ab/211005347-1_1_1/211005347-1_1_1.png,22,23,note.half-S-1 note.beamedRight1-L5 note.beamedBoth1-L4 note.beamedLeft1-L3 note.beamedRight1-L3,count_mismatch
package_ab/212002754-1_1_1/212002754-1_1_1.png,9,12,note.half-L3 note.half-S3 note.half-S0 note.half-L1 note.half-L-1,count_mismatch
package_aa/000117110-1_1_1/000117110-1_1_1.png,17,16,note.eighth-L3 note.eighth-L2 note.half-L4 note.quarter-L4 note.eighth-S3,count_mismatch
package_aa/000102402-1_1_1/000102402-1_1_1.png,10,12,note.whole-L4 note.half-S2 note.half-L3 note.half-S3 note.whole-L4,count_mismatch
package_aa/000125088-26_1_1/000125088-26_1_1.png,11,12,note.half-L1 note.half-L2 note.half-S1 note.half-L1 note.half-S4,count_mismatch
package_ab/230002885-1_4_1/230002885-1_4_1.png,9,10,note.quarter-L1 note.half-L1 note.quarter-L1 note.quarter-L1 note.half-S1,count_mismatch
package_ab/211005897-1_1_1/211005897-1_1_1.png,8,9,note.half-S3 note.quarter-S3 note.quarter-L4 note.quarter-S4 note.quarter-L4,count_mismatch
package_ab/220011684-1_1_1/220011684-1_1_1.png,10,11,note.half-S1 note.quarter-S2 note.quarter-S3 note.half-L5 note.quarter-L5,count_mismatch
package_aa/000103574-1_1_1/000103574-1_1_1.png,15,16,note.quarter-S2 note.beamedRight1-S2 note.beamedLeft1-L3 note.quarter-S3 note.quarter-S2,count_mismatch
package_ab/150205618-1_1_1/150205618-1_1_1.png,10,12,note.half-L2 note.half-L0 note.quarter-S0 note.quarter-S0 note.half-L1,count_mismatch
package_aa/100500997-1_1_2/100500997-1_1_2.png,10,11,note.whole-L3 note.whole-L3 note.half-L3 note.half-L3 note.whole-L4,count_mismatch
package_aa/000105061-3_1_1/000105061-3_1_1.png,13,14,note.whole-L3 note.half-L2 note.half-S3 note.half-S1 note.whole-L3,count_mismatch
package_aa/100030869-1_1_1/100030869-1_1_1.png,6,7,note.whole-L2 note.half-L3 note.whole-S4 note.whole-L1 note.half-S1,count_mismatch
package_ab/150203997-1_1_1/150203997-1_1_1.png,22,23,note.half-S0 note.beamedRight1-S0 note.beamedLeft1-S1 note.beamedRight1-S1 note.beamedBoth1-S0,count_mismatch
package_aa/000126479-1_10_1/000126479-1_10_1.png,5,6,note.half-S5 note.half-S4 note.half-L6 note.half-L5 note.half-S5,count_mismatch
package_aa/000108876-1_1_1/000108876-1_1_1.png,13,14,note.quarter-L2 note.half-L1 note.quarter-L2 note.half-S3 note.quarter-S4,count_mismatch
package_ab/190007329-1_1_1/190007329-1_1_1.png,23,24,note.half-S4 note.quarter-L3 note.quarter-S4 note.half-S2 note.half-L4,count_mismatch
package_ab/220016221-1_1_1/220016221-1_1_1.png,13,14,note.quarter-S1 note.half-L3 note.quarter-S6 note.quarter-L6 note.quarter-S5,count_mismatch
package_ab/220032459-1_1_1/220032459-1_1_1.png,3,6,note.whole-S1 note.whole-S2 note.whole-S1 note.whole-L3 note.whole-L4,count_mismatch
package_ab/201009274-1_3_2/201009274-1_3_2.png,12,13,note.half-L4 note.half-S3 note.beamedRight1-L4 note.beamedLeft1-S4 note.half-L5,count_mismatch
package_ab/201001360-1_1_1/201001360-1_1_1.png,12,13,note.half-S0 note.half-S1 note.whole-L1 note.half-S1 note.half-S2,count_mismatch
package_aa/000105714-1_1_1/000105714-1_1_1.png,15,16,note.half-L1 note.half-S0 note.beamedRight1-L1 note.beamedBoth1-L2 note.beamedBoth1-L3,count_mismatch
package_aa/000114602-1_1_1/000114602-1_1_1.png,13,14,note.whole-S2 note.half-S2 note.half-S0 note.whole-S2 note.half-L2,count_mismatch
package_ab/230005840-1_3_1/230005840-1_3_1.png,17,18,note.beamedRight1-S0 note.beamedBoth1-L-1 note.beamedBoth1-S1 note.beamedBoth1-L1 note.beamedLeft1-S0,count_mismatch
package_ab/230000246-1_1_1/230000246-1_1_1.png,7,10,note.half-L2 note.half-L2 note.half-S2 note.half-L3 note.half-S3,count_mismatch
package_ab/220030080-1_1_1/220030080-1_1_1.png,6,10,note.half-L5 note.half-L5 note.half-S4 note.whole-L4 note.half-L3,count_mismatch
package_ab/211006649-1_1_1/211006649-1_1_1.png,4,6,note.whole-L1 note.whole-L1 note.whole-S-1 note.whole-L3 note.whole-S-1,count_mismatch
package_ab/220031768-1_6_1/220031768-1_6_1.png,10,12,note.whole-L4 note.half-L4 note.half-L4 note.half-S4 note.whole-S3,count_mismatch
package_aa/000100367-8_1_1/000100367-8_1_1.png,15,16,note.quarter-L1 note.quarter-L1 note.quarter-L1 note.half-L2 note.quarter-L2,count_mismatch
package_ab/190021542-1_1_1/190021542-1_1_1.png,13,14,note.beamedRight3-L-1 note.beamedBoth3-S-1 note.beamedLeft3-L0 note.half-S0 note.quarter-S0,count_mismatch
package_aa/000115581-1_1_1/000115581-1_1_1.png,11,12,note.half-L1 note.half-S4 note.half-S4 note.half-L4 note.half-S3,count_mismatch
package_ab/190021788-1_1_1/190021788-1_1_1.png,6,9,note.quarter-S4 note.eighth-S4 note.eighth-S4 note.quarter-S3 note.quarter-S3,count_mismatch
package_ab/210000074-1_6_1/210000074-1_6_1.png,7,8,note.half-S4 note.half-S4 note.half-L4 note.half-S3 note.half-L3,count_mismatch
package_ab/230000161-1_1_1/230000161-1_1_1.png,10,11,note.half-S-1 note.quarter-L1 note.quarter-L2 note.quarter-L3 note.half-S5,count_mismatch
package_ab/220030025-1_1_2/220030025-1_1_2.png,10,11,note.whole-S4 note.half-S4 note.half-L3 note.half-S4 note.half-S4,count_mismatch
package_ab/212001508-1_3_1/212001508-1_3_1.png,12,13,note.quarter-S3 note.quarter-S4 note.quarter-S5 note.half-L7 note.beamedRight1-S5,count_mismatch
package_ab/150202655-1_1_2/150202655-1_1_2.png,9,10,note.whole-S3 note.quarter-S1 note.quarter-S1 note.quarter-S3 note.quarter-S3,count_mismatch
package_ab/230001946-1_4_1/230001946-1_4_1.png,9,10,note.quarter-L1 note.half-L1 note.quarter-L1 note.quarter-L1 note.half-S1,count_mismatch
package_ab/225000475-1_1_1/225000475-1_1_1.png,13,15,note.eighth-S0 note.half-S0 note.beamedRight1-S1 note.beamedBoth1-S0 note.beamedBoth1-L2,count_mismatch
package_aa/000130910-1_1_1/000130910-1_1_1.png,12,13,note.half-S4 note.quarter-L3 note.half-L2 note.quarter-L1 note.half-S6,count_mismatch
package_aa/000120908-1_1_1/000120908-1_1_1.png,10,12,note.quarter-L3 note.eighth-L3 note.eighth-S3 note.quarter-L4 note.quarter-L4,count_mismatch
package_aa/000111890-1_1_1/000111890-1_1_1.png,20,21,note.half-S2 note.half-S1 note.half-S0 note.half-L4 note.quarter-S3,count_mismatch
package_aa/000120915-1_1_1/000120915-1_1_1.png,14,13,note.quarter-L3 note.quarter-L3 note.quarter-L5 note.quarter-L5 note.quarter-L5,count_mismatch
package_aa/000120168-1_1_1/000120168-1_1_1.png,14,15,note.quarter-S2 note.quarter-L3 note.quarter-S3 note.quarter-S2 note.half-S4,count_mismatch
package_ab/150200786-1_1_1/150200786-1_1_1.png,13,14,note.half-L2 note.half-S2 note.half-L2 note.half-S1 note.half-S0,count_mismatch
package_aa/000120919-1_1_1/000120919-1_1_1.png,10,11,note.eighth-S3 note.eighth-L4 note.quarter-S4 note.quarter-L4 note.half-S3,count_mismatch
package_ab/212001094-1_2_1/212001094-1_2_1.png,20,19,note.quarter-L4 note.beamedRight1-S6 note.beamedBoth1-S6 note.beamedBoth1-L4 note.beamedLeft1-L4,count_mismatch
package_aa/000125000-2_1_1/000125000-2_1_1.png,23,24,note.half-S0 note.beamedRight1-S0 note.beamedBoth2-L1 note.beamedLeft2-S1 note.beamedRight2-L2,count_mismatch
package_ab/211006767-1_2_1/211006767-1_2_1.png,9,12,note.whole-S4 note.whole-S4 note.half-S4 note.half-S4 note.whole-S5,count_mismatch
package_aa/000101918-1_1_1/000101918-1_1_1.png,15,17,note.half-L6 note.half-S5 note.half-L5 note.half-S4 note.half-L4,count_mismatch
package_ab/225000484-1_1_1/225000484-1_1_1.png,7,8,note.half-S4 note.half-S4 note.half-L5 note.quarter-S4 note.quarter-L4,count_mismatch
package_ab/220031905-1_1_1/220031905-1_1_1.png,12,13,note.whole-L3 note.half-L3 note.whole-S4 note.half-S4 note.half-L4,count_mismatch
package_aa/000108519-1_1_1/000108519-1_1_1.png,16,18,note.half-S0 note.beamedRight2-S0 note.beamedBoth2-S1 note.beamedBoth2-L1 note.beamedLeft2-S0,count_mismatch
package_ab/211005761-1_1_2/211005761-1_1_2.png,7,8,note.whole-S1 note.whole-S3 note.whole-L4 note.half-S4 note.whole-L5,count_mismatch
package_ab/210097268-1_4_1/210097268-1_4_1.png,13,14,note.half-L1 note.half-L1 note.whole-L1 note.quarter-L3 note.eighth-L2,count_mismatch
package_ab/230003713-1_2_1/230003713-1_2_1.png,7,8,note.half-S0 note.quarter-S0 note.quarter-S0 note.half-S2 note.whole-S0,count_mismatch
package_aa/000142065-1_1_1/000142065-1_1_1.png,10,11,note.whole-L1 note.half-L1 note.whole-S2 note.half-S2 note.half-L2,count_mismatch
package_ab/230001208-1_1_1/230001208-1_1_1.png,8,9,note.quarter-S1 note.quarter-L3 note.quarter-S3 note.quarter-L4 note.half-S3,count_mismatch
package_ab/150201558-1_1_1/150201558-1_1_1.png,20,22,note.half-S0 note.beamedRight1-S1 note.beamedLeft1-S2 note.half-L4 note.beamedRight1-L5,count_mismatch
package_aa/000100226-1_1_1/000100226-1_1_1.png,8,10,note.quarter-S2 note.quarter-S3 note.quarter-S3 note.half-S2 note.half-S3,count_mismatch
package_ab/220032441-1_1_2/220032441-1_1_2.png,14,15,note.half-S1 note.whole-S1 note.whole-S3 note.whole-S4 note.half-L4,count_mismatch
package_aa/000135547-1_2_1/000135547-1_2_1.png,12,13,note.half-L6 note.half-S6 note.half-S3 note.quarter-L4 note.quarter-L4,count_mismatch
package_ab/190014462-1_1_1/190014462-1_1_1.png,18,21,note.half-L4 note.half-L3 note.whole-S4 note.half-S4 note.half-S4,count_mismatch
package_ab/220012168-1_1_1/220012168-1_1_1.png,15,16,note.beamedRight1-S4 note.beamedBoth1-S4 note.beamedBoth1-L4 note.beamedBoth1-L4 note.beamedBoth1-S3,count_mismatch
package_ab/211008041-1_1_2/211008041-1_1_2.png,7,8,note.half-L3 note.half-L2 note.half-S2 note.half-L3 note.half-L2,count_mismatch
package_ab/220011840-1_1_1/220011840-1_1_1.png,8,9,note.half-L3 note.quarter-S2 note.half-L2 note.quarter-S2 note.quarter-L2,count_mismatch
package_aa/100500005-1_3_1/100500005-1_3_1.png,9,10,note.quarter-L4 note.eighth-L4 note.eighth-L4 note.beamedRight1-S3 note.beamedLeft1-S4,count_mismatch
package_aa/000118759-1_1_1/000118759-1_1_1.png,10,11,note.whole-S1 note.quarter-S2 note.quarter-S2 note.half-S3 note.half-L2,count_mismatch
package_aa/100017302-1_1_1/100017302-1_1_1.png,4,15,note.quarter-S4 note.quarter-S4 note.quarter-S4 note.quarter-S4 note.quarter-S4,count_mismatch
package_ab/230006151-1_1_1/230006151-1_1_1.png,6,8,note.half-S0 note.quarter-L1 note.half-L1 note.quarter-S0 note.half-S0,count_mismatch
package_ab/201002898-1_1_2/201002898-1_1_2.png,6,8,note.quarter-S4 note.quarter-S4 note.quarter-S5 note.quarter-S5 note.half-L6,count_mismatch
package_ab/220014840-1_1_1/220014840-1_1_1.png,16,17,note.beamedRight1-L1 note.beamedLeft1-S1 note.half-L2 note.quarter-L3 note.quarter-L3,count_mismatch
package_aa/110000729-1_1_1/110000729-1_1_1.png,6,7,note.whole-S5 note.half-S4 note.quarter-L4 note.quarter-S3 note.whole-L4,count_mismatch
package_ab/211006429-1_1_2/211006429-1_1_2.png,6,8,note.whole-S4 note.whole-L4 note.whole-L2 note.whole-L4 note.whole-L2,count_mismatch
package_aa/000105235-1_1_1/000105235-1_1_1.png,16,17,note.quarter-L2 note.beamedRight1-L2 note.beamedLeft1-L2 note.quarter-S2 note.quarter-S2,count_mismatch
package_ab/211005344-1_1_1/211005344-1_1_1.png,9,11,note.whole-L1 note.whole-L1 note.whole-S-1 note.whole-L1 note.whole-L1,count_mismatch
package_ab/212003731-1_4_1/212003731-1_4_1.png,6,7,note.half-S0 note.half-S1 note.half-S2 note.half-L4 note.half-L5,count_mismatch
package_ab/211010683-1_3_1/211010683-1_3_1.png,16,17,note.quarter-S3 note.quarter-S3 note.quarter-S3 note.beamedRight1-S3 note.beamedBoth1-S3,count_mismatch
package_ab/201007307-1_1_1/201007307-1_1_1.png,14,15,note.quarter-L5 note.quarter-L5 note.quarter-L4 note.quarter-L4 note.quarter-L4,count_mismatch
package_ab/210097070-1_2_1/210097070-1_2_1.png,21,22,note.half-S0 note.half-L1 note.half-S1 note.half-L2 note.half-S2,count_mismatch
package_ab/210000254-1_4_1/210000254-1_4_1.png,21,20,note.beamedRight1-S1 note.beamedLeft1-L2 note.beamedRight1-S2 note.beamedBoth1-L3 note.beamedBoth1-S3,count_mismatch
package_ab/220017709-1_1_1/220017709-1_1_1.png,10,11,note.half-S1 note.quarter-S0 note.quarter-S1 note.half-L2 note.quarter-L2,count_mismatch
package_ab/211008055-1_8_1/211008055-1_8_1.png,5,6,note.whole-S4 note.whole-L4 note.whole-L3 note.whole-L4 note.whole-S3,count_mismatch
package_ab/212003394-1_1_1/212003394-1_1_1.png,13,14,note.half-L1 note.quarter-S1 note.quarter-L1 note.beamedRight1-L1 note.beamedBoth1-L2,count_mismatch
package_ab/230000244-1_23_1/230000244-1_23_1.png,5,7,note.half-L5 note.half-L5 note.half-L6 note.quarter-L5 note.half-L5,count_mismatch
package_aa/000110085-1_1_1/000110085-1_1_1.png,11,12,note.half-L2 note.half-S2 note.quarter-L3 note.half-S3 note.quarter-L3,count_mismatch
package_ab/201003440-1_1_1/201003440-1_1_1.png,2,3,note.whole-S3 note.whole-L4 note.whole-L4,count_mismatch
package_aa/000112743-1_1_2/000112743-1_1_2.png,13,14,note.quarter-L5 note.quarter-L4 note.quarter-L5 note.quarter-L3 note.quarter-L4,count_mismatch
package_aa/000120318-1_1_1/000120318-1_1_1.png,18,19,note.quarter-L2 note.quarter-L2 note.quarter-S2 note.quarter-L3 note.quarter-S2,count_mismatch
package_ab/220032169-1_1_1/220032169-1_1_1.png,5,8,note.whole-L2 note.whole-L2 note.half-S1 note.whole-S2 note.whole-L3,count_mismatch
package_aa/000116513-1_1_1/000116513-1_1_1.png,14,15,note.whole-L5 note.half-L5 note.half-S4 note.quarter-L5 note.quarter-L5,count_mismatch
package_ab/211008241-1_1_2/211008241-1_1_2.png,5,6,note.half-S1 note.quarter-L2 note.quarter-S2 note.half-L2 note.quarter-S2,count_mismatch
package_aa/000104471-1_1_1/000104471-1_1_1.png,10,11,note.quarter-L3 note.quarter-S1 note.half-L4 note.half-L3 note.half-L3,count_mismatch
package_ab/230000244-1_27_1/230000244-1_27_1.png,5,7,note.half-L5 note.half-L5 note.half-L6 note.quarter-L5 note.half-L5,count_mismatch
package_aa/100500851-1_1_2/100500851-1_1_2.png,7,8,note.eighth-S0 note.half-L4 note.half-S0 note.half-S2 note.eighth-S2,count_mismatch
package_ab/200022488-1_3_2/200022488-1_3_2.png,12,13,note.half-S3 note.quarter-S3 note.quarter-L5 note.quarter-L5 note.quarter-S4,count_mismatch
package_aa/000120170-1_1_1/000120170-1_1_1.png,22,21,note.quarter-S4 note.eighth-L4 note.eighth-S3 note.quarter-L4 note.quarter-L2,count_mismatch
package_ab/230005416-1_1_1/230005416-1_1_1.png,25,24,note.beamedRight2-L3 note.beamedBoth2-L4 note.beamedLeft2-L5 note.beamedRight2-S6 note.beamedBoth2-L5,count_mismatch
package_ab/211004576-1_1_1/211004576-1_1_1.png,5,13,note.quarter-S4 note.quarter-S4 note.quarter-S4 note.quarter-S4 note.quarter-S4,count_mismatch
package_aa/000116637-1_1_1/000116637-1_1_1.png,29,28,note.quarter-S3 note.half-L5 note.beamedRight1-L6 note.beamedBoth1-S5 note.beamedBoth1-L5,count_mismatch
package_ab/201008216-1_2_1/201008216-1_2_1.png,13,14,note.quarter-S-1 note.quarter-L0 note.quarter-L1 note.quarter-S1 note.quarter-L2,count_mismatch
package_aa/000126935-1_1_1/000126935-1_1_1.png,14,15,note.quarter-S4 note.quarter-L6 note.quarter-L3 note.quarter-S5 note.quarter-S2,count_mismatch
package_ab/150205583-1_1_1/150205583-1_1_1.png,17,16,note.beamedRight2-S2 note.beamedLeft2-L3 note.beamedRight2-S3 note.beamedBoth2-L3 note.beamedBoth2-S2,count_mismatch
package_ab/230001719-1_1_1/230001719-1_1_1.png,6,7,note.whole-L4 note.half-S3 note.half-L4 note.whole-L4 note.whole-L2,count_mismatch
package_ab/211005050-1_1_1/211005050-1_1_1.png,14,15,note.beamedRight3-S-1 note.beamedBoth3-L0 note.beamedLeft3-S0 note.half-L1 note.quarter-L2,count_mismatch
package_ab/225001371-1_1_1/225001371-1_1_1.png,9,10,note.half-S4 note.whole-S4 note.half-S4 note.half-L4 note.half-S4,count_mismatch
package_ab/211006978-1_4_2/211006978-1_4_2.png,14,15,note.half-L2 note.quarter-L2 note.quarter-S2 note.quarter-L3 note.quarter-S3,count_mismatch
package_aa/000112724-1_1_1/000112724-1_1_1.png,13,14,note.quarter-S2 note.quarter-S2 note.quarter-L2 note.quarter-S1 note.half-L1,count_mismatch
package_ab/201010258-1_1_1/201010258-1_1_1.png,7,8,note.quarter-S0 note.half-L2 note.quarter-L2 note.half-S0 note.quarter-S3,count_mismatch
package_ab/190005746-1_1_1/190005746-1_1_1.png,10,11,note.half-L2 note.half-L2 note.half-L2 note.whole-L4 note.half-L4,count_mismatch
package_ab/190002815-1_1_1/190002815-1_1_1.png,5,6,note.half-L5 note.half-S0 note.quarter-L6 note.quarter-L5 note.quarter-L4,count_mismatch
package_ab/190002141-1_1_1/190002141-1_1_1.png,29,30,note.half-S0 note.half-S1 note.half-S2 note.half-L4 note.half-L5,count_mismatch
package_ab/212002918-1_6_1/212002918-1_6_1.png,14,15,note.quarter-L4 note.quarter-S5 note.beamedRight1-L3 note.beamedLeft1-S3 note.half-L4,count_mismatch
package_ab/230001928-1_7_1/230001928-1_7_1.png,3,5,note.half-L5 note.quarter-S3 note.quarter-L4 note.quarter-S4 note.half-L5,count_mismatch
package_ab/230003651-1_21_1/230003651-1_21_1.png,7,8,note.quarter-S4 note.half-S4 note.half-S4 note.half-L6 note.quarter-S3,count_mismatch
package_ab/230002242-1_3_1/230002242-1_3_1.png,9,10,note.half-S0 note.half-S1 note.quarter-S2 note.beamedRight1-L3 note.beamedLeft1-S3,count_mismatch
package_aa/000116031-1_1_1/000116031-1_1_1.png,8,10,note.half-L3 note.whole-L3 note.half-S4 note.half-L3 note.half-S2,count_mismatch
package_ab/211006735-1_1_1/211006735-1_1_1.png,13,15,note.half-L4 note.half-L2 note.quarter-L1 note.quarter-L4 note.half-L2,count_mismatch
package_aa/000105062-10_1_1/000105062-10_1_1.png,15,16,note.whole-S5 note.half-S3 note.half-L5 note.half-L5 note.whole-S4,count_mismatch
package_ab/225000505-1_1_1/225000505-1_1_1.png,11,12,note.quarter-L6 note.beamedRight1-L6 note.beamedLeft1-S5 note.quarter-L6 note.half-L7,count_mismatch
package_aa/000123297-1_1_1/000123297-1_1_1.png,8,11,note.half-S-2 note.beamedRight1-L-1 note.beamedBoth2-S-2 note.beamedLeft2-L-1 note.half-S-1,count_mismatch
package_aa/000135904-1_5_1/000135904-1_5_1.png,17,21,note.quarter-S4 note.sixteenth-S4 note.sixteenth-S4 note.quarter-S4 note.eighth-S4,count_mismatch
package_ab/211003392-1_1_1/211003392-1_1_1.png,0,2,note.whole-S4 note.whole-S4,count_mismatch
package_aa/000118477-1_1_1/000118477-1_1_1.png,9,10,note.whole-S4 note.whole-L5 note.whole-S5 note.half-L5 note.half-L3,count_mismatch
package_ab/190006499-1_1_1/190006499-1_1_1.png,13,14,note.quarter-L1 note.quarter-S1 note.half-L2 note.quarter-L0 note.quarter-S0,count_mismatch
package_ab/220017281-1_1_2/220017281-1_1_2.png,14,15,note.half-L1 note.half-S1 note.half-L2 note.quarter-L3 note.quarter-S2,count_mismatch
package_ab/220010113-1_2_1/220010113-1_2_1.png,11,12,note.whole-S5 note.whole-S4 note.whole-L5 note.half-S4 note.half-L4,count_mismatch
package_ab/150200831-1_1_1/150200831-1_1_1.png,12,13,note.half-L2 note.half-S2 note.half-S1 note.half-L1 note.half-S0,count_mismatch
package_ab/220016987-1_1_1/220016987-1_1_1.png,10,11,note.quarter-L2 note.quarter-L2 note.quarter-S1 note.quarter-S1 note.half-L1,count_mismatch
package_ab/190000282-1_1_1/190000282-1_1_1.png,16,17,note.quarter-S3 note.quarter-L4 note.quarter-S4 note.quarter-L5 note.eighth-S4,count_mismatch
package_aa/000110880-1_1_1/000110880-1_1_1.png,17,16,note.beamedRight2-L7 note.beamedLeft2-L6 note.sixteenth-S5 note.sixteenth-L5 note.beamedRight2-L7,count_mismatch
package_ab/220034287-1_5_1/220034287-1_5_1.png,7,10,note.quarter-S4 note.eighth-S4 note.quarter-L3 note.quarter-L3 note.eighth-L4,count_mismatch
package_aa/000117462-1_1_1/000117462-1_1_1.png,17,18,note.half-S0 note.beamedRight1-S1 note.beamedLeft1-S2 note.half-L-1 note.beamedRight1-S-1,count_mismatch
package_aa/100028697-1_1_1/100028697-1_1_1.png,7,11,note.half-L0 note.half-S0 note.quarter-S0 note.quarter-S0 note.half-S0,count_mismatch
package_ab/211002684-1_1_1/211002684-1_1_1.png,10,11,note.half-L4 note.half-L4 note.half-L4 note.whole-S3 note.half-S3,count_mismatch
package_ab/230003001-1_2_1/230003001-1_2_1.png,15,16,note.quarter-L3 note.half-S4 note.half-L1 note.beamedRight1-L2 note.beamedBoth2-L1,count_mismatch
package_aa/000051803-1_1_1/000051803-1_1_1.png,13,15,note.half-S4 note.quarter-L4 note.quarter-S3 note.quarter-L4 note.quarter-L3,count_mismatch
package_ab/225000215-1_1_1/225000215-1_1_1.png,10,11,note.quarter-S2 note.quarter-S3 note.quarter-L2 note.quarter-S2 note.quarter-S3,count_mismatch
package_aa/100016855-1_1_1/100016855-1_1_1.png,10,11,note.half-S2 note.half-S2 note.half-L2 note.half-L1 note.half-S0,count_mismatch
package_aa/000125088-15_1_1/000125088-15_1_1.png,11,12,note.half-L1 note.half-S4 note.half-S1 note.half-L5 note.half-L2,count_mismatch
package_ab/220034498-1_6_1/220034498-1_6_1.png,15,16,note.whole-S5 note.whole-L5 note.whole-L5 note.whole-L4 note.whole-L4,count_mismatch
package_aa/110000216-1_1_1/110000216-1_1_1.png,13,16,note.eighth-S4 note.eighth-L4 note.eighth-S3 note.eighth-L3 note.eighth-S3,count_mismatch
package_aa/000100425-1_1_1/000100425-1_1_1.png,7,9,note.whole-L1 note.half-S0 note.half-L1 note.half-L0 note.half-S0,count_mismatch
package_aa/000132578-1_1_1/000132578-1_1_1.png,13,17,note.half-L2 note.quarter-S1 note.quarter-L1 note.half-S0 note.quarter-L1,count_mismatch
package_ab/230000106-1_7_1/230000106-1_7_1.png,7,8,note.half-L1 note.half-S2 note.half-L2 note.quarter-S1 note.quarter-L1,count_mismatch
package_ab/211006930-1_4_1/211006930-1_4_1.png,6,7,note.whole-L4 note.whole-S4 note.whole-S4 note.whole-S5 note.whole-S4,count_mismatch
package_aa/000136759-1_1_1/000136759-1_1_1.png,22,24,note.half-S0 note.beamedRight1-S0 note.beamedLeft1-S2 note.beamedRight1-L4 note.beamedBoth2-S3,count_mismatch
package_ab/201004332-1_2_1/201004332-1_2_1.png,24,25,note.half-L0 note.sixteenth-L0 note.beamedRight2-S3 note.beamedBoth2-L3 note.beamedLeft2-S2,count_mismatch
package_ab/211010584-1_3_1/211010584-1_3_1.png,11,12,note.whole-S4 note.half-S4 note.half-L4 note.half-S3 note.half-S2,count_mismatch
package_ab/201008970-1_1_1/201008970-1_1_1.png,20,21,note.half-S0 note.beamedRight1-S0 note.beamedBoth1-L0 note.beamedBoth1-L1 note.beamedLeft1-L2,count_mismatch
package_ab/220030268-1_1_2/220030268-1_1_2.png,8,9,note.half-L5 note.half-L5 note.half-S3 note.half-L5 note.half-L3,count_mismatch
package_aa/000122391-1_1_1/000122391-1_1_1.png,21,20,note.quarter-S4 note.quarter-L4 note.beamedRight1-S3 note.beamedLeft1-L4 note.beamedRight1-L3,count_mismatch
package_ab/220017725-1_1_1/220017725-1_1_1.png,14,15,note.half-S0 note.quarter-S1 note.quarter-S2 note.half-L4 note.quarter-S4,count_mismatch
package_aa/000126803-1_1_1/000126803-1_1_1.png,14,13,note.half-S2 note.quarter-S2 note.quarter-S3 note.quarter-L3 note.quarter-S2,count_mismatch
package_ab/230006382-1_1_1/230006382-1_1_1.png,12,13,note.eighth-L5 note.quarter-L4 note.eighth-S4 note.quarter-S3 note.eighth-L4,count_mismatch
package_ab/225001914-1_1_1/225001914-1_1_1.png,9,10,note.half-S2 note.quarter-S3 note.beamedRight1-L3 note.beamedLeft1-S2 note.half-L2,count_mismatch
package_aa/000103987-1_1_1/000103987-1_1_1.png,9,11,note.whole-L2 note.whole-L3 note.whole-S2 note.whole-L3 note.half-L3,count_mismatch
package_aa/000102813-1_1_1/000102813-1_1_1.png,11,12,note.half-S0 note.quarter-S0 note.half-S2 note.quarter-S2 note.half-L2,count_mismatch
package_aa/000109567-1_2_1/000109567-1_2_1.png,17,16,note.whole-L-1 note.half-L-1 note.beamedRight1-L-1 note.beamedBoth1-S-1 note.beamedBoth1-L0,count_mismatch
package_ab/220014408-1_2_1/220014408-1_2_1.png,13,15,note.half-L7 note.half-S6 note.half-L7 note.quarter-L0 note.beamedRight1-S0,count_mismatch
package_ab/211006773-1_2_1/211006773-1_2_1.png,11,13,note.half-L4 note.quarter-S3 note.quarter-L4 note.quarter-S3 note.quarter-L3,count_mismatch
package_aa/000118654-1_1_1/000118654-1_1_1.png,12,13,note.quarter-S2 note.half-S1 note.half-L3 note.quarter-S2 note.quarter-S1,count_mismatch
package_aa/100198389-1_1_1/100198389-1_1_1.png,10,14,note.half-S0 note.quarter-S0 note.quarter-S0 note.eighth-S0 note.eighth-S0,count_mismatch
package_ab/211002352-1_1_1/211002352-1_1_1.png,13,14,note.half-S3 note.beamedRight1-S4 note.beamedBoth1-L4 note.beamedBoth1-S4 note.beamedLeft1-L5,count_mismatch
package_aa/000125968-1_1_1/000125968-1_1_1.png,15,16,note.quarter-L3 note.quarter-L3 note.quarter-L3 note.quarter-L3 note.quarter-L3,count_mismatch
package_ab/220020088-1_1_1/220020088-1_1_1.png,8,9,note.half-S0 note.half-S1 note.half-S2 note.half-S2 note.half-S2,count_mismatch
package_aa/100500614-1_4_3/100500614-1_4_3.png,9,11,note.whole-S3 note.half-S3 note.half-L3 note.half-S2 note.half-L2,count_mismatch
package_aa/110001316-1_13_1/110001316-1_13_1.png,9,12,note.whole-L3 note.whole-S4 note.half-S4 note.whole-S4 note.half-L4,count_mismatch
package_aa/000111328-7_1_1/000111328-7_1_1.png,8,9,note.whole-S3 note.whole-S1 note.whole-S3 note.half-L3 note.half-S2,count_mismatch
package_ab/220031408-1_1_1/220031408-1_1_1.png,8,9,note.whole-S2 note.whole-S1 note.whole-L2 note.whole-S2 note.whole-L3,count_mismatch
package_ab/230001938-1_3_1/230001938-1_3_1.png,7,9,note.half-S0 note.half-S2 note.half-S1 note.half-S0 note.half-L4,count_mismatch
package_ab/225001133-1_1_1/225001133-1_1_1.png,7,9,note.whole-S4 note.half-L4 note.half-S3 note.quarter-L4 note.quarter-S3,count_mismatch
package_ab/150205512-1_1_1/150205512-1_1_1.png,8,11,note.quarter-L0 note.half-L2 note.quarter-L2 note.half-S-1 note.quarter-S-1,count_mismatch
package_ab/230005233-1_1_1/230005233-1_1_1.png,14,15,note.quarter-L2 note.quarter-S2 note.quarter-L3 note.quarter-S2 note.quarter-L2,count_mismatch
package_ab/230002937-1_6_1/230002937-1_6_1.png,14,15,note.half-L3 note.half-L2 note.half-S3 note.half-L3 note.half-S3,count_mismatch
package_aa/000102931-1_1_1/000102931-1_1_1.png,13,14,note.beamedRight1-S3 note.beamedLeft1-L4 note.quarter-S4 note.quarter-S3 note.quarter-S4,count_mismatch
package_ab/211006255-1_1_1/211006255-1_1_1.png,9,13,note.whole-S3 note.whole-S4 note.half-L4 note.whole-L4 note.half-L4,count_mismatch
package_aa/000112996-1_2_1/000112996-1_2_1.png,14,13,note.quarter-L5 note.quarter-S2 note.eighth-S2 note.eighth-S2 note.quarter-L3,count_mismatch
package_ab/150202689-1_1_1/150202689-1_1_1.png,18,19,note.half-L5 note.quarter-S4 note.half-S5 note.quarter-L5 note.eighth-L6,count_mismatch
package_ab/220032243-1_1_1/220032243-1_1_1.png,12,14,note.whole-L5 note.whole-L5 note.whole-S5 note.half-L5 note.whole-S5,count_mismatch
package_aa/000117185-1_1_1/000117185-1_1_1.png,18,17,note.quarter-L4 note.quarter-S3 note.quarter-L3 note.eighth-S2 note.eighth-S3,count_mismatch
package_aa/100500958-1_1_2/100500958-1_1_2.png,10,12,note.half-L5 note.half-L6 note.half-S4 note.half-L5 note.half-S4,count_mismatch
package_aa/000101823-1_1_1/000101823-1_1_1.png,13,14,note.whole-L4 note.half-L4 note.half-S3 note.half-L4 note.quarter-L3,count_mismatch
package_aa/100500901-1_5_3/100500901-1_5_3.png,5,6,note.half-S3 note.half-S3 note.whole-S3 note.half-L0 note.half-S3,count_mismatch
package_ab/210097270-1_4_1/210097270-1_4_1.png,13,14,note.half-L1 note.half-L1 note.whole-L1 note.quarter-L3 note.eighth-L2,count_mismatch
package_aa/000118140-1_1_1/000118140-1_1_1.png,12,11,note.quarter-S4 note.quarter-S4 note.quarter-S3 note.half-L4 note.quarter-L4,count_mismatch
package_ab/211002952-1_1_1/211002952-1_1_1.png,11,12,note.whole-L3 note.whole-S3 note.half-L3 note.whole-S4 note.half-L4,count_mismatch
package_ab/190005909-1_1_1/190005909-1_1_1.png,14,15,note.quarter-L1 note.quarter-S-1 note.quarter-L0 note.quarter-S-2 note.beamedRight1-L-1,count_mismatch
package_ab/220014089-1_2_1/220014089-1_2_1.png,13,15,note.half-L7 note.half-S6 note.half-L7 note.quarter-L0 note.beamedRight1-S0,count_mismatch
package_ab/211004697-1_1_1/211004697-1_1_1.png,7,8,note.half-S3 note.quarter-S1 note.quarter-L2 note.quarter-S2 note.quarter-L2,count_mismatch
package_ab/211006302-1_1_1/211006302-1_1_1.png,7,8,note.whole-L3 note.whole-S4 note.whole-L4 note.whole-S4 note.whole-L4,count_mismatch
package_ab/150202107-1_1_1/150202107-1_1_1.png,14,15,note.whole-S1 note.whole-L3 note.half-L2 note.whole-S4 note.half-L4,count_mismatch
package_aa/000100153-1_1_1/000100153-1_1_1.png,16,15,note.quarter-S2 note.beamedRight2-S4 note.beamedBoth2-L5 note.beamedLeft2-S5 note.quarter-L6,count_mismatch
package_ab/190026979-1_1_1/190026979-1_1_1.png,11,15,note.half-L5 note.half-S4 note.whole-S2 note.whole-S2 note.half-L5,count_mismatch
package_ab/110003514-1_1_1/110003514-1_1_1.png,13,14,note.beamedRight1-L5 note.beamedLeft2-L5 note.beamedRight1-S5 note.beamedLeft2-S5 note.beamedRight1-L6,count_mismatch
package_aa/000125088-13_1_1/000125088-13_1_1.png,11,12,note.half-L1 note.half-S3 note.half-S1 note.half-L4 note.half-L2,count_mismatch
package_ab/230001938-1_1_1/230001938-1_1_1.png,7,8,note.half-S0 note.half-S1 note.half-S2 note.half-L4 note.half-L4,count_mismatch
package_ab/150204557-1_1_1/150204557-1_1_1.png,11,12,note.half-L3 note.quarter-L3 note.quarter-L3 note.half-L3 note.half-L2,count_mismatch
package_aa/000116889-1_1_1/000116889-1_1_1.png,13,14,note.whole-S3 note.whole-S3 note.whole-S3 note.whole-L4 note.half-L4,count_mismatch
package_aa/000108936-1_3_1/000108936-1_3_1.png,25,24,note.beamedRight1-S3 note.beamedLeft1-L4 note.quarter-S4 note.quarter-S4 note.quarter-S4,count_mismatch
package_ab/150203014-1_1_1/150203014-1_1_1.png,12,13,note.whole-L3 note.half-L1 note.half-S2 note.half-L2 note.half-L1,count_mismatch
package_ab/211010723-1_1_2/211010723-1_1_2.png,14,15,note.half-L1 note.quarter-L2 note.quarter-S2 note.half-L3 note.half-S3,count_mismatch
package_ab/220020014-1_2_1/220020014-1_2_1.png,12,13,note.quarter-S1 note.half-S1 note.quarter-S0 note.quarter-L3 note.quarter-S2,count_mismatch
package_ab/210000110-1_5_1/210000110-1_5_1.png,11,12,note.half-L4 note.quarter-S4 note.half-L4 note.half-L4 note.quarter-L4,count_mismatch
package_ab/190002207-1_1_1/190002207-1_1_1.png,19,20,note.half-L7 note.quarter-L7 note.eighth-S5 note.eighth-S6 note.eighth-S5,count_mismatch
package_aa/000120556-1_1_1/000120556-1_1_1.png,8,7,note.quarter-L6 note.quarter-L6 note.quarter-S5 note.quarter-S4 note.quarter-S4,count_mismatch
package_aa/100501095-1_1_2/100501095-1_1_2.png,10,12,note.half-L1 note.whole-S2 note.half-L1 note.whole-L1 note.half-L1,count_mismatch
package_ab/211001881-1_3_1/211001881-1_3_1.png,27,28,note.sixteenth-S0 note.half-S0 note.sixteenth-S2 note.half-S2 note.beamedRight2-S2,count_mismatch
package_aa/100028705-1_1_1/100028705-1_1_1.png,10,13,note.half-S1 note.half-S0 note.half-L2 note.quarter-S1 note.quarter-S1,count_mismatch
package_ab/190005353-1_1_1/190005353-1_1_1.png,6,8,note.whole-S2 note.whole-S2 note.whole-L2 note.whole-S4 note.whole-L3,count_mismatch
package_aa/000111848-1_1_1/000111848-1_1_1.png,9,10,note.quarter-L5 note.quarter-L6 note.quarter-L5 note.half-L7 note.half-S3,count_mismatch
package_aa/000141378-1_1_1/000141378-1_1_1.png,6,7,note.whole-S0 note.half-S1 note.half-L1 note.half-S0 note.whole-L4,count_mismatch
package_aa/000118038-1_1_1/000118038-1_1_1.png,13,14,note.beamedRight1-S4 note.beamedBoth1-L4 note.beamedBoth1-S4 note.beamedLeft1-L5 note.quarter-S5,count_mismatch
package_aa/000121799-1_1_1/000121799-1_1_1.png,19,20,note.half-S3 note.half-L2 note.half-S4 note.half-S3 note.beamedRight1-S5,count_mismatch
package_ab/201007610-1_1_1/201007610-1_1_1.png,13,17,note.half-S0 note.quarter-S0 note.half-L0 note.quarter-S-1 note.quarter-S-1,count_mismatch
package_ab/220014942-1_1_1/220014942-1_1_1.png,16,17,note.half-L2 note.quarter-L2 note.quarter-L2 note.quarter-S1 note.beamedRight1-L2,count_mismatch
package_ab/190013285-1_1_1/190013285-1_1_1.png,7,8,note.whole-S4 note.half-S2 note.half-L6 note.half-S5 note.half-S4,count_mismatch
package_aa/100501039-1_1_2/100501039-1_1_2.png,10,12,note.whole-L4 note.half-S4 note.half-S4 note.half-S4 note.whole-S4,count_mismatch
package_aa/000139188-1_1_1/000139188-1_1_1.png,36,20,note.beamedRight2-S1 note.beamedBoth2-L2 note.beamedLeft2-S1 note.beamedRight2-S1 note.beamedLeft2-S1,count_mismatch
package_ab/230003809-1_4_1/230003809-1_4_1.png,9,13,note.half-L2 note.half-L2 note.half-L2 note.half-L2 note.quarter-L2,count_mismatch
package_aa/000120888-1_1_1/000120888-1_1_1.png,15,14,note.quarter-L3 note.quarter-L3 note.quarter-L5 note.quarter-L5 note.quarter-S4,count_mismatch
package_ab/110003440-1_1_1/110003440-1_1_1.png,3,4,note.quarter-S5 note.quarter-S5 note.half-L6 note.quarter-S5,count_mismatch
package_ab/211002774-1_1_1/211002774-1_1_1.png,11,12,note.half-S4 note.quarter-S4 note.quarter-S4 note.half-S4 note.half-S4,count_mismatch
package_ab/201001326-1_1_1/201001326-1_1_1.png,9,10,note.half-L3 note.half-S4 note.half-S1 note.half-S3 note.half-L3,count_mismatch
package_aa/100500947-1_1_2/100500947-1_1_2.png,9,12,note.whole-S2 note.half-S2 note.half-L2 note.half-S1 note.half-S1,count_mismatch
package_aa/000122621-1_1_1/000122621-1_1_1.png,31,32,note.beamedRight2-S0 note.beamedBoth2-S1 note.beamedLeft2-S2 note.beamedRight2-L4 note.beamedBoth2-S2,count_mismatch
package_ab/230000145-1_8_1/230000145-1_8_1.png,4,5,note.half-L4 note.half-L4 note.half-L4 note.half-L4 note.half-S0,count_mismatch
package_ab/220030240-1_1_1/220030240-1_1_1.png,6,9,note.half-S4 note.whole-S4 note.whole-S4 note.whole-L3 note.half-S3,count_mismatch
package_aa/000117263-1_1_1/000117263-1_1_1.png,18,19,note.beamedRight3-L1 note.beamedBoth3-S1 note.beamedBoth3-L2 note.beamedBoth3-S2 note.beamedBoth3-L3,count_mismatch
package_ab/201001364-1_1_1/201001364-1_1_1.png,7,14,note.half-S-1 note.half-L0 note.half-S-1 note.half-L1 note.half-L1,count_mismatch
package_ab/230003823-1_1_1/230003823-1_1_1.png,13,14,note.quarter-S4 note.quarter-S4 note.beamedRight1-L5 note.beamedLeft1-S4 note.beamedRight1-L4,count_mismatch
package_aa/000109567-1_1_1/000109567-1_1_1.png,16,15,note.quarter-S0 note.quarter-S0 note.quarter-S0 note.quarter-S0 note.half-S0,count_mismatch
package_aa/000103538-1_1_1/000103538-1_1_1.png,8,10,note.half-L2 note.half-L3 note.half-S4 note.whole-L4 note.half-S3,count_mismatch
package_aa/100501034-1_1_3/100501034-1_1_3.png,13,14,note.half-L4 note.half-L3 note.whole-L3 note.half-L3 note.half-L3,count_mismatch
package_ab/200021789-1_1_1/200021789-1_1_1.png,18,11,note.sixteenth-L5 note.beamedRight1-L5 note.beamedBoth3-S3 note.beamedLeft3-L3 note.beamedRight1-S2,count_mismatch
package_ab/220032509-1_1_2/220032509-1_1_2.png,11,12,note.half-S2 note.half-L4 note.half-S4 note.whole-S2 note.half-S2,count_mismatch
package_ab/211005819-1_1_2/211005819-1_1_2.png,7,8,note.whole-S4 note.whole-L3 note.half-L4 note.half-L2 note.whole-S5,count_mismatch
package_ab/220034540-1_2_1/220034540-1_2_1.png,8,10,note.half-L1 note.half-L1 note.whole-L3 note.half-L3 note.half-L3,count_mismatch
package_aa/000120122-1_1_1/000120122-1_1_1.png,20,19,note.beamedRight1-L1 note.beamedBoth1-S1 note.beamedBoth1-L2 note.beamedLeft1-S1 note.quarter-L1,count_mismatch
package_aa/100501009-1_3_3/100501009-1_3_3.png,14,15,note.whole-S4 note.half-L4 note.half-S3 note.half-L3 note.half-L3,count_mismatch
package_aa/000110939-15_1_1/000110939-15_1_1.png,11,12,note.quarter-L3 note.quarter-S4 note.quarter-L4 note.quarter-S4 note.quarter-L2,count_mismatch
package_ab/211005812-1_1_2/211005812-1_1_2.png,15,16,note.half-S4 note.quarter-L3 note.quarter-S3 note.half-L2 note.quarter-S3,count_mismatch
package_aa/000118815-1_1_1/000118815-1_1_1.png,9,10,note.whole-L3 note.half-S3 note.quarter-S4 note.quarter-L4 note.half-L5,count_mismatch
package_ab/220017032-1_1_1/220017032-1_1_1.png,11,12,note.half-S0 note.half-S1 note.half-S2 note.half-L4 note.half-L4,count_mismatch
package_aa/000115186-1_1_1/000115186-1_1_1.png,6,7,note.whole-S2 note.half-S2 note.half-L2 note.half-S2 note.half-S0,count_mismatch
package_aa/000107648-1_1_1/000107648-1_1_1.png,17,18,note.eighth-S0 note.half-S0 note.quarter-S0 note.quarter-S0 note.beamedRight2-L1,count_mismatch
package_ab/220016611-1_1_1/220016611-1_1_1.png,13,14,note.quarter-S1 note.quarter-L2 note.quarter-S1 note.half-S2 note.half-S1,count_mismatch
package_ab/211006699-1_1_1/211006699-1_1_1.png,10,13,note.whole-S2 note.half-S2 note.half-L2 note.whole-S2 note.half-L1,count_mismatch
package_ab/210021800-1_1_1/210021800-1_1_1.png,17,18,note.half-L1 note.eighth-S4 note.eighth-L3 note.eighth-S5 note.eighth-S4,count_mismatch
package_ab/220032424-1_2_1/220032424-1_2_1.png,13,14,note.half-L3 note.half-L2 note.quarter-L3 note.quarter-S3 note.quarter-L4,count_mismatch
package_ab/220015932-1_1_1/220015932-1_1_1.png,13,14,note.half-S3 note.quarter-S3 note.half-L3 note.quarter-L3 note.beamedRight1-S2,count_mismatch
package_aa/000108784-1_1_2/000108784-1_1_2.png,12,13,note.half-S0 note.half-S1 note.quarter-S2 note.quarter-S2 note.quarter-S2,count_mismatch
package_ab/210000099-1_4_1/210000099-1_4_1.png,17,18,note.half-S5 note.quarter-S3 note.quarter-L4 note.quarter-S4 note.quarter-L5,count_mismatch
package_ab/220014857-1_1_1/220014857-1_1_1.png,14,15,note.half-L5 note.half-S4 note.half-L4 note.half-S4 note.half-L4,count_mismatch
package_ab/220031034-1_1_1/220031034-1_1_1.png,7,8,note.whole-S2 note.whole-S3 note.whole-S3 note.whole-S3 note.whole-L3,count_mismatch
package_aa/000107491-1_1_1/000107491-1_1_1.png,17,18,note.quarter-L0 note.beamedRight2-L0 note.beamedBoth2-L0 note.beamedBoth2-L0 note.beamedLeft2-L0,count_mismatch
package_ab/211002632-1_1_1/211002632-1_1_1.png,7,8,note.half-S4 note.quarter-L3 note.quarter-L3 note.half-L1 note.quarter-S2,count_mismatch
package_aa/000139978-1_1_1/000139978-1_1_1.png,7,8,note.whole-S1 note.whole-L6 note.whole-S5 note.whole-L1 note.whole-L0,count_mismatch
package_ab/150202918-1_1_1/150202918-1_1_1.png,7,9,note.half-S0 note.sixteenth-L-1 note.sixteenth-S-1 note.sixteenth-L0 note.half-S0,count_mismatch
package_aa/000111224-1_1_1/000111224-1_1_1.png,20,21,note.half-S0 note.half-L1 note.half-S1 note.quarter-L2 note.beamedRight1-S2,count_mismatch
package_ab/212003446-1_4_1/212003446-1_4_1.png,5,6,note.whole-L3 note.half-L4 note.half-S4 note.whole-L5 note.whole-S5,count_mismatch
package_aa/000106484-1_1_1/000106484-1_1_1.png,17,18,note.beamedRight2-S5 note.beamedBoth2-L5 note.beamedLeft2-S4 note.beamedRight2-L5 note.beamedBoth2-S4,count_mismatch
package_ab/190027188-1_1_1/190027188-1_1_1.png,11,12,note.half-L1 note.quarter-L2 note.quarter-L3 note.beamedRight2-S4 note.beamedBoth2-L4,count_mismatch
package_ab/211004993-1_5_1/211004993-1_5_1.png,8,9,note.quarter-S4 note.quarter-S4 note.quarter-S4 note.quarter-S4 note.quarter-L4,count_mismatch
package_aa/000106866-1_1_1/000106866-1_1_1.png,13,14,note.half-L1 note.half-S1 note.half-L2 note.half-S2 note.quarter-S2,count_mismatch
package_ab/211005798-1_1_2/211005798-1_1_2.png,5,8,note.half-L4 note.whole-L4 note.whole-L4 note.half-L4 note.half-L5,count_mismatch
package_aa/000116034-1_1_1/000116034-1_1_1.png,15,16,note.half-S0 note.quarter-S1 note.quarter-S2 note.half-L3 note.half-S2,count_mismatch
package_aa/000122353-1_1_1/000122353-1_1_1.png,18,17,note.eighth-L4 note.eighth-S3 note.quarter-L3 note.quarter-L2 note.quarter-L4,count_mismatch
package_aa/100500940-1_1_2/100500940-1_1_2.png,11,15,note.half-L2 note.half-L2 note.half-L2 note.half-L2 note.half-L2,count_mismatch
package_ab/230001917-1_3_1/230001917-1_3_1.png,7,8,note.half-L4 note.quarter-S2 note.quarter-S1 note.half-S0 note.half-L3,count_mismatch
package_ab/220030245-1_1_2/220030245-1_1_2.png,4,5,note.whole-L2 note.whole-S0 note.whole-L2 note.whole-S1 note.whole-S3,count_mismatch
package_ab/220034270-1_4_1/220034270-1_4_1.png,25,24,note.beamedRight1-S5 note.beamedBoth1-S5 note.beamedBoth1-S5 note.beamedLeft1-S5 note.beamedRight1-L5,count_mismatch
package_ab/190006135-1_1_1/190006135-1_1_1.png,14,16,note.quarter-S0 note.quarter-L1 note.quarter-S1 note.half-L2 note.quarter-S1,count_mismatch
package_ab/220010111-1_1_1/220010111-1_1_1.png,12,13,note.half-S3 note.half-S3 note.half-S3 note.half-S3 note.whole-L4,count_mismatch
package_ab/211006216-1_1_1/211006216-1_1_1.png,14,15,note.half-L2 note.half-L2 note.half-L2 note.quarter-L3 note.quarter-L2,count_mismatch
package_aa/000130282-1_1_1/000130282-1_1_1.png,18,17,note.quarter-L4 note.quarter-L6 note.quarter-S4 note.quarter-L5 note.quarter-S3,count_mismatch
package_ab/220032154-1_1_2/220032154-1_1_2.png,13,14,note.whole-L4 note.half-S2 note.half-L4 note.quarter-L2 note.quarter-L2,count_mismatch
package_aa/000135143-7_1_1/000135143-7_1_1.png,10,13,note.quarter-L2 note.half-S-2 note.quarter-S0 note.half-S-2 note.quarter-L0,count_mismatch
package_aa/000105192-1_1_1/000105192-1_1_1.png,11,12,note.quarter-L4 note.half-S5 note.quarter-L3 note.half-L4 note.quarter-L5,count_mismatch
package_ab/230001914-1_3_1/230001914-1_3_1.png,7,8,note.half-S3 note.half-L2 note.quarter-L1 note.quarter-L0 note.half-L4,count_mismatch
package_aa/000104079-1_1_1/000104079-1_1_1.png,8,9,note.whole-S3 note.half-S3 note.half-L4 note.whole-S4 note.half-S4,count_mismatch
package_ab/230002218-1_3_2/230002218-1_3_2.png,6,7,note.half-S0 note.half-S1 note.half-S2 note.quarter-L4 note.half-L4,count_mismatch
package_aa/000125771-18_1_1/000125771-18_1_1.png,12,15,note.half-S0 note.beamedRight1-L5 note.beamedLeft1-L4 note.half-S0 note.beamedRight1-L6,count_mismatch
package_aa/000105052-1_41_1/000105052-1_41_1.png,10,11,note.quarter-S1 note.half-L0 note.quarter-S1 note.quarter-S2 note.half-S1,count_mismatch
package_aa/000105932-1_1_1/000105932-1_1_1.png,9,10,note.whole-S5 note.whole-S6 note.half-S5 note.half-S5 note.half-S5,count_mismatch
package_ab/211010634-1_1_1/211010634-1_1_1.png,11,12,note.whole-S4 note.whole-L4 note.half-S3 note.whole-L5 note.half-S4,count_mismatch
package_aa/000126928-1_1_1/000126928-1_1_1.png,14,15,note.quarter-S4 note.quarter-L6 note.quarter-L3 note.quarter-S5 note.quarter-S2,count_mismatch
package_ab/150204011-1_1_1/150204011-1_1_1.png,10,11,note.quarter-L2 note.quarter-S4 note.quarter-L4 note.quarter-L4 note.quarter-S3,count_mismatch
package_ab/211006987-1_5_1/211006987-1_5_1.png,14,15,note.whole-L4 note.whole-S3 note.whole-L4 note.whole-S4 note.whole-L4,count_mismatch
package_ab/211002740-1_1_1/211002740-1_1_1.png,15,19,note.eighth-S3 note.eighth-S3 note.quarter-S3 note.eighth-L4 note.eighth-L4,count_mismatch
package_ab/220032491-1_1_1/220032491-1_1_1.png,6,7,note.whole-S3 note.whole-L4 note.whole-S4 note.whole-L4 note.whole-S3,count_mismatch
package_ab/190004758-1_1_1/190004758-1_1_1.png,4,5,note.half-L2 note.half-L1 note.half-S1 note.half-S0 note.quarter-L1,count_mismatch
package_ab/230002033-1_2_1/230002033-1_2_1.png,7,8,note.half-L1 note.half-L2 note.half-L3 note.half-S1 note.half-L2,count_mismatch
package_aa/000130170-1_1_1/000130170-1_1_1.png,17,18,note.beamedRight1-L0 note.beamedLeft1-S0 note.beamedRight1-L1 note.beamedBoth1-S1 note.beamedBoth1-L2,count_mismatch
package_aa/000116557-1_1_2/000116557-1_1_2.png,19,20,note.half-L0 note.half-S0 note.beamedRight1-L1 note.beamedBoth1-L0 note.beamedBoth1-S0,count_mismatch
package_ab/190001152-1_1_1/190001152-1_1_1.png,30,29,note.eighth-S4 note.eighth-L5 note.quarter-S5 note.eighth-S5 note.eighth-S5,count_mismatch
package_aa/000126451-1_1_1/000126451-1_1_1.png,9,12,note.whole-L3 note.half-S1 note.half-L2 note.half-L1 note.whole-L3,count_mismatch
package_aa/000101203-1_3_1/000101203-1_3_1.png,13,12,note.eighth-S4 note.quarter-S6 note.eighth-L6 note.eighth-S5 note.quarter-L7,count_mismatch
package_aa/000120167-1_1_1/000120167-1_1_1.png,22,21,note.quarter-S4 note.eighth-L4 note.eighth-S3 note.quarter-L4 note.quarter-L2,count_mismatch
package_ab/190024252-1_1_1/190024252-1_1_1.png,10,11,note.quarter-L1 note.half-L1 note.quarter-L1 note.beamedRight2-S1 note.beamedBoth2-L2,count_mismatch
package_ab/230006103-1_2_1/230006103-1_2_1.png,6,7,note.half-L-1 note.quarter-S-1 note.quarter-S-1 note.beamedRight1-S-1 note.beamedLeft1-L0,count_mismatch
package_ab/220032511-1_1_2/220032511-1_1_2.png,14,15,note.whole-L4 note.half-L4 note.half-S2 note.half-L3 note.quarter-S1,count_mismatch
package_ab/212001649-1_3_1/212001649-1_3_1.png,13,14,note.half-S0 note.quarter-L1 note.beamedRight1-S1 note.beamedBoth1-S2 note.beamedBoth1-S3,count_mismatch
package_aa/000138949-1_2_1/000138949-1_2_1.png,12,13,note.half-S3 note.beamedRight1-L4 note.beamedLeft1-S3 note.beamedRight1-L3 note.beamedLeft1-S2,count_mismatch
package_aa/000120780-1_1_1/000120780-1_1_1.png,15,16,note.quarter-L1 note.quarter-S1 note.quarter-L1 note.quarter-S0 note.quarter-L2,count_mismatch
package_ab/220000350-1_4_1/220000350-1_4_1.png,6,15,note.quarter-S4 note.quarter-L4 note.quarter-S4 note.sixteenth-S4 note.sixteenth-S4,count_mismatch
package_ab/220015551-1_1_1/220015551-1_1_1.png,12,14,note.quarter-S4 note.quarter-S4 note.quarter-S4 note.eighth-S-1 note.beamedRight1-L0,count_mismatch
package_ab/212001285-1_3_1/212001285-1_3_1.png,9,10,note.quarter-L5 note.quarter-S3 note.quarter-S2 note.quarter-S1 note.quarter-S-1,count_mismatch
package_ab/201007954-1_1_2/201007954-1_1_2.png,6,8,note.quarter-S3 note.quarter-L4 note.quarter-S4 note.eighth-S4 note.quarter-L4,count_mismatch
package_ab/200185305-1_8_1/200185305-1_8_1.png,11,10,note.quarter-S1 note.quarter-L3 note.quarter-S1 note.quarter-L2 note.quarter-L1,count_mismatch
package_ab/230002681-1_11_1/230002681-1_11_1.png,14,15,note.half-S4 note.half-S5 note.half-S5 note.half-S5 note.quarter-L6,count_mismatch
package_aa/000107247-1_1_1/000107247-1_1_1.png,15,16,note.beamedRight1-S2 note.beamedLeft1-L2 note.beamedRight1-S1 note.beamedLeft1-S0 note.half-S0,count_mismatch
package_aa/000116508-1_1_1/000116508-1_1_1.png,9,10,note.quarter-S0 note.half-L2 note.quarter-S2 note.half-L3 note.quarter-S3,count_mismatch
package_ab/220030910-1_1_2/220030910-1_1_2.png,13,14,note.quarter-S2 note.quarter-S2 note.half-S2 note.half-S2 note.quarter-S2,count_mismatch
package_ab/211002624-1_1_1/211002624-1_1_1.png,5,6,note.whole-L1 note.half-L2 note.half-S2 note.half-S1 note.half-L1,count_mismatch
package_ab/220018585-1_1_1/220018585-1_1_1.png,7,8,note.half-L2 note.quarter-S1 note.half-L1 note.beamedRight1-S2 note.beamedLeft1-S1,count_mismatch
package_aa/000101927-1_1_1/000101927-1_1_1.png,15,16,note.whole-S4 note.whole-L4 note.whole-S4 note.whole-L3 note.whole-L2,count_mismatch
package_ab/225001690-1_1_1/225001690-1_1_1.png,7,10,note.half-L2 note.half-S2 note.half-S2 note.quarter-L2 note.quarter-S1,count_mismatch
package_aa/000117881-1_1_1/000117881-1_1_1.png,15,11,note.beamedRight3-L3 note.beamedBoth3-S3 note.quarter-L5 note.beamedRight1-L4 note.beamedLeft1-L3,count_mismatch
package_ab/211006984-1_2_1/211006984-1_2_1.png,13,14,note.whole-L3 note.whole-L2 note.whole-S2 note.whole-L3 note.half-L3,count_mismatch
package_ab/225001242-1_1_1/225001242-1_1_1.png,7,9,note.half-L3 note.quarter-L4 note.quarter-S4 note.half-L5 note.half-L5,count_mismatch
package_aa/000116626-1_1_1/000116626-1_1_1.png,17,16,note.beamedRight1-S4 note.beamedBoth1-L4 note.beamedLeft1-S4 note.quarter-S3 note.beamedRight1-S4,count_mismatch
package_ab/212003625-1_5_1/212003625-1_5_1.png,15,16,note.half-S0 note.quarter-S1 note.quarter-S2 note.eighth-L4 note.sixteenth-S3,count_mismatch
package_ab/220032472-1_1_1/220032472-1_1_1.png,23,24,note.whole-L3 note.half-L3 note.half-S2 note.half-S2 note.half-L2,count_mismatch
package_aa/100501011-1_3_2/100501011-1_3_2.png,19,20,note.whole-L2 note.half-L2 note.half-S2 note.half-L3 note.half-S3,count_mismatch
package_ab/220000310-1_1_1/220000310-1_1_1.png,5,7,note.half-L2 note.whole-L2 note.half-L2 note.half-S1 note.half-L1,count_mismatch
package_ab/220030366-1_1_1/220030366-1_1_1.png,12,14,note.half-L3 note.quarter-L4 note.quarter-S4 note.half-L5 note.half-L5,count_mismatch
package_ab/220015780-1_1_1/220015780-1_1_1.png,13,14,note.half-L1 note.half-L3 note.half-S4 note.half-S6 note.eighth-S5,count_mismatch
package_ab/220034523-1_1_1/220034523-1_1_1.png,7,8,note.whole-S1 note.half-L1 note.half-S1 note.half-L2 note.half-S0,count_mismatch
package_aa/000119035-1_1_1/000119035-1_1_1.png,17,16,note.quarter-S2 note.quarter-L4 note.quarter-L5 note.quarter-S4 note.quarter-L4,count_mismatch
package_ab/211002266-1_1_1/211002266-1_1_1.png,9,12,note.whole-L5 note.whole-L5 note.whole-L5 note.whole-L5 note.whole-L4,count_mismatch
package_aa/000106563-1_1_1/000106563-1_1_1.png,8,13,note.whole-S4 note.half-S4 note.half-S4 note.half-S4 note.quarter-S4,count_mismatch
package_ab/220030259-1_1_2/220030259-1_1_2.png,6,8,note.whole-S3 note.half-S3 note.half-S3 note.half-L2 note.half-S1,count_mismatch
package_ab/220019774-1_1_1/220019774-1_1_1.png,11,12,note.half-S4 note.half-L4 note.half-S3 note.half-L3 note.half-L2,count_mismatch
package_aa/000129004-1_1_1/000129004-1_1_1.png,5,6,note.whole-S4 note.whole-L4 note.whole-L3 note.whole-S2 note.whole-L2,count_mismatch
package_ab/201002228-1_4_1/201002228-1_4_1.png,11,12,note.quarter-L0 note.quarter-L1 note.quarter-L2 note.quarter-S3 note.half-L4,count_mismatch
package_ab/220018983-1_1_1/220018983-1_1_1.png,10,12,note.half-L2 note.half-S3 note.half-L3 note.half-S2 note.half-L2,count_mismatch
package_ab/190020294-1_1_1/190020294-1_1_1.png,13,14,note.beamedRight1-L1 note.beamedLeft1-S0 note.quarter-L0 note.quarter-L0 note.half-S0,count_mismatch
package_ab/220000566-1_9_1/220000566-1_9_1.png,12,14,note.half-S1 note.half-S1 note.half-S3 note.half-S3 note.half-L5,count_mismatch
package_aa/000112942-1_1_1/000112942-1_1_1.png,19,18,note.quarter-L5 note.quarter-S4 note.quarter-L4 note.eighth-L4 note.eighth-S4,count_mismatch
package_ab/211003661-1_1_1/211003661-1_1_1.png,14,15,note.whole-L3 note.half-S3 note.half-S2 note.half-L2 note.whole-S3,count_mismatch
package_ab/201007813-1_1_1/201007813-1_1_1.png,8,10,note.half-L1 note.quarter-L1 note.half-L1 note.quarter-L1 note.half-S0,count_mismatch
package_ab/212001810-1_4_1/212001810-1_4_1.png,14,13,note.eighth-S2 note.quarter-L4 note.beamedRight1-L4 note.beamedBoth1-S1 note.beamedBoth1-L1,count_mismatch
package_ab/220017835-1_1_1/220017835-1_1_1.png,13,14,note.half-L3 note.half-L3 note.half-L2 note.half-L1 note.half-S2,count_mismatch
package_aa/000104657-1_1_1/000104657-1_1_1.png,8,9,note.whole-S4 note.whole-S5 note.whole-L5 note.whole-S4 note.half-L3,count_mismatch
package_ab/220019789-1_1_1/220019789-1_1_1.png,8,10,note.half-L2 note.half-L3 note.half-S0 note.half-L1 note.half-S4,count_mismatch
package_ab/230002781-1_1_2/230002781-1_1_2.png,13,14,note.half-L2 note.quarter-L2 note.quarter-L2 note.half-L3 note.half-L3,count_mismatch
package_ab/220017516-1_1_1/220017516-1_1_1.png,16,17,note.half-L2 note.quarter-L2 note.quarter-L2 note.quarter-S1 note.beamedRight1-L2,count_mismatch
package_aa/000116340-1_1_1/000116340-1_1_1.png,19,20,note.sixteenth-S0 note.half-S0 note.beamedRight1-S0 note.beamedBoth2-S0 note.beamedLeft2-S0,count_mismatch
package_ab/190024249-1_1_1/190024249-1_1_1.png,10,11,note.whole-L1 note.whole-L3 note.quarter-L2 note.quarter-S4 note.quarter-L3,count_mismatch
package_ab/212001605-1_3_1/212001605-1_3_1.png,10,11,note.quarter-L3 note.quarter-L4 note.quarter-L5 note.quarter-S1 note.quarter-L3,count_mismatch
package_aa/000127566-1_1_1/000127566-1_1_1.png,23,17,note.quarter-L0 note.beamedRight2-S4 note.beamedLeft2-L4 note.beamedRight2-S4 note.beamedBoth2-L4,count_mismatch
package_ab/220010577-1_4_1/220010577-1_4_1.png,10,11,note.half-S2 note.half-L3 note.half-S3 note.half-L4 note.half-L5,count_mismatch
package_ab/211008238-1_8_1/211008238-1_8_1.png,12,14,note.quarter-L6 note.eighth-S5 note.eighth-L5 note.quarter-L5 note.quarter-L5,count_mismatch
package_aa/110000399-1_1_1/110000399-1_1_1.png,5,18,note.eighth-L4 note.quarter-S4 note.eighth-S4 note.eighth-S4 note.eighth-S4,count_mismatch
package_aa/000125088-8_1_1/000125088-8_1_1.png,7,8,note.half-L1 note.half-S1 note.half-L2 note.half-S2 note.half-L3,count_mismatch
package_ab/150202462-1_1_1/150202462-1_1_1.png,9,10,note.whole-S4 note.half-L5 note.half-L4 note.half-S3 note.quarter-L3,count_mismatch
package_ab/230000045-1_24_2/230000045-1_24_2.png,9,10,note.quarter-L5 note.quarter-S3 note.quarter-L5 note.eighth-S5 note.eighth-S5,count_mismatch
package_aa/000131266-1_1_1/000131266-1_1_1.png,16,15,note.whole-S3 note.quarter-S3 note.quarter-L3 note.quarter-S3 note.quarter-S3,count_mismatch
package_ab/211003416-1_2_1/211003416-1_2_1.png,4,6,note.whole-L3 note.whole-S3 note.half-L3 note.whole-S4 note.half-L4,count_mismatch
package_aa/000126698-1_1_1/000126698-1_1_1.png,19,20,note.quarter-L2 note.quarter-S2 note.quarter-L3 note.quarter-S3 note.beamedRight1-L4,count_mismatch
package_aa/000104825-1_1_2/000104825-1_1_2.png,4,6,note.whole-S4 note.whole-S4 note.whole-L5 note.whole-L5 note.whole-S5,count_mismatch
package_aa/000121199-1_1_1/000121199-1_1_1.png,13,12,note.half-L3 note.quarter-L4 note.quarter-S3 note.quarter-L3 note.quarter-S3,count_mismatch
package_ab/150201956-1_1_1/150201956-1_1_1.png,14,15,note.quarter-L1 note.quarter-L2 note.quarter-L1 note.quarter-L3 note.half-S-1,count_mismatch
package_aa/100501038-1_1_2/100501038-1_1_2.png,3,11,note.whole-S4 note.half-L5 note.half-L5 note.half-L5 note.half-L5,count_mismatch
package_aa/100029137-1_1_1/100029137-1_1_1.png,9,10,note.whole-L4 note.whole-S5 note.half-S4 note.half-S4 note.half-L6,count_mismatch
package_ab/211008050-1_1_1/211008050-1_1_1.png,6,7,note.whole-S2 note.whole-L3 note.whole-S3 note.whole-L3 note.whole-S2,count_mismatch
package_ab/211002883-1_1_1/211002883-1_1_1.png,3,4,note.whole-S3 note.whole-S3 note.whole-L3 note.whole-S4,count_mismatch
package_ab/225001778-1_4_1/225001778-1_4_1.png,13,12,note.quarter-S2 note.beamedRight1-L4 note.beamedLeft1-S3 note.beamedRight1-L4 note.beamedBoth1-S4,count_mismatch
package_ab/201008592-1_6_1/201008592-1_6_1.png,15,16,note.half-L3 note.quarter-S2 note.quarter-S2 note.half-L2 note.half-S2,count_mismatch
package_aa/000132716-1_1_1/000132716-1_1_1.png,14,15,note.quarter-S4 note.quarter-L6 note.quarter-L3 note.quarter-S5 note.quarter-S2,count_mismatch
package_aa/100500764-1_1_2/100500764-1_1_2.png,4,5,note.whole-L4 note.half-L4 note.half-L4 note.whole-S4 note.whole-L4,count_mismatch
package_ab/201008127-1_1_2/201008127-1_1_2.png,14,15,note.quarter-S1 note.quarter-S1 note.quarter-L0 note.quarter-L0 note.quarter-S-1,count_mismatch
package_aa/000105613-1_1_1/000105613-1_1_1.png,11,12,note.half-L1 note.half-S1 note.half-L2 note.half-L1 note.half-S1,count_mismatch
package_aa/000107035-1_22_1/000107035-1_22_1.png,17,19,note.half-S0 note.half-L1 note.quarter-S1 note.quarter-L2 note.quarter-L0,count_mismatch
package_aa/000118932-1_1_1/000118932-1_1_1.png,18,17,note.quarter-S2 note.quarter-S1 note.quarter-S1 note.quarter-S1 note.quarter-S2,count_mismatch
package_ab/230001639-1_1_1/230001639-1_1_1.png,15,16,note.half-L4 note.quarter-L4 note.quarter-L4 note.quarter-L4 note.quarter-L4,count_mismatch
package_ab/220013355-1_2_1/220013355-1_2_1.png,19,20,note.half-L1 note.half-S1 note.beamedRight1-L2 note.beamedBoth1-L2 note.beamedBoth1-S2,count_mismatch
package_ab/225003170-1_3_1/225003170-1_3_1.png,8,9,note.half-S3 note.half-L4 note.half-L2 note.half-S5 note.whole-S3,count_mismatch
package_ab/220011071-1_1_2/220011071-1_1_2.png,8,9,note.half-L3 note.half-S2 note.half-L2 note.half-L4 note.half-S3,count_mismatch
package_aa/000104331-1_1_1/000104331-1_1_1.png,4,6,note.whole-L3 note.whole-L4 note.whole-S4 note.whole-S3 note.whole-L4,count_mismatch
package_ab/230005399-1_2_1/230005399-1_2_1.png,10,11,note.half-L2 note.half-L3 note.half-S4 note.half-S3 note.half-S2,count_mismatch
package_aa/100016947-1_1_1/100016947-1_1_1.png,10,12,note.half-L6 note.half-L5 note.half-S5 note.half-L6 note.half-S5,count_mismatch
package_aa/000112849-1_1_1/000112849-1_1_1.png,12,13,note.quarter-L2 note.quarter-L2 note.eighth-S0 note.eighth-S0 note.quarter-L2,count_mismatch
package_ab/220032456-1_1_2/220032456-1_1_2.png,10,11,note.whole-S3 note.whole-L4 note.whole-L3 note.half-S3 note.whole-S4,count_mismatch
package_ab/211002513-1_1_1/211002513-1_1_1.png,14,15,note.whole-L1 note.whole-L3 note.half-L3 note.half-L3 note.whole-S3,count_mismatch
package_aa/000120678-1_1_1/000120678-1_1_1.png,19,21,note.half-L7 note.beamedRight2-S5 note.beamedBoth2-L6 note.beamedBoth2-S5 note.beamedLeft2-L5,count_mismatch
package_aa/000102241-1_1_2/000102241-1_1_2.png,9,10,note.whole-S0 note.whole-L1 note.whole-S1 note.whole-S1 note.half-L2,count_mismatch
package_aa/100017155-1_1_1/100017155-1_1_1.png,9,10,note.whole-S3 note.whole-L4 note.half-L4 note.half-S3 note.half-S3,count_mismatch
package_aa/000123609-1_1_1/000123609-1_1_1.png,9,10,note.quarter-L0 note.quarter-L1 note.quarter-L2 note.quarter-S-1 note.quarter-L0,count_mismatch
package_ab/190006289-1_1_1/190006289-1_1_1.png,12,13,note.quarter-L2 note.quarter-S2 note.quarter-L3 note.quarter-L2 note.half-S2,count_mismatch
package_aa/100198453-1_1_1/100198453-1_1_1.png,9,10,note.half-S0 note.quarter-L1 note.half-L2 note.quarter-S1 note.quarter-L1,count_mismatch
package_ab/211007211-1_1_1/211007211-1_1_1.png,18,21,note.half-S0 note.beamedRight3-S2 note.beamedBoth3-L2 note.beamedBoth3-S1 note.beamedLeft3-L1,count_mismatch
package_ab/201009284-1_4_1/201009284-1_4_1.png,13,14,note.quarter-S2 note.half-L4 note.quarter-S2 note.half-L4 note.half-L5,count_mismatch
package_aa/000105900-1_1_1/000105900-1_1_1.png,10,12,note.quarter-L3 note.beamedRight1-S3 note.beamedLeft1-L3 note.eighth-S4 note.beamedRight1-L4,count_mismatch
package_aa/100198241-1_1_1/100198241-1_1_1.png,9,10,note.whole-S3 note.half-S3 note.quarter-L3 note.quarter-S2 note.half-L2,count_mismatch
package_ab/190001169-1_1_1/190001169-1_1_1.png,22,21,note.eighth-L3 note.eighth-S2 note.eighth-L3 note.eighth-S3 note.half-L4,count_mismatch
package_ab/200044076-1_2_1/200044076-1_2_1.png,9,10,note.half-S-1 note.beamedRight2-L3 note.beamedLeft2-L4 note.beamedRight2-S3 note.beamedLeft2-S4,count_mismatch
package_ab/140000006-1_1_1/140000006-1_1_1.png,6,7,note.half-S5 note.quarter-S4 note.half-L7 note.quarter-S5 note.half-L8,count_mismatch
package_ab/201008164-1_1_1/201008164-1_1_1.png,8,11,note.whole-S7 note.whole-S7 note.whole-S7 note.half-L6 note.half-S6,count_mismatch
package_ab/220018511-1_1_1/220018511-1_1_1.png,7,8,note.half-S3 note.quarter-L3 note.quarter-S2 note.half-L2 note.half-S2,count_mismatch
package_ab/230003435-1_4_2/230003435-1_4_2.png,8,10,note.half-L4 note.quarter-L4 note.half-S4 note.eighth-S4 note.eighth-S4,count_mismatch
package_aa/000124993-1_1_1/000124993-1_1_1.png,28,29,note.quarter-S3 note.quarter-S4 note.quarter-S5 note.quarter-S4 note.quarter-S3,count_mismatch
package_ab/190026993-1_1_1/190026993-1_1_1.png,16,17,note.beamedRight1-S4 note.beamedBoth2-L4 note.beamedLeft2-S3 note.beamedRight1-L3 note.beamedBoth1-S2,count_mismatch
package_aa/000104639-1_1_1/000104639-1_1_1.png,10,13,note.beamedRight2-S4 note.beamedLeft2-L3 note.eighth-L3 note.sixteenth-S4 note.sixteenth-S4,count_mismatch
package_aa/000101702-1_1_1/000101702-1_1_1.png,13,12,note.quarter-S5 note.eighth-L5 note.eighth-S4 note.quarter-L4 note.beamedRight1-S4,count_mismatch
package_aa/000124679-1_1_1/000124679-1_1_1.png,19,20,note.quarter-L7 note.beamedRight1-L1 note.beamedLeft1-L2 note.beamedRight1-S2 note.beamedBoth1-S1,count_mismatch
package_aa/000102895-1_1_1/000102895-1_1_1.png,12,13,note.quarter-S0 note.half-S0 note.quarter-S0 note.half-L2 note.quarter-S2,count_mismatch
package_aa/000135770-1_1_1/000135770-1_1_1.png,21,22,note.sixteenth-S0 note.half-S0 note.beamedRight3-L-1 note.beamedBoth3-S-1 note.beamedLeft3-L0,count_mismatch
package_ab/211008107-1_2_1/211008107-1_2_1.png,12,13,note.whole-S1 note.whole-S2 note.whole-L2 note.whole-S2 note.whole-L3,count_mismatch
package_ab/212002598-1_1_1/212002598-1_1_1.png,18,20,note.half-L4 note.beamedRight1-L3 note.beamedBoth1-S5 note.beamedBoth1-L4 note.beamedLeft1-L3,count_mismatch
package_aa/000118449-1_1_1/000118449-1_1_1.png,15,16,note.beamedRight1-L2 note.beamedLeft1-S2 note.quarter-L3 note.quarter-L3 note.quarter-S2,count_mismatch
package_aa/000125785-1_1_1/000125785-1_1_1.png,6,8,note.half-L2 note.quarter-S0 note.half-S-2 note.quarter-S-1 note.quarter-L0,count_mismatch
package_aa/000111413-4_1_1/000111413-4_1_1.png,10,11,note.whole-S0 note.half-S0 note.quarter-S0 note.quarter-S0 note.whole-S2,count_mismatch
package_aa/000113718-1_1_1/000113718-1_1_1.png,23,21,note.beamedRight2-S5 note.beamedBoth2-L4 note.beamedBoth2-S3 note.beamedLeft2-L4 note.beamedRight2-S5,count_mismatch
package_ab/220016588-1_1_1/220016588-1_1_1.png,7,8,note.whole-L4 note.whole-S2 note.half-S1 note.half-S0 note.whole-L5,count_mismatch
package_ab/150203762-1_1_1/150203762-1_1_1.png,9,10,note.half-S4 note.sixteenth-S5 note.sixteenth-S4 note.half-L3 note.sixteenth-S4,count_mismatch
package_aa/000101514-1_1_1/000101514-1_1_1.png,15,14,note.half-S1 note.half-S1 note.quarter-S1 note.quarter-S2 note.quarter-S1,count_mismatch
package_aa/100029300-1_1_1/100029300-1_1_1.png,6,7,note.half-S4 note.half-L5 note.half-S5 note.half-S5 note.whole-S5,count_mismatch
package_aa/000102798-1_1_1/000102798-1_1_1.png,15,16,note.eighth-S1 note.eighth-L2 note.quarter-S2 note.quarter-S2 note.quarter-S2,count_mismatch
package_aa/100219157-1_1_1/100219157-1_1_1.png,14,15,note.half-L4 note.half-S0 note.quarter-L4 note.quarter-L5 note.quarter-L4,count_mismatch
package_ab/190018801-1_1_1/190018801-1_1_1.png,23,24,note.beamedRight1-L5 note.beamedLeft1-L4 note.half-L3 note.beamedRight2-S3 note.beamedBoth2-L3,count_mismatch
package_ab/201008223-1_1_1/201008223-1_1_1.png,14,15,note.half-S1 note.quarter-L1 note.half-S0 note.quarter-S1 note.half-S2,count_mismatch
package_ab/190011487-1_1_1/190011487-1_1_1.png,9,10,note.half-S0 note.half-S1 note.half-S2 note.beamedRight1-L4 note.beamedLeft1-S0,count_mismatch
package_ab/225001311-1_1_1/225001311-1_1_1.png,7,8,note.whole-S3 note.half-S4 note.half-L3 note.half-S3 note.half-L4,count_mismatch
package_ab/230000084-1_21_1/230000084-1_21_1.png,6,7,note.half-L6 note.quarter-S4 note.quarter-S3 note.quarter-S4 note.quarter-S4,count_mismatch
package_aa/000125088-10_1_1/000125088-10_1_1.png,10,12,note.half-L1 note.half-L2 note.half-S1 note.half-S2 note.half-L2,count_mismatch
package_aa/100500962-1_3_1/100500962-1_3_1.png,9,10,note.quarter-L4 note.eighth-L4 note.eighth-L4 note.beamedRight1-S3 note.beamedLeft1-S4,count_mismatch
package_aa/000105906-1_1_1/000105906-1_1_1.png,7,9,note.whole-L4 note.half-L4 note.half-L4 note.whole-S4 note.quarter-L4,count_mismatch
package_ab/212003092-1_3_1/212003092-1_3_1.png,20,13,note.beamedRight1-L2 note.beamedBoth1-L2 note.beamedLeft1-L2 note.beamedRight1-L3 note.beamedBoth1-L3,count_mismatch
package_ab/211005450-1_6_1/211005450-1_6_1.png,4,9,note.quarter-S4 note.quarter-S4 note.quarter-S4 note.half-L4 note.quarter-S4,count_mismatch
package_ab/211004230-1_1_1/211004230-1_1_1.png,10,11,note.whole-L2 note.half-L2 note.whole-L2 note.quarter-S1 note.quarter-L1,count_mismatch
package_ab/211007141-1_4_1/211007141-1_4_1.png,18,20,note.half-S-1 note.beamedRight1-L-1 note.beamedBoth1-S-1 note.beamedBoth1-L0 note.beamedLeft1-S0,count_mismatch
package_aa/000108310-1_1_1/000108310-1_1_1.png,12,13,note.quarter-L3 note.half-S5 note.quarter-S5 note.quarter-L5 note.quarter-S4,count_mismatch
package_aa/100500733-1_2_2/100500733-1_2_2.png,0,6,note.whole-S4 note.whole-S4 note.whole-S4 note.whole-S4 note.whole-S4,count_mismatch
package_aa/000102270-1_4_1/000102270-1_4_1.png,5,8,note.half-S0 note.half-L1 note.whole-S1 note.half-S0 note.quarter-L1,count_mismatch
package_ab/211006670-1_1_1/211006670-1_1_1.png,12,13,note.whole-L1 note.whole-L1 note.whole-L1 note.whole-L2 note.whole-L4,count_mismatch
package_aa/100219081-1_1_1/100219081-1_1_1.png,20,4,note.quarter-L2 note.beamedRight1-L2 note.beamedRight1-L4 note.half-S5,count_mismatch
package_aa/000110282-1_1_1/000110282-1_1_1.png,13,14,note.half-L3 note.half-S2 note.half-L2 note.half-S1 note.quarter-L1,count_mismatch
package_aa/100501059-1_2_2/100501059-1_2_2.png,7,11,note.half-L4 note.half-L4 note.half-L4 note.half-S0 note.half-S0,count_mismatch
package_aa/000115613-1_1_1/000115613-1_1_1.png,8,9,note.whole-S3 note.whole-S3 note.half-S1 note.half-L5 note.half-L5,count_mismatch
package_aa/100500598-1_2_3/100500598-1_2_3.png,12,13,note.half-L4 note.quarter-S3 note.quarter-L4 note.quarter-S2 note.quarter-L3,count_mismatch
package_aa/000124686-1_1_1/000124686-1_1_1.png,20,22,note.half-S0 note.quarter-L1 note.beamedRight1-S1 note.beamedBoth1-L2 note.beamedBoth1-S2,count_mismatch
package_ab/230003559-1_5_1/230003559-1_5_1.png,7,8,note.half-L5 note.half-L4 note.half-S4 note.half-L5 note.half-L6,count_mismatch
package_ab/225001739-1_7_1/225001739-1_7_1.png,12,13,note.half-S0 note.quarter-S0 note.quarter-L3 note.quarter-S4 note.quarter-L4,count_mismatch
package_ab/230003634-1_1_1/230003634-1_1_1.png,7,8,note.quarter-S0 note.half-L-1 note.beamedRight1-L4 note.beamedBoth1-S2 note.beamedBoth1-S1,count_mismatch
package_ab/220030668-1_1_1/220030668-1_1_1.png,7,8,note.whole-S4 note.half-S4 note.half-S4 note.half-S3 note.half-S3,count_mismatch
package_ab/211004247-1_11_1/211004247-1_11_1.png,10,11,note.half-L2 note.whole-L2 note.whole-S2 note.half-S0 note.half-S2,count_mismatch
package_ab/220032391-1_7_1/220032391-1_7_1.png,4,5,note.whole-S1 note.whole-S2 note.whole-S3 note.whole-L4 note.whole-S3,count_mismatch
package_ab/230006464-1_1_1/230006464-1_1_1.png,5,9,note.half-L0 note.half-S-1 note.half-S-1 note.half-L-1 note.half-S1,count_mismatch
package_ab/220011502-1_1_1/220011502-1_1_1.png,13,14,note.quarter-S3 note.half-L5 note.quarter-S3 note.quarter-S3 note.half-S4,count_mismatch
package_ab/190005089-1_1_1/190005089-1_1_1.png,22,23,note.quarter-S4 note.beamedRight1-L1 note.beamedBoth1-S1 note.beamedBoth1-L2 note.beamedLeft1-S2,count_mismatch
package_ab/190012585-1_1_1/190012585-1_1_1.png,5,6,note.whole-S3 note.whole-S3 note.whole-L4 note.whole-S4 note.whole-S5,count_mismatch
package_aa/110001587-1_1_2/110001587-1_1_2.png,12,13,note.quarter-L5 note.quarter-L6 note.half-L6 note.half-S5 note.half-S5,count_mismatch
package_ab/211002890-1_1_1/211002890-1_1_1.png,4,7,note.whole-S2 note.whole-L4 note.whole-L4 note.whole-S4 note.whole-S4,count_mismatch
package_aa/000130164-1_1_1/000130164-1_1_1.png,7,8,note.half-L4 note.half-L5 note.quarter-S3 note.half-L4 note.half-S1,count_mismatch
package_ab/220034525-1_1_1/220034525-1_1_1.png,15,17,note.quarter-S4 note.quarter-L3 note.beamedRight1-S5 note.beamedLeft1-S5 note.quarter-L5,count_mismatch
package_aa/000106922-1_2_1/000106922-1_2_1.png,19,18,note.beamedRight2-L5 note.beamedBoth2-L0 note.beamedLeft2-L1 note.beamedRight2-S4 note.beamedBoth2-S5,count_mismatch
package_aa/000121023-1_1_2/000121023-1_1_2.png,10,9,note.quarter-S4 note.quarter-S2 note.eighth-L3 note.eighth-S3 note.quarter-L4,count_mismatch
package_ab/201009275-1_2_1/201009275-1_2_1.png,14,15,note.quarter-L5 note.beamedRight1-S4 note.beamedLeft1-L4 note.quarter-S4 note.quarter-S3,count_mismatch
package_ab/211008093-1_1_1/211008093-1_1_1.png,8,9,note.whole-S2 note.whole-L3 note.whole-L2 note.whole-S1 note.whole-L2,count_mismatch
package_ab/225003384-1_1_1/225003384-1_1_1.png,15,16,note.whole-S1 note.half-L1 note.half-S1 note.quarter-S0 note.quarter-L1,count_mismatch
package_ab/201003489-1_1_1/201003489-1_1_1.png,7,8,note.half-S3 note.quarter-S4 note.quarter-L4 note.quarter-S3 note.quarter-L3,count_mismatch
package_aa/000125785-10_1_1/000125785-10_1_1.png,8,9,note.half-L0 note.quarter-L0 note.half-L0 note.quarter-L0 note.quarter-S1,count_mismatch
package_ab/201002481-1_3_2/201002481-1_3_2.png,6,15,note.quarter-S4 note.quarter-L4 note.quarter-S4 note.sixteenth-S4 note.sixteenth-S4,count_mismatch
package_ab/201008071-1_6_1/201008071-1_6_1.png,6,7,note.quarter-L2 note.quarter-S5 note.half-S4 note.half-L7 note.quarter-L6,count_mismatch
package_ab/230004491-1_1_1/230004491-1_1_1.png,8,10,note.half-S2 note.half-L4 note.half-S2 note.half-L3 note.half-L3,count_mismatch
package_ab/220020035-1_1_1/220020035-1_1_1.png,9,10,note.half-S0 note.half-S1 note.half-S2 note.half-L4 note.whole-L5,count_mismatch
package_aa/000141356-1_1_1/000141356-1_1_1.png,18,19,note.quarter-S0 note.beamedRight1-S0 note.beamedLeft1-L1 note.quarter-S1 note.quarter-S0,count_mismatch
package_aa/100016450-1_1_1/100016450-1_1_1.png,15,16,note.eighth-L3 note.sixteenth-L3 note.sixteenth-L3 note.eighth-L3 note.eighth-S3,count_mismatch
package_ab/201004503-1_2_1/201004503-1_2_1.png,15,16,note.quarter-L4 note.quarter-L4 note.beamedRight1-L4 note.beamedBoth1-S3 note.beamedBoth1-L4,count_mismatch
package_aa/100198368-1_1_1/100198368-1_1_1.png,10,11,note.whole-L-1 note.beamedRight1-L1 note.beamedBoth1-S0 note.beamedBoth1-L1 note.beamedLeft1-S1,count_mismatch
package_ab/200021904-1_43_1/200021904-1_43_1.png,12,14,note.quarter-L3 note.quarter-L3 note.quarter-L3 note.quarter-L3 note.beamedRight2-S4,count_mismatch
package_ab/220019286-1_1_1/220019286-1_1_1.png,9,10,note.half-S2 note.quarter-S2 note.quarter-S2 note.quarter-S2 note.quarter-L4,count_mismatch
package_ab/211006864-1_1_1/211006864-1_1_1.png,11,12,note.whole-L3 note.half-S1 note.half-S1 note.whole-S2 note.whole-L2,count_mismatch
package_ab/230002606-1_1_1/230002606-1_1_1.png,7,8,note.half-S1 note.half-S3 note.half-S3 note.half-S2 note.half-L2,count_mismatch
package_ab/190006076-1_1_1/190006076-1_1_1.png,6,10,note.half-L3 note.half-S2 note.half-L2 note.half-S1 note.half-L1,count_mismatch
package_aa/000140739-1_6_1/000140739-1_6_1.png,10,12,note.quarter-L2 note.quarter-L2 note.quarter-L2 note.quarter-L2 note.half-L3,count_mismatch
package_aa/000100126-12_1_1/000100126-12_1_1.png,27,26,note.eighth-S4 note.beamedRight1-S4 note.beamedBoth1-S4 note.beamedLeft1-S4 note.beamedRight1-S4,count_mismatch
package_ab/220014917-1_1_1/220014917-1_1_1.png,9,10,note.quarter-S2 note.quarter-S1 note.quarter-L1 note.quarter-S0 note.quarter-L2,count_mismatch
package_ab/220030552-1_1_2/220030552-1_1_2.png,7,8,note.whole-S1 note.half-L1 note.half-S1 note.half-S1 note.half-S3,count_mismatch
package_ab/220030249-1_1_1/220030249-1_1_1.png,15,16,note.whole-L4 note.half-L2 note.half-L4 note.half-S4 note.half-L4,count_mismatch
package_ab/220011618-1_1_1/220011618-1_1_1.png,14,15,note.quarter-S0 note.quarter-S2 note.quarter-S2 note.quarter-S2 note.quarter-L2,count_mismatch
package_aa/100500584-1_3_2/100500584-1_3_2.png,14,15,note.whole-S2 note.half-S2 note.half-S0 note.quarter-L2 note.quarter-S0,count_mismatch
package_ab/190012666-1_1_1/190012666-1_1_1.png,24,25,note.half-S4 note.half-S4 note.half-S4 note.half-L3 note.half-S4,count_mismatch
package_aa/000119698-1_1_1/000119698-1_1_1.png,22,21,note.beamedRight1-S3 note.beamedLeft1-S2 note.quarter-S4 note.quarter-S4 note.beamedRight1-L4,count_mismatch
package_aa/000120858-1_1_1/000120858-1_1_1.png,16,15,note.quarter-S2 note.quarter-L3 note.quarter-S2 note.quarter-L4 note.quarter-L3,count_mismatch
package_ab/230002308-1_1_1/230002308-1_1_1.png,11,12,note.half-S0 note.quarter-S1 note.quarter-S2 note.half-L4 note.quarter-L5,count_mismatch
package_ab/190005500-1_1_1/190005500-1_1_1.png,8,12,note.half-L2 note.half-L2 note.half-L2 note.half-S1 note.half-S1,count_mismatch
package_ab/225001265-1_1_1/225001265-1_1_1.png,7,8,note.half-L2 note.half-S3 note.quarter-L3 note.quarter-L3 note.quarter-S4,count_mismatch
package_aa/000102467-1_1_1/000102467-1_1_1.png,23,24,note.half-S4 note.half-S5 note.half-L6 note.quarter-S5 note.half-S4,count_mismatch
package_ab/190005439-1_1_1/190005439-1_1_1.png,8,9,note.half-L2 note.half-L2 note.half-L2 note.whole-S1 note.half-L2,count_mismatch
package_aa/000051804-1_1_1/000051804-1_1_1.png,12,14,note.half-S3 note.half-S3 note.half-L4 note.half-S4 note.half-L5,count_mismatch
package_ab/190101644-1_1_1/190101644-1_1_1.png,15,16,note.whole-L1 note.whole-L1 note.whole-L1 note.whole-L3 note.half-L3,count_mismatch
package_ab/200022377-1_13_1/200022377-1_13_1.png,5,6,note.quarter-L3 note.quarter-L4 note.quarter-L3 note.quarter-S4 note.quarter-S3,count_mismatch
package_ab/220031478-1_1_1/220031478-1_1_1.png,14,15,note.whole-L3 note.half-L5 note.half-L5 note.whole-S5 note.half-L5,count_mismatch
package_aa/000108586-1_1_1/000108586-1_1_1.png,13,14,note.half-L4 note.quarter-L5 note.eighth-L6 note.eighth-S7 note.eighth-L6,count_mismatch
package_ab/190016565-1_1_1/190016565-1_1_1.png,11,14,note.whole-S4 note.whole-S4 note.whole-S3 note.whole-S3 note.whole-S2,count_mismatch
package_ab/220030662-1_1_1/220030662-1_1_1.png,1,3,note.whole-S4 note.whole-S4 note.whole-S3,count_mismatch
package_aa/100017188-1_1_1/100017188-1_1_1.png,10,11,note.half-S2 note.half-L2 note.half-S1 note.quarter-S1 note.quarter-S1,count_mismatch
package_aa/000130491-1_1_1/000130491-1_1_1.png,7,8,note.half-L2 note.whole-S1 note.half-L2 note.whole-S2 note.half-L3,count_mismatch
package_ab/190017560-1_1_2/190017560-1_1_2.png,16,17,note.quarter-S-2 note.quarter-S-1 note.quarter-S-1 note.quarter-S0 note.quarter-L0,count_mismatch
package_ab/220032160-1_12_1/220032160-1_12_1.png,9,10,note.whole-L3 note.half-L5 note.half-L5 note.whole-S5 note.whole-S4,count_mismatch
package_ab/211020067-1_1_1/211020067-1_1_1.png,14,15,note.quarter-S2 note.half-L3 note.half-L0 note.quarter-S0 note.quarter-L1,count_mismatch
package_ab/190026797-1_1_1/190026797-1_1_1.png,8,9,note.quarter-L5 note.quarter-L5 note.quarter-S5 note.half-L6 note.quarter-S6,count_mismatch
package_ab/230000162-1_46_2/230000162-1_46_2.png,9,10,note.half-S4 note.half-L4 note.half-S3 note.half-L3 note.half-S2,count_mismatch
package_ab/230003727-1_2_1/230003727-1_2_1.png,9,10,note.half-L2 note.half-S2 note.half-S2 note.quarter-L2 note.quarter-S1,count_mismatch
package_ab/212001614-1_3_1/212001614-1_3_1.png,10,12,note.half-S5 note.half-L4 note.half-L3 note.half-L2 note.half-S0,count_mismatch
package_ab/230002041-1_4_2/230002041-1_4_2.png,9,12,note.quarter-S5 note.half-L7 note.half-L7 note.half-L7 note.half-S3,count_mismatch
package_aa/000106034-1_2_1/000106034-1_2_1.png,6,8,note.eighth-L4 note.eighth-L3 note.eighth-L3 note.sixteenth-L4 note.sixteenth-S3,count_mismatch
package_aa/000126624-1_1_1/000126624-1_1_1.png,14,15,note.quarter-S7 note.beamedRight1-L6 note.beamedBoth1-L6 note.beamedBoth1-L6 note.beamedLeft1-L6,count_mismatch
package_ab/190006440-1_1_1/190006440-1_1_1.png,8,9,note.half-L4 note.eighth-L4 note.half-L3 note.half-S2 note.half-S0,count_mismatch
package_aa/000141889-1_1_1/000141889-1_1_1.png,8,10,note.half-S4 note.quarter-S4 note.half-L4 note.half-S3 note.quarter-S3,count_mismatch
package_aa/000107791-1_1_1/000107791-1_1_1.png,10,11,note.whole-L6 note.half-L6 note.half-S5 note.half-L5 note.quarter-L5,count_mismatch
package_aa/000141851-1_1_1/000141851-1_1_1.png,11,12,note.whole-S1 note.whole-L0 note.whole-S2 note.whole-L1 note.whole-S3,count_mismatch
package_ab/220017558-1_1_1/220017558-1_1_1.png,8,9,note.half-S0 note.half-S1 note.half-S2 note.half-S2 note.half-L3,count_mismatch
package_aa/000117498-5_1_1/000117498-5_1_1.png,15,16,note.half-L1 note.half-S4 note.quarter-S4 note.beamedRight1-L4 note.beamedLeft1-S3,count_mismatch
package_ab/211002814-1_1_1/211002814-1_1_1.png,8,9,note.whole-L5 note.half-S4 note.half-S3 note.half-L5 note.whole-S4,count_mismatch
package_ab/190018522-1_1_1/190018522-1_1_1.png,10,11,note.half-L5 note.quarter-S4 note.quarter-L5 note.quarter-S3 note.beamedRight1-L4,count_mismatch
package_ab/150205096-1_1_1/150205096-1_1_1.png,19,18,note.quarter-L3 note.beamedRight2-L4 note.beamedBoth2-L3 note.beamedBoth2-L5 note.beamedLeft2-L4,count_mismatch
package_ab/211006094-1_1_1/211006094-1_1_1.png,9,11,note.whole-L3 note.half-L3 note.half-L5 note.half-L5 note.quarter-S4,count_mismatch
package_ab/211008193-1_2_1/211008193-1_2_1.png,7,9,note.whole-S4 note.whole-S4 note.whole-S5 note.whole-S5 note.half-L5,count_mismatch
package_ab/190003086-1_1_1/190003086-1_1_1.png,25,26,note.half-S0 note.half-L4 note.beamedRight3-S3 note.beamedBoth3-L3 note.beamedLeft2-S2,count_mismatch
package_aa/000137985-1_1_1/000137985-1_1_1.png,10,12,note.half-S-1 note.half-L3 note.quarter-S3 note.beamedRight1-L4 note.beamedLeft1-S4,count_mismatch
package_aa/000110669-1_2_1/000110669-1_2_1.png,12,13,note.quarter-S-1 note.quarter-L-1 note.half-S-1 note.quarter-L0 note.quarter-S-1,count_mismatch
package_ab/230001621-1_1_1/230001621-1_1_1.png,3,4,note.whole-L3 note.whole-S4 note.whole-S3 note.whole-L3,count_mismatch
package_aa/000120893-1_1_1/000120893-1_1_1.png,19,18,note.quarter-L3 note.quarter-L5 note.quarter-L3 note.quarter-L5 note.beamedRight1-S5,count_mismatch
package_aa/000125847-1_1_1/000125847-1_1_1.png,14,15,note.quarter-L2 note.quarter-L3 note.quarter-L4 note.quarter-S5 note.beamedRight1-L4,count_mismatch
package_ab/211008068-1_1_2/211008068-1_1_2.png,12,13,note.whole-S2 note.whole-L1 note.whole-L1 note.whole-S0 note.whole-L4,count_mismatch
package_aa/000131535-1_1_1/000131535-1_1_1.png,20,19,note.quarter-S2 note.quarter-L3 note.quarter-S2 note.beamedRight1-S1 note.beamedLeft1-L2,count_mismatch
package_aa/000127521-1_1_2/000127521-1_1_2.png,17,16,note.sixteenth-S4 note.sixteenth-S4 note.eighth-S4 note.eighth-S4 note.eighth-S4,count_mismatch
package_ab/201004572-1_10_1/201004572-1_10_1.png,15,16,note.half-S3 note.half-L4 note.half-L3 note.half-S3 note.half-S2,count_mismatch
package_ab/220014284-1_1_1/220014284-1_1_1.png,22,23,note.beamedRight1-L3 note.beamedBoth1-L4 note.beamedBoth1-S2 note.beamedLeft1-L3 note.beamedRight1-L2,count_mismatch
package_ab/201001943-1_14_1/201001943-1_14_1.png,17,18,note.half-L5 note.quarter-L5 note.quarter-L5 note.half-S4 note.half-L6,count_mismatch
package_aa/000136841-1_2_1/000136841-1_2_1.png,20,21,note.quarter-S4 note.beamedRight1-S4 note.beamedBoth1-L4 note.beamedBoth1-S3 note.beamedLeft1-L3,count_mismatch
package_aa/000118792-1_1_1/000118792-1_1_1.png,8,9,note.whole-S3 note.whole-S3 note.whole-S3 note.whole-L3 note.whole-S4,count_mismatch
package_ab/150205326-1_1_1/150205326-1_1_1.png,6,7,note.whole-S3 note.whole-L4 note.whole-S4 note.whole-L5 note.whole-S1,count_mismatch
package_ab/200043505-1_1_1/200043505-1_1_1.png,10,11,note.quarter-S4 note.quarter-L1 note.quarter-L1 note.quarter-L1 note.half-S0,count_mismatch
package_ab/220000883-1_1_1/220000883-1_1_1.png,15,16,note.half-L1 note.quarter-S1 note.quarter-S1 note.half-L2 note.quarter-L2,count_mismatch
package_aa/000110787-1_1_1/000110787-1_1_1.png,12,13,note.half-S4 note.quarter-S4 note.quarter-L5 note.beamedRight1-S4 note.beamedLeft1-L4,count_mismatch
package_ab/212001358-1_3_1/212001358-1_3_1.png,18,17,note.quarter-L5 note.quarter-S3 note.quarter-S3 note.beamedRight1-L3 note.beamedLeft1-S2,count_mismatch
package_ab/220031047-1_1_1/220031047-1_1_1.png,7,8,note.whole-S3 note.whole-L3 note.whole-L3 note.whole-L3 note.half-L2,count_mismatch
package_ab/210000105-1_5_1/210000105-1_5_1.png,12,13,note.quarter-S3 note.quarter-S3 note.quarter-L4 note.quarter-S4 note.quarter-L5,count_mismatch
package_aa/100501007-1_4_2/100501007-1_4_2.png,8,10,note.whole-L2 note.half-S2 note.half-L3 note.half-L2 note.half-S2,count_mismatch
package_aa/000116625-1_1_1/000116625-1_1_1.png,18,17,note.quarter-S2 note.quarter-L4 note.quarter-S3 note.quarter-L4 note.quarter-S4,count_mismatch
package_ab/150201214-1_1_1/150201214-1_1_1.png,8,9,note.whole-S1 note.whole-L6 note.whole-S5 note.whole-L1 note.whole-L0,count_mismatch
package_aa/000132286-1_1_1/000132286-1_1_1.png,23,24,note.half-L1 note.quarter-L2 note.quarter-L3 note.beamedRight2-S4 note.beamedBoth2-L4,count_mismatch
package_ab/230004295-1_1_1/230004295-1_1_1.png,8,9,note.half-L2 note.quarter-L2 note.half-L3 note.quarter-S2 note.half-L2,count_mismatch
package_ab/220017029-1_8_1/220017029-1_8_1.png,9,10,note.half-L4 note.whole-L4 note.half-L4 note.whole-L4 note.half-L4,count_mismatch
package_ab/201004907-1_2_1/201004907-1_2_1.png,11,12,note.whole-L5 note.whole-L3 note.whole-S5 note.half-L5 note.quarter-L4,count_mismatch
package_ab/230001642-1_1_1/230001642-1_1_1.png,9,11,note.quarter-L3 note.quarter-S3 note.whole-L4 note.whole-L3 note.whole-S3,count_mismatch
package_aa/000121237-1_1_1/000121237-1_1_1.png,18,19,note.quarter-S2 note.quarter-S2 note.quarter-L3 note.quarter-S3 note.quarter-L4,count_mismatch
package_ab/211003384-1_15_1/211003384-1_15_1.png,9,10,note.whole-S2 note.whole-S2 note.half-L2 note.half-L2 note.whole-L2,count_mismatch
package_ab/220016115-1_1_1/220016115-1_1_1.png,11,12,note.half-L2 note.quarter-L3 note.beamedRight1-S2 note.beamedLeft1-L2 note.quarter-L4,count_mismatch
package_aa/110000934-1_1_1/110000934-1_1_1.png,12,21,note.eighth-S4 note.eighth-L4 note.sixteenth-L4 note.sixteenth-L4 note.eighth-S4,count_mismatch
package_ab/220015885-1_1_1/220015885-1_1_1.png,12,13,note.beamedRight1-L2 note.beamedBoth1-S1 note.beamedLeft1-L2 note.beamedRight1-L2 note.beamedBoth1-S2,count_mismatch
package_aa/000107755-1_1_1/000107755-1_1_1.png,7,9,note.half-S0 note.quarter-L0 note.quarter-S0 note.half-L-1 note.half-L1,count_mismatch
package_ab/150204794-1_1_1/150204794-1_1_1.png,9,10,note.half-L2 note.quarter-L3 note.half-L4 note.quarter-L4 note.half-S5,count_mismatch
package_aa/000122168-1_1_1/000122168-1_1_1.png,19,20,note.half-L6 note.quarter-L4 note.eighth-L4 note.eighth-L5 note.sixteenth-S4,count_mismatch
package_ab/150204247-1_3_1/150204247-1_3_1.png,12,14,note.half-S2 note.quarter-L3 note.eighth-S2 note.eighth-L3 note.eighth-S3,count_mismatch
package_aa/000105650-1_1_1/000105650-1_1_1.png,12,13,note.half-L3 note.quarter-S2 note.quarter-L2 note.quarter-S1 note.half-L1,count_mismatch
package_aa/000127977-1_1_2/000127977-1_1_2.png,10,11,note.quarter-S2 note.quarter-L4 note.quarter-S2 note.quarter-S2 note.half-S1,count_mismatch
package_aa/000122403-1_1_1/000122403-1_1_1.png,22,21,note.quarter-L4 note.quarter-S4 note.quarter-L5 note.quarter-S4 note.quarter-L4,count_mismatch
package_aa/000119856-1_1_2/000119856-1_1_2.png,19,18,note.quarter-L6 note.eighth-S4 note.quarter-L6 note.eighth-L6 note.eighth-L6,count_mismatch
package_aa/000116600-4_1_1/000116600-4_1_1.png,18,19,note.half-L0 note.quarter-L1 note.quarter-L2 note.quarter-S3 note.beamedRight2-S3,count_mismatch
package_aa/000126809-1_1_1/000126809-1_1_1.png,16,15,note.half-L3 note.quarter-L3 note.quarter-S2 note.half-L2 note.half-S1,count_mismatch
package_aa/000105315-1_1_1/000105315-1_1_1.png,10,11,note.quarter-S4 note.quarter-L5 note.beamedRight1-S4 note.beamedLeft1-L4 note.beamedRight1-S3,count_mismatch
package_ab/220014944-1_1_1/220014944-1_1_1.png,14,15,note.quarter-S0 note.quarter-L-1 note.quarter-S0 note.quarter-L1 note.quarter-S1,count_mismatch
package_ab/211002900-1_1_1/211002900-1_1_1.png,13,14,note.half-S3 note.half-L5 note.half-S5 note.half-L5 note.half-L5,count_mismatch
package_ab/220032081-1_1_1/220032081-1_1_1.png,12,14,note.whole-S4 note.half-L3 note.quarter-L3 note.quarter-S2 note.quarter-L2,count_mismatch
package_aa/000117834-1_1_1/000117834-1_1_1.png,9,10,note.whole-L2 note.whole-S3 note.half-S4 note.quarter-L4 note.quarter-S3,count_mismatch
package_aa/000102311-1_1_1/000102311-1_1_1.png,33,34,note.half-S0 note.half-L0 note.beamedRight2-S-1 note.beamedBoth2-S0 note.beamedBoth2-L0,count_mismatch
package_ab/230002488-1_7_1/230002488-1_7_1.png,13,14,note.half-L1 note.half-L1 note.whole-L1 note.quarter-L3 note.eighth-L2,count_mismatch
package_ab/211010739-1_1_1/211010739-1_1_1.png,4,5,note.whole-S2 note.whole-S2 note.whole-S2 note.whole-S3 note.whole-S4,count_mismatch
package_ab/230002880-1_1_1/230002880-1_1_1.png,9,10,note.half-L2 note.half-L3 note.half-L1 note.half-L1 note.half-S1,count_mismatch
package_aa/000115813-1_1_1/000115813-1_1_1.png,12,13,note.half-L1 note.quarter-L2 note.quarter-L3 note.quarter-S4 note.quarter-L4,count_mismatch
package_aa/000110675-1_1_1/000110675-1_1_1.png,19,11,note.quarter-L0 note.beamedRight2-L0 note.beamedBoth3-S0 note.beamedBoth3-L1 note.beamedBoth3-S1,count_mismatch
package_ab/201008536-1_24_1/201008536-1_24_1.png,34,10,note.beamedRight1-S3 note.beamedRight1-S3 note.beamedRight2-L3 note.beamedLeft2-S2 note.sixteenth-L2,count_mismatch
package_aa/000122395-1_1_1/000122395-1_1_1.png,24,23,note.quarter-S5 note.quarter-L4 note.quarter-S4 note.quarter-L4 note.quarter-S3,count_mismatch
package_ab/220032485-1_1_2/220032485-1_1_2.png,12,14,note.whole-L2 note.whole-S0 note.whole-L1 note.half-S0 note.whole-L2,count_mismatch
package_aa/000100335-1_1_1/000100335-1_1_1.png,7,8,note.half-S2 note.whole-S2 note.half-S2 note.half-S2 note.half-L2,count_mismatch
package_aa/000130501-1_1_1/000130501-1_1_1.png,7,8,note.whole-L2 note.half-L1 note.half-S0 note.half-L2 note.half-L3,count_mismatch
package_ab/190001148-1_1_1/190001148-1_1_1.png,22,21,note.quarter-L4 note.quarter-S4 note.quarter-L5 note.quarter-L5 note.quarter-S3,count_mismatch
package_ab/211003494-1_1_1/211003494-1_1_1.png,11,12,note.whole-L3 note.half-S1 note.half-S1 note.whole-S2 note.whole-L2,count_mismatch
package_ab/210097084-1_5_1/210097084-1_5_1.png,11,12,note.whole-L1 note.half-S-1 note.half-L2 note.half-L1 note.half-L3,count_mismatch
package_ab/220010404-1_1_1/220010404-1_1_1.png,12,13,note.half-L3 note.half-L3 note.half-S2 note.half-L2 note.half-L3,count_mismatch
package_ab/220031941-1_1_1/220031941-1_1_1.png,11,12,note.whole-S2 note.whole-S3 note.whole-L3 note.whole-S2 note.half-L2,count_mismatch
package_ab/220000105-1_4_1/220000105-1_4_1.png,11,12,note.half-S5 note.half-S6 note.half-L7 note.eighth-S6 note.quarter-S5,count_mismatch
package_aa/000114462-1_1_2/000114462-1_1_2.png,9,8,note.half-S5 note.half-L6 note.half-S5 note.quarter-S5 note.half-S5,count_mismatch
package_aa/000101610-1_1_1/000101610-1_1_1.png,8,7,note.quarter-S5 note.quarter-L4 note.half-S5 note.quarter-S5 note.quarter-S3,count_mismatch
package_ab/211006917-1_7_2/211006917-1_7_2.png,13,15,note.half-S4 note.half-S4 note.half-S3 note.half-S3 note.half-S2,count_mismatch
package_aa/100501046-1_1_2/100501046-1_1_2.png,7,8,note.whole-L4 note.half-L4 note.half-L4 note.whole-L4 note.half-L4,count_mismatch
package_ab/220030265-1_1_1/220030265-1_1_1.png,7,8,note.whole-S3 note.half-L3 note.half-S3 note.half-S4 note.half-L5,count_mismatch
package_ab/190024102-1_1_1/190024102-1_1_1.png,11,12,note.half-L1 note.quarter-L2 note.quarter-L3 note.beamedRight2-S4 note.beamedBoth2-L4,count_mismatch
package_ab/200044075-1_2_1/200044075-1_2_1.png,9,10,note.half-S-1 note.beamedRight2-L3 note.beamedLeft2-L4 note.beamedRight2-S3 note.beamedLeft2-S4,count_mismatch
package_ab/110003199-1_4_1/110003199-1_4_1.png,5,6,note.half-L1 note.quarter-L2 note.half-L3 note.half-L3 note.quarter-S4,count_mismatch
package_ab/201002176-1_1_1/201002176-1_1_1.png,14,15,note.quarter-S-2 note.beamedRight1-L0 note.beamedBoth2-S-1 note.beamedLeft2-L-1 note.half-S-2,count_mismatch
package_ab/230003904-1_1_1/230003904-1_1_1.png,16,17,note.half-L1 note.quarter-L1 note.quarter-L1 note.half-L2 note.quarter-L2,count_mismatch
package_ab/220030629-1_1_2/220030629-1_1_2.png,11,12,note.whole-S4 note.half-S4 note.half-L3 note.whole-L1 note.half-S4,count_mismatch
package_ab/212001534-1_1_1/212001534-1_1_1.png,9,10,note.half-S1 note.half-S1 note.half-L1 note.half-L2 note.half-L0,count_mismatch
package_ab/201007005-1_1_1/201007005-1_1_1.png,14,16,note.half-S0 note.beamedRight2-L5 note.beamedBoth2-S4 note.beamedLeft2-L4 note.beamedRight2-S3,count_mismatch
package_aa/000125967-1_1_1/000125967-1_1_1.png,13,12,note.half-S3 note.half-S2 note.half-S1 note.half-L5 note.quarter-S4,count_mismatch
package_aa/000108559-1_1_1/000108559-1_1_1.png,18,17,note.half-L2 note.half-S0 note.beamedRight1-L2 note.beamedBoth1-S1 note.beamedBoth1-L2,count_mismatch
package_ab/200230144-1_1_1/200230144-1_1_1.png,11,12,note.beamedRight1-L2 note.beamedBoth1-S2 note.beamedBoth1-L3 note.beamedLeft1-S3 note.beamedRight1-L4,count_mismatch
package_ab/220032126-1_1_1/220032126-1_1_1.png,3,5,note.whole-L3 note.whole-S3 note.whole-L3 note.whole-S4 note.whole-S4,count_mismatch
package_ab/220017388-1_2_1/220017388-1_2_1.png,13,14,note.quarter-S3 note.quarter-S3 note.quarter-L5 note.quarter-L6 note.half-L7,count_mismatch
package_aa/110002934-1_1_1/110002934-1_1_1.png,11,12,note.whole-L4 note.half-L4 note.quarter-S3 note.quarter-L3 note.half-S2,count_mismatch
package_aa/000107032-16_1_1/000107032-16_1_1.png,11,12,note.quarter-L3 note.quarter-L3 note.quarter-S2 note.quarter-L2 note.half-S1,count_mismatch
package_ab/230004281-1_1_1/230004281-1_1_1.png,10,11,note.half-L2 note.quarter-L2 note.quarter-L2 note.half-S2 note.half-S2,count_mismatch
package_ab/211004680-1_3_1/211004680-1_3_1.png,10,11,note.half-L5 note.half-L5 note.whole-L6 note.half-L6 note.half-S5,count_mismatch
package_aa/000105436-1_1_1/000105436-1_1_1.png,15,16,note.half-S4 note.quarter-S4 note.quarter-L4 note.quarter-S3 note.quarter-S4,count_mismatch
package_ab/230002295-1_4_1/230002295-1_4_1.png,14,15,note.half-S0 note.quarter-S1 note.quarter-L2 note.half-S2 note.quarter-S2,count_mismatch
package_ab/230006531-1_2_1/230006531-1_2_1.png,25,24,note.beamedRight1-L2 note.beamedBoth1-S2 note.beamedBoth1-L3 note.beamedLeft1-S2 note.quarter-L2,count_mismatch
package_ab/210097373-1_1_1/210097373-1_1_1.png,10,11,note.whole-L3 note.half-S1 note.half-L2 note.whole-L1 note.half-S0,count_mismatch
package_ab/201005398-1_1_1/201005398-1_1_1.png,15,18,note.quarter-S1 note.quarter-L4 note.quarter-L4 note.beamedRight1-L4 note.beamedLeft1-S3,count_mismatch
package_ab/220031739-1_1_2/220031739-1_1_2.png,7,9,note.half-S0 note.quarter-S0 note.quarter-S1 note.quarter-L1 note.quarter-S0,count_mismatch
package_aa/110002910-1_1_1/110002910-1_1_1.png,4,5,note.whole-L2 note.half-S3 note.half-L4 note.whole-S4 note.whole-L4,count_mismatch
package_aa/000135689-1_1_1/000135689-1_1_1.png,13,14,note.quarter-S-1 note.quarter-L0 note.quarter-L1 note.quarter-L2 note.quarter-S3,count_mismatch
package_ab/150203926-1_1_1/150203926-1_1_1.png,5,7,note.whole-S2 note.whole-S2 note.whole-L1 note.whole-S4 note.whole-S4,count_mismatch
package_ab/220011836-1_2_1/220011836-1_2_1.png,10,11,note.half-L3 note.quarter-L3 note.quarter-L3 note.quarter-S4 note.quarter-L3,count_mismatch
package_ab/200020913-1_1_2/200020913-1_1_2.png,4,5,note.half-S0 note.half-L2 note.half-S2 note.half-L3 note.half-S3,count_mismatch
package_aa/000107610-1_2_1/000107610-1_2_1.png,11,12,note.eighth-L3 note.eighth-L4 note.eighth-L4 note.eighth-L4 note.eighth-S3,count_mismatch
package_ab/220030946-1_1_1/220030946-1_1_1.png,11,12,note.half-L3 note.half-L3 note.half-S3 note.quarter-L4 note.quarter-L3,count_mismatch
package_ab/230005101-1_7_1/230005101-1_7_1.png,6,8,note.half-L1 note.half-S2 note.half-L2 note.half-S1 note.half-L1,count_mismatch
package_aa/100501058-1_1_3/100501058-1_1_3.png,8,9,note.half-S3 note.half-L2 note.half-L0 note.half-S3 note.half-L3,count_mismatch
package_ab/220031959-1_1_1/220031959-1_1_1.png,8,11,note.whole-S4 note.half-L4 note.half-S3 note.whole-S4 note.half-L4,count_mismatch
package_aa/000113875-1_1_1/000113875-1_1_1.png,13,14,note.quarter-S3 note.quarter-S3 note.quarter-L3 note.quarter-L3 note.quarter-S2,count_mismatch
package_ab/230005390-1_2_1/230005390-1_2_1.png,20,21,note.eighth-L1 note.beamedRight1-L0 note.beamedLeft1-L-1 note.quarter-S1 note.beamedRight1-S1,count_mismatch
package_ab/225001672-1_1_1/225001672-1_1_1.png,5,6,note.half-L1 note.half-L1 note.half-S1 note.half-L2 note.half-S2,count_mismatch
package_ab/150202931-1_2_1/150202931-1_2_1.png,12,13,note.quarter-S3 note.quarter-S4 note.quarter-L5 note.quarter-S2 note.quarter-S2,count_mismatch
package_aa/000120914-1_1_1/000120914-1_1_1.png,19,18,note.eighth-L3 note.eighth-S2 note.eighth-L3 note.eighth-S3 note.half-L4,count_mismatch
package_ab/211003313-1_1_1/211003313-1_1_1.png,10,11,note.half-L1 note.quarter-S4 note.eighth-S4 note.eighth-S4 note.quarter-L4,count_mismatch
package_aa/000114984-1_1_1/000114984-1_1_1.png,23,17,note.quarter-L0 note.beamedRight2-S4 note.beamedLeft2-L4 note.beamedRight2-S4 note.beamedBoth2-L4,count_mismatch
package_aa/000135734-1_1_1/000135734-1_1_1.png,21,22,note.beamedRight1-L2 note.beamedBoth1-L1 note.beamedBoth1-L0 note.beamedLeft1-L1 note.beamedRight1-L2,count_mismatch
package_ab/201004928-1_5_1/201004928-1_5_1.png,7,8,note.whole-S4 note.half-L5 note.half-S5 note.quarter-L5 note.quarter-L5,count_mismatch
package_aa/000116671-1_1_1/000116671-1_1_1.png,7,10,note.whole-L3 note.whole-L3 note.half-S2 note.half-L1 note.half-S1,count_mismatch
package_ab/220000596-1_1_2/220000596-1_1_2.png,9,10,note.half-L0 note.quarter-L1 note.beamedRight1-S1 note.beamedLeft1-S1 note.half-L2,count_mismatch
package_aa/000104024-1_1_1/000104024-1_1_1.png,7,9,note.whole-L4 note.half-L5 note.half-L5 note.half-S4 note.half-L4,count_mismatch
package_aa/100015460-1_2_1/100015460-1_2_1.png,8,9,note.half-L5 note.half-L4 note.quarter-S4 note.quarter-L4 note.half-S3,count_mismatch
package_ab/220032492-1_1_2/220032492-1_1_2.png,5,6,note.whole-L3 note.whole-L2 note.whole-S5 note.half-L4 note.half-S4,count_mismatch
package_ab/211003271-1_1_1/211003271-1_1_1.png,16,17,note.whole-S5 note.whole-S4 note.whole-S3 note.whole-L2 note.whole-S3,count_mismatch
package_aa/000101835-1_1_1/000101835-1_1_1.png,8,9,note.whole-L3 note.half-L3 note.quarter-L3 note.half-S3 note.quarter-S1,count_mismatch
package_aa/000127361-1_1_1/000127361-1_1_1.png,9,8,note.half-S2 note.half-S2 note.half-L2 note.half-S1 note.half-L1,count_mismatch
package_aa/000126343-1_1_1/000126343-1_1_1.png,25,26,note.half-S0 note.beamedRight2-S0 note.beamedBoth2-L0 note.beamedBoth2-S0 note.beamedLeft2-L0,count_mismatch
package_aa/000118209-1_1_1/000118209-1_1_1.png,16,15,note.quarter-L2 note.quarter-S3 note.beamedRight1-S3 note.beamedLeft1-S3 note.quarter-S3,count_mismatch
package_ab/220032407-1_1_1/220032407-1_1_1.png,17,18,note.whole-L3 note.half-S1 note.half-L3 note.half-S2 note.whole-L3,count_mismatch
package_ab/220031790-1_1_1/220031790-1_1_1.png,7,8,note.whole-S2 note.whole-L3 note.whole-L3 note.whole-S3 note.whole-L3,count_mismatch
package_ab/150202050-1_1_1/150202050-1_1_1.png,13,14,note.half-L1 note.half-L3 note.half-L2 note.quarter-S1 note.quarter-L3,count_mismatch
package_ab/201007627-1_3_1/201007627-1_3_1.png,16,17,note.quarter-L3 note.half-L3 note.half-S1 note.half-L2 note.half-S0,count_mismatch
package_ab/190007545-1_1_1/190007545-1_1_1.png,29,30,note.half-S0 note.beamedRight1-S0 note.beamedBoth2-S0 note.beamedLeft2-S0 note.beamedRight1-S0,count_mismatch
package_ab/190016413-1_1_1/190016413-1_1_1.png,28,29,note.half-S0 note.quarter-L0 note.quarter-S0 note.half-L1 note.quarter-S0,count_mismatch
package_aa/000120591-1_1_1/000120591-1_1_1.png,10,11,note.half-L6 note.half-L7 note.half-L4 note.beamedRight1-S4 note.beamedBoth1-L4,count_mismatch
package_ab/212001188-1_1_1/212001188-1_1_1.png,10,11,note.quarter-S1 note.quarter-L3 note.quarter-S3 note.quarter-L4 note.quarter-S3,count_mismatch
package_ab/220017329-1_4_1/220017329-1_4_1.png,6,8,note.half-L1 note.half-L1 note.whole-L1 note.quarter-L1 note.quarter-L1,count_mismatch
package_ab/220032530-1_6_1/220032530-1_6_1.png,9,11,note.whole-L3 note.half-S3 note.half-S3 note.half-L4 note.half-L4,count_mismatch
package_ab/220030951-1_10_1/220030951-1_10_1.png,4,5,note.whole-S4 note.half-L4 note.half-L4 note.whole-L3 note.whole-S2,count_mismatch
package_aa/000102275-1_1_1/000102275-1_1_1.png,12,10,note.beamedRight3-L-1 note.quarter-S0 note.quarter-S1 note.quarter-S2 note.quarter-L2,count_mismatch
package_aa/000140777-1_1_1/000140777-1_1_1.png,14,16,note.half-L5 note.quarter-L5 note.quarter-S4 note.quarter-S4 note.half-S4,count_mismatch
package_ab/220034502-1_1_1/220034502-1_1_1.png,5,6,note.whole-S2 note.whole-L3 note.whole-S2 note.whole-S0 note.whole-S2,count_mismatch
package_ab/211006639-1_2_1/211006639-1_2_1.png,10,12,note.half-L1 note.half-S2 note.quarter-L3 note.quarter-S3 note.quarter-L3,count_mismatch
package_ab/211006623-1_1_1/211006623-1_1_1.png,11,12,note.whole-L3 note.whole-L3 note.whole-L5 note.whole-S4 note.whole-L3,count_mismatch
package_ab/211006456-1_1_1/211006456-1_1_1.png,10,11,note.whole-S5 note.eighth-L2 note.eighth-S2 note.eighth-L3 note.half-S3,count_mismatch
package_aa/000132947-1_14_1/000132947-1_14_1.png,20,21,note.quarter-L5 note.quarter-S5 note.quarter-S4 note.quarter-L5 note.half-L4,count_mismatch
package_aa/000130171-1_1_1/000130171-1_1_1.png,18,19,note.half-L5 note.beamedRight1-S3 note.beamedLeft1-L4 note.quarter-S2 note.beamedRight1-S2,count_mismatch
package_aa/000105893-1_1_1/000105893-1_1_1.png,5,7,note.whole-S0 note.half-L1 note.half-S0 note.half-S1 note.half-S0,count_mismatch
package_ab/220015426-1_1_1/220015426-1_1_1.png,13,14,note.beamedRight1-L-1 note.beamedBoth1-S2 note.beamedBoth1-L2 note.beamedBoth1-S2 note.beamedBoth1-L3,count_mismatch
package_ab/190019999-1_1_1/190019999-1_1_1.png,15,16,note.half-L1 note.beamedRight1-L2 note.beamedLeft1-L1 note.beamedRight1-S2 note.beamedBoth1-S1,count_mismatch
package_aa/000115976-7_1_1/000115976-7_1_1.png,19,20,note.beamedRight1-S3 note.beamedLeft1-L4 note.quarter-S4 note.beamedRight1-S3 note.beamedBoth1-L2,count_mismatch
package_aa/000122995-1_1_1/000122995-1_1_1.png,25,26,note.beamedRight1-S2 note.beamedBoth1-S2 note.beamedBoth1-S2 note.beamedLeft1-S2 note.beamedRight1-S2,count_mismatch
package_ab/220030479-1_1_1/220030479-1_1_1.png,7,10,note.whole-S3 note.whole-S4 note.whole-L5 note.whole-S5 note.whole-S3,count_mismatch
package_ab/220000334-1_1_1/220000334-1_1_1.png,22,23,note.half-S-1 note.beamedRight1-L5 note.beamedBoth1-L4 note.beamedLeft1-L3 note.beamedRight1-L3,count_mismatch
package_ab/211004711-1_6_1/211004711-1_6_1.png,12,13,note.eighth-S4 note.eighth-L4 note.eighth-L4 note.eighth-L4 note.sixteenth-L4,count_mismatch
package_aa/100501093-1_1_1/100501093-1_1_1.png,7,10,note.half-S4 note.half-S4 note.half-L6 note.half-L6 note.half-S5,count_mismatch
package_aa/000108457-1_1_1/000108457-1_1_1.png,13,14,note.half-L3 note.half-L4 note.half-S1 note.eighth-L2 note.beamedRight1-S6,count_mismatch
package_ab/211005566-1_1_1/211005566-1_1_1.png,10,11,note.quarter-L4 note.quarter-L6 note.quarter-S7 note.quarter-S2 note.quarter-L1,count_mismatch
package_ab/220030271-1_1_2/220030271-1_1_2.png,8,9,note.whole-S4 note.half-S4 note.half-L4 note.half-S4 note.half-L3,count_mismatch
package_ab/225000879-1_1_1/225000879-1_1_1.png,9,11,note.whole-L2 note.half-L2 note.half-L2 note.whole-L3 note.half-S3,count_mismatch
package_ab/190001841-1_1_1/190001841-1_1_1.png,20,29,note.beamedRight1-L2 note.beamedLeft1-S4 note.beamedRight1-S2 note.beamedLeft1-S4 note.beamedRight1-L3,count_mismatch
package_ab/201007593-1_1_1/201007593-1_1_1.png,13,17,note.quarter-S0 note.half-S0 note.quarter-S0 note.half-S0 note.quarter-L2,count_mismatch
package_aa/000105052-1_6_1/000105052-1_6_1.png,8,11,note.half-L0 note.quarter-L1 note.quarter-L0 note.half-S0 note.half-L2,count_mismatch
package_ab/230005253-1_1_1/230005253-1_1_1.png,15,16,note.quarter-S0 note.quarter-S1 note.quarter-L2 note.quarter-S2 note.quarter-L3,count_mismatch
package_ab/230002893-1_3_1/230002893-1_3_1.png,11,12,note.half-L1 note.half-L1 note.half-L1 note.whole-S2 note.half-S1,count_mismatch
package_ab/220001517-1_16_1/220001517-1_16_1.png,17,18,note.quarter-L3 note.quarter-L3 note.quarter-L3 note.half-L4 note.quarter-L4,count_mismatch
package_ab/220015070-1_2_1/220015070-1_2_1.png,7,8,note.quarter-S3 note.half-L5 note.quarter-S3 note.half-L4 note.quarter-L4,count_mismatch
package_ab/220014868-1_1_1/220014868-1_1_1.png,6,8,note.whole-L2 note.half-S2 note.half-L2 note.half-S3 note.half-L3,count_mismatch
package_ab/220030370-1_1_2/220030370-1_1_2.png,6,8,note.half-L1 note.quarter-L3 note.quarter-S4 note.half-L4 note.half-L3,count_mismatch
package_ab/150205269-1_1_1/150205269-1_1_1.png,8,9,note.whole-S3 note.half-L3 note.quarter-S3 note.quarter-L4 note.quarter-S4,count_mismatch
package_ab/190013674-1_1_1/190013674-1_1_1.png,17,19,note.whole-S2 note.half-S3 note.half-S3 note.half-S3 note.half-S3,count_mismatch
package_aa/000100674-1_1_1/000100674-1_1_1.png,9,10,note.whole-L4 note.half-L3 note.half-S3 note.half-L4 note.half-S3,count_mismatch
package_aa/000121999-1_1_1/000121999-1_1_1.png,23,24,note.half-S0 note.quarter-L-1 note.quarter-S1 note.quarter-S0 note.quarter-S2,count_mismatch
package_ab/150202792-1_1_1/150202792-1_1_1.png,11,12,note.quarter-L7 note.half-L7 note.beamedRight1-S6 note.beamedLeft1-L6 note.beamedRight1-S5,count_mismatch
package_aa/000119263-1_1_1/000119263-1_1_1.png,12,13,note.half-S0 note.quarter-L0 note.half-L3 note.beamedRight1-L3 note.beamedLeft1-L1,count_mismatch
package_ab/230000770-1_1_1/230000770-1_1_1.png,12,13,note.quarter-S1 note.quarter-S2 note.quarter-L3 note.quarter-S3 note.quarter-S3,count_mismatch
package_ab/211008098-1_3_1/211008098-1_3_1.png,12,13,note.whole-S2 note.whole-S2 note.whole-S2 note.whole-S4 note.whole-S4,count_mismatch
package_ab/225003820-1_2_1/225003820-1_2_1.png,9,10,note.quarter-L0 note.quarter-L0 note.quarter-L0 note.quarter-L0 note.quarter-L-1,count_mismatch
package_aa/000101953-1_1_2/000101953-1_1_2.png,15,14,note.half-S3 note.half-S3 note.quarter-L3 note.quarter-S2 note.half-L2,count_mismatch
package_aa/100198459-1_1_1/100198459-1_1_1.png,11,12,note.half-S1 note.quarter-S1 note.quarter-S1 note.half-S1 note.quarter-S1,count_mismatch
package_ab/220015376-1_1_1/220015376-1_1_1.png,13,14,note.half-S2 note.quarter-S2 note.half-L2 note.quarter-L2 note.beamedRight1-S1,count_mismatch
package_ab/212002074-1_2_1/212002074-1_2_1.png,15,14,note.quarter-S4 note.quarter-S2 note.half-L6 note.quarter-L6 note.quarter-L6,count_mismatch
package_ab/230005247-1_1_1/230005247-1_1_1.png,19,20,note.quarter-L4 note.quarter-L4 note.quarter-L4 note.beamedRight1-S2 note.beamedLeft1-L3,count_mismatch
package_aa/000101899-1_1_1/000101899-1_1_1.png,11,12,note.half-S5 note.quarter-L5 note.half-L7 note.quarter-S6 note.quarter-S5,count_mismatch
package_aa/100500729-1_1_3/100500729-1_1_3.png,9,10,note.whole-S1 note.whole-L3 note.half-L2 note.half-S4 note.quarter-S4,count_mismatch
package_aa/000126993-1_1_1/000126993-1_1_1.png,35,37,note.half-S0 note.beamedRight2-S0 note.beamedBoth2-S1 note.beamedBoth2-L1 note.beamedLeft2-S0,count_mismatch
package_ab/220034330-1_4_1/220034330-1_4_1.png,11,12,note.quarter-S3 note.quarter-S3 note.quarter-L3 note.quarter-S2 note.half-L2,count_mismatch
package_ab/211004345-1_2_1/211004345-1_2_1.png,7,8,note.whole-L3 note.whole-L4 note.whole-L5 note.whole-S6 note.half-L4,count_mismatch
package_aa/000101562-1_1_1/000101562-1_1_1.png,11,10,note.quarter-S4 note.eighth-L5 note.eighth-S5 note.quarter-L5 note.quarter-S5,count_mismatch
package_ab/220032242-1_1_2/220032242-1_1_2.png,11,12,note.whole-S3 note.whole-L4 note.whole-S4 note.whole-L5 note.half-L4,count_mismatch
package_aa/100029583-1_1_1/100029583-1_1_1.png,7,8,note.half-L4 note.half-S5 note.half-S5 note.half-S5 note.half-S5,count_mismatch
package_ab/212001891-1_7_1/212001891-1_7_1.png,9,10,note.quarter-L3 note.quarter-S1 note.quarter-L2 note.half-S0 note.quarter-L1,count_mismatch
package_ab/211006179-1_1_1/211006179-1_1_1.png,10,11,note.whole-L4 note.half-L2 note.whole-L4 note.half-S3 note.whole-L5,count_mismatch
package_ab/220034587-1_2_1/220034587-1_2_1.png,8,9,note.half-L2 note.beamedRight1-L3 note.beamedLeft1-S2 note.half-L3 note.beamedRight1-L1,count_mismatch
package_ab/211006309-1_1_1/211006309-1_1_1.png,10,11,note.whole-S2 note.quarter-S1 note.quarter-L2 note.half-S2 note.whole-S0,count_mismatch
package_ab/212003384-1_1_1/212003384-1_1_1.png,21,20,note.quarter-L6 note.beamedRight1-S5 note.beamedBoth1-L5 note.beamedBoth1-S4 note.beamedLeft1-L4,count_mismatch
package_ab/211006989-1_4_1/211006989-1_4_1.png,9,11,note.whole-L3 note.whole-S3 note.whole-L3 note.whole-S3 note.whole-S4,count_mismatch
package_ab/230005700-1_1_1/230005700-1_1_1.png,12,14,note.quarter-S-2 note.quarter-L0 note.half-L1 note.beamedRight1-S0 note.beamedLeft1-S-1,count_mismatch
package_aa/000125088-3_1_1/000125088-3_1_1.png,7,8,note.whole-L1 note.whole-L3 note.whole-S1 note.whole-S3 note.whole-L2,count_mismatch
package_ab/201004478-1_1_1/201004478-1_1_1.png,11,13,note.eighth-S3 note.eighth-S3 note.half-S3 note.quarter-S3 note.quarter-S2,count_mismatch
package_ab/230003572-1_4_1/230003572-1_4_1.png,7,8,note.half-S2 note.half-S3 note.half-S4 note.half-S4 note.half-L6,count_mismatch
package_ab/190004669-1_2_1/190004669-1_2_1.png,6,7,note.half-S3 note.half-L2 note.eighth-L2 note.eighth-S3 note.eighth-L4,count_mismatch
package_ab/212001724-1_4_1/212001724-1_4_1.png,16,17,note.beamedRight2-S5 note.beamedBoth2-S4 note.beamedBoth2-S5 note.beamedLeft2-S4 note.beamedRight2-S5,count_mismatch
package_ab/212002069-1_1_1/212002069-1_1_1.png,17,15,note.beamedRight1-L4 note.beamedBoth1-S0 note.beamedLeft1-S0 note.eighth-S0 note.beamedRight3-S0,count_mismatch
package_ab/220030625-1_1_1/220030625-1_1_1.png,4,9,note.whole-S4 note.whole-L3 note.whole-S4 note.whole-S4 note.whole-S4,count_mismatch
package_aa/000106564-1_1_1/000106564-1_1_1.png,12,13,note.whole-L4 note.half-L4 note.half-L4 note.half-L4 note.quarter-L4,count_mismatch
package_ab/201009209-1_1_1/201009209-1_1_1.png,7,8,note.quarter-S3 note.sixteenth-S3 note.sixteenth-S3 note.eighth-S4 note.eighth-S3,count_mismatch
package_ab/220018403-1_2_1/220018403-1_2_1.png,7,8,note.half-S0 note.half-S1 note.half-L2 note.half-S2 note.half-S2,count_mismatch
package_aa/000119651-1_1_1/000119651-1_1_1.png,19,18,note.quarter-L6 note.quarter-S5 note.quarter-L6 note.quarter-S2 note.beamedRight1-S3,count_mismatch
package_ab/225000378-1_1_1/225000378-1_1_1.png,15,16,note.quarter-S1 note.quarter-S1 note.quarter-S1 note.quarter-L3 note.quarter-S2,count_mismatch
package_ab/230004325-1_2_2/230004325-1_2_2.png,10,11,note.half-L2 note.half-S3 note.half-L4 note.half-S4 note.half-L4,count_mismatch
package_aa/000109914-1_1_1/000109914-1_1_1.png,8,11,note.whole-L3 note.half-S1 note.half-S0 note.half-L1 note.half-L0,count_mismatch
package_ab/212003446-1_3_1/212003446-1_3_1.png,6,7,note.whole-L3 note.half-L4 note.half-S4 note.half-L5 note.half-L5,count_mismatch
package_ab/211007095-1_5_1/211007095-1_5_1.png,14,15,note.half-S1 note.beamedRight1-L1 note.beamedBoth1-S1 note.beamedBoth1-L1 note.beamedLeft1-S1,count_mismatch
package_ab/190009738-1_1_1/190009738-1_1_1.png,23,24,note.whole-S2 note.half-S3 note.beamedRight1-S4 note.beamedBoth1-S3 note.beamedBoth1-L3,count_mismatch
package_aa/100501051-1_4_3/100501051-1_4_3.png,6,7,note.half-L5 note.half-L3 note.whole-S3 note.quarter-S1 note.half-L2,count_mismatch
package_ab/220017729-1_3_1/220017729-1_3_1.png,11,12,note.half-L0 note.half-L2 note.half-S1 note.half-L1 note.half-S0,count_mismatch
package_aa/000124029-1_1_1/000124029-1_1_1.png,15,13,note.beamedRight3-L-1 note.quarter-S0 note.quarter-S1 note.quarter-S2 note.quarter-L2,count_mismatch
package_ab/220017472-1_2_1/220017472-1_2_1.png,10,11,note.half-L3 note.quarter-L3 note.quarter-L3 note.quarter-S4 note.quarter-L3,count_mismatch
package_ab/220032252-1_1_1/220032252-1_1_1.png,9,10,note.whole-L2 note.whole-L2 note.whole-S1 note.whole-L3 note.whole-S3,count_mismatch
package_ab/150200715-1_1_1/150200715-1_1_1.png,8,13,note.half-S2 note.half-S2 note.half-S2 note.half-L1 note.half-L2,count_mismatch
package_aa/000120646-6_1_1/000120646-6_1_1.png,3,6,note.whole-S4 note.whole-L3 note.whole-S4 note.whole-S2 note.whole-S4,count_mismatch
package_ab/230005988-1_1_1/230005988-1_1_1.png,8,9,note.half-L0 note.quarter-S-1 note.quarter-L0 note.quarter-S0 note.quarter-L1,count_mismatch
package_aa/000115172-1_1_1/000115172-1_1_1.png,18,19,note.whole-L4 note.half-L3 note.quarter-L3 note.half-L1 note.quarter-L1,count_mismatch
package_aa/000102397-1_1_1/000102397-1_1_1.png,11,12,note.eighth-S2 note.quarter-L3 note.eighth-S1 note.eighth-L2 note.quarter-L2,count_mismatch
package_aa/000126730-1_1_1/000126730-1_1_1.png,17,18,note.half-S0 note.quarter-S1 note.quarter-S2 note.quarter-L4 note.beamedRight1-S3,count_mismatch
package_aa/000120887-1_1_1/000120887-1_1_1.png,17,15,note.quarter-L4 note.quarter-S4 note.half-L5 note.half-L4 note.quarter-S4,count_mismatch
package_ab/230003277-1_2_1/230003277-1_2_1.png,10,11,note.half-S3 note.half-L2 note.half-S3 note.quarter-L2 note.quarter-L2,count_mismatch
package_ab/220010705-1_1_1/220010705-1_1_1.png,7,8,note.quarter-S3 note.quarter-S3 note.quarter-S5 note.quarter-S5 note.quarter-S3,count_mismatch
package_aa/100500561-1_2_2/100500561-1_2_2.png,11,12,note.whole-L3 note.whole-L3 note.half-S1 note.half-L2 note.whole-L3,count_mismatch
package_ab/220018403-1_1_1/220018403-1_1_1.png,11,12,note.half-S0 note.half-S2 note.half-S2 note.half-S2 note.half-S2,count_mismatch
package_ab/201001020-1_1_1/201001020-1_1_1.png,11,13,note.half-S0 note.whole-S0 note.quarter-S0 note.quarter-L1 note.quarter-S1,count_mismatch
package_ab/220001169-1_2_1/220001169-1_2_1.png,15,16,note.quarter-S0 note.quarter-S1 note.quarter-S2 note.quarter-L4 note.quarter-S0,count_mismatch
package_ab/211004478-1_5_1/211004478-1_5_1.png,7,8,note.whole-L3 note.whole-S3 note.whole-S4 note.whole-L5 note.half-L5,count_mismatch
package_ab/211006383-1_1_1/211006383-1_1_1.png,6,9,note.whole-L3 note.whole-L3 note.whole-L3 note.whole-S1 note.whole-S1,count_mismatch
package_ab/201007623-1_1_1/201007623-1_1_1.png,13,14,note.half-S1 note.half-S1 note.half-S3 note.half-S2 note.half-L2,count_mismatch
package_aa/000106221-3_1_1/000106221-3_1_1.png,17,18,note.eighth-L3 note.beamedRight2-L3 note.beamedBoth2-S2 note.beamedBoth2-S3 note.beamedLeft2-L3,count_mismatch
package_ab/211003305-1_1_1/211003305-1_1_1.png,1,8,note.whole-S0 note.half-S0 note.half-L2 note.whole-S0 note.half-L2,count_mismatch
package_aa/000107941-1_2_1/000107941-1_2_1.png,14,15,note.half-S4 note.beamedRight1-S4 note.beamedBoth1-S5 note.beamedBoth1-S6 note.beamedLeft1-S5,count_mismatch
package_aa/100230431-1_1_1/100230431-1_1_1.png,7,8,note.whole-S1 note.half-S1 note.half-L2 note.half-S2 note.half-L3,count_mismatch
package_ab/220010905-1_10_1/220010905-1_10_1.png,9,16,note.quarter-S4 note.eighth-L3 note.sixteenth-L3 note.sixteenth-L3 note.quarter-S3,count_mismatch
package_ab/211008487-1_68_1/211008487-1_68_1.png,18,19,note.half-S0 note.beamedRight1-L6 note.beamedBoth1-L5 note.beamedBoth1-L6 note.beamedLeft1-L5,count_mismatch
package_ab/201008888-1_1_1/201008888-1_1_1.png,11,13,note.whole-L1 note.half-L1 note.half-L2 note.half-L2 note.half-S1,count_mismatch
package_ab/190005785-1_1_1/190005785-1_1_1.png,5,7,note.half-L1 note.half-S0 note.quarter-L1 note.half-L0 note.quarter-S0,count_mismatch
package_ab/230002048-1_5_1/230002048-1_5_1.png,7,8,note.half-L3 note.quarter-L3 note.quarter-L3 note.half-S3 note.half-S3,count_mismatch
package_aa/000120485-1_1_1/000120485-1_1_1.png,17,13,note.beamedRight3-S0 note.beamedBoth3-L1 note.beamedLeft3-S1 note.eighth-L2 note.beamedRight1-S0,count_mismatch
package_ab/211003696-1_1_1/211003696-1_1_1.png,7,8,note.half-L4 note.quarter-L4 note.quarter-L4 note.quarter-L4 note.quarter-S4,count_mismatch
package_ab/220015625-1_1_1/220015625-1_1_1.png,13,14,note.half-L4 note.half-L4 note.half-S3 note.half-L3 note.half-L4,count_mismatch
package_ab/211010260-1_1_1/211010260-1_1_1.png,8,9,note.whole-L3 note.whole-L3 note.whole-S3 note.half-S3 note.half-L4,count_mismatch
package_ab/211002810-1_1_1/211002810-1_1_1.png,7,9,note.whole-L4 note.whole-S4 note.half-L4 note.half-L3 note.whole-S3,count_mismatch
package_aa/000110687-1_1_1/000110687-1_1_1.png,18,19,note.quarter-S1 note.quarter-S2 note.quarter-S1 note.quarter-S3 note.quarter-S2,count_mismatch
package_aa/000107740-1_1_2/000107740-1_1_2.png,12,13,note.half-S2 note.beamedRight1-L2 note.beamedLeft1-S2 note.beamedRight1-L3 note.beamedLeft1-S2,count_mismatch
package_ab/220031094-1_1_1/220031094-1_1_1.png,7,8,note.whole-S4 note.half-L4 note.half-S3 note.whole-L3 note.half-S4,count_mismatch
package_ab/225001711-1_1_1/225001711-1_1_1.png,7,8,note.half-L2 note.quarter-L2 note.quarter-S2 note.half-L3 note.half-S2,count_mismatch
package_aa/000120324-3_1_1/000120324-3_1_1.png,15,16,note.beamedRight1-L2 note.beamedBoth1-S1 note.beamedBoth1-L2 note.beamedBoth1-S2 note.beamedBoth1-L3,count_mismatch
package_aa/000120921-1_1_1/000120921-1_1_1.png,18,17,note.quarter-S3 note.quarter-L5 note.quarter-L5 note.quarter-L5 note.quarter-S4,count_mismatch
package_aa/100500516-1_2_2/100500516-1_2_2.png,8,9,note.whole-S2 note.whole-S2 note.whole-L2 note.half-S1 note.half-S-1,count_mismatch
